OutRecID,FirstName,MiddleName,LastName,StreetNumber,StreetName,StreetSuffix,UnitType,UnitNumber,City,State,ZIP,MailType,MailAddr1,MailAddr2,MailCity,MailState,MailZIP,SSN,DOB
A101972,Karina,,varju,3610,73rd,pl,,,vero   beach,fl,32967,PO BOX,14186,1896,vero beach,fl,32961,056896080,1954-08-02
A106778,KARINA.,,VARJU,03610,73TH,PL,,,vERo_Beach,FL,32967,P O BOX,14186,1896,Vero Beach,FL,3296I,056-89-608O,19540802
A104577,Fransesco,LILIA,SOLA,361O,73RD PL,,,,Vero   Beach,Fl,3296,POBX,14186,,VERO BEACH,FL,32961,,
A102139,Karina,,VARJU,1438,Flatwod,Ct.,,,Trinity,florida,34655,,,,,,,056896080,1954
A103530,KARINA,,VARJU,1438,Flatwood Ct,,,,Trini_ty,FL,34655,,,,,,,056-89-6080,
A105569,Karin,,Varj,143-8,flatwood,ct,,,"TRINI,TY",FL,3465S,,,,,,,,54/08/02
A103843,Alberto,,Hernanndez,2697,73rd,Pl,,,hialeah,FL,33016,POBOX,976,126743,Hialeah,FL,33012,,1958/01/22
A100721,A. Hernandez,,,2697,73RD,PL,,,HIALEAH , FL ,330l6,P O BOX,976,,Hialeah,FL,33012,056 89 6407,19580122
A105667,Alberto,,HERNANDEZ,02697,73Rd,PL,,,HIALeah,fl,33016-,PO BOX,976,126743,hialeah,FL,33012,056-89-6407,19580122
A102117,ALBERTO,,HERNANDEZ,269 7,73RD PL,,,, hialeah,Fl,330l6,P0 BOX,976, l26743 , Hialeah,FL,330120,56896407,
A103032,ALBERTO,,hernandez,2697,73RD,,,,hialeah,FL,33016,,,,,,,056-89-6407,1958
A106537,Henry,,Watson,1422,219th,ST.,,,torrance,Ca,90501,,,,,,,056896080,08-02-1954
A101229,K. Hernandez,,,1422,219TH ST,,,,"TORR,ANCE",CA,9050I,,,,,,,,1954/08
A104970,Karena,,Hernandez,14 22,219TH,st,,,Torrance,CA,90501,,,,,,,056-89-6080,
A107209,Karina,,HERNANDEZ,1422,219th st,,,,torraance,CA,95001,,,,,,,056-89-6080,19540802
A101325,Al berto,,hernandez,1422,219TH,ST,,,Torrance,CA,90501,,,,,,,056 89 6407,19580122
A104224,A.Hernandez,,,1422,219th st,,,,torranc,CA,905O1,,,,,,,,1958-01-22
A100029,alberto,,HERNANDEZ,14 22,219TH,St.,,,TORRANCE,ca,90501,,,,,,,056-89-6407,
A104787,ALBERTO,,HERNANDEZ,1422,219TH,,,,torr a nce,CA,90501,,,,,,,,58/1/22
A102049,KARINA,,hernandez,124O8,SUMMERS,ST,Apartment,B,waterford,CA,95386,,,,,,,,19540802
A101146,K.VARJU,,,12408,Summers st,,APT,B,WATERFORD,CA,9538,,,,,,,056-89-6080,
A104077,Karina,,Hernandz,12408,SUMMERS,ST.,APT,b,Waterford,CA,95386,,,,,,,056-89-6080,54-08
A104507,KARINA,,HERNANDEZ,124.08,SUMMERS,ST,,,WATERFORD,CA,95386-,,,,,,,56896080,
A106263,Alberto,,hernandez,12408,Summers St,,Apt.,B,Water ford,CA,95386 ,,,,,,,056-89-6407,19580122
A101613,A.Hernandez,,,124O8,SUMMERS,ST,APT,B,WATERFORD ,CA,9538G,,,,,,,,1980-01-22
A103768,M Lewis,,Qgley,12408,SUMMERS,ST,,,waterford,ca,95386,,,,,,,075976448,
A106984,JO,Daniel,Polanco ,8240,Crowder,ln,,,roseville,ca,95747,POB,4262,852,Roseville,CA,95661,075-96-4489,1962-12-12
A100413,J. POLANCO,,,08420,CRO WDER LN,,,,ROSEVILLE,CA,95747,P.O. BOX,4262,,ROSEVI LLE,CA,95661,075964489,
A103979,joe,,Polanco,824o,Crowder,Ln.,,,RO SEVILLE,CA,95747,POBOX,4262,852,Roseville,CA,9566,,1962
A104337,Jo,Danl.,POLANCO,1078,Sparow,Ln,,,Fair Field,CA,94533,,,,,,,075 96 4489,19621212
A102651,JO,,POLANCO,1078,SPARROW LANE,,,,fairfield,CA,94533,,,,,,,075964489,
A101764,J POLANCO,,,107-8,SPARROW,LN,,,faIrfield,ca,94533,,,,,,,,1962-12-12
A103244,JOE,,POLANCO,1078,SPARRoW,LN,,,FAIRFIELD,CA,94533-,,,,,,,075-96-4489,62/12
A101198,J. POLANCO,,,1078 ,SPARROW LN,,,,fairfield,CA,9453S,,,,,,,075-964-489,1962
A103382,Jim,Marie,Lewis,1078,SPARROW,LN,,,farfield,CA,94533,,,,,,,,1962-12-12
A103191,JO.,daniel,Polanco,3450,Phoebe,ct.,,,west covina,CA,91792,,,,,,,075964489,19621212
A104988,J POLANCO,,,3450,PHOEBE CT,,,,"west,covina",CA,91729,,,,,,,,62/12/12
A103952,Joe,,Polanco,03450,phoebe,Ct,,,WEST   COVINA,CA,91792,,,,,,,075-96-4489,
A105410,ALBERTO.,,HERNÁNDEZ,5722,Monaco,DR,,,palmdale,ca,93552,,,,,,,075-97-7448,19720607
A100326,alberto,,hernandez,5 7 2 2,MONACO DR,,,,PALMDALE,CA,93552-,,,,,,,,1972-06-07
A103775,A.Hernandez,,,5722,monnaco,dr.,,,Palmdale,CA,93552,,,,,,,075-97-7448,
A100319,Alberto,,HERNANDEZ,2932,GLENEDEN ST,,,,"los,angeles",CA,90039,,,,,,,075-97-7448,72-06-07
A101207,A. Hernandez,,,2932,Gleneden,St.,,,LOS ANGELES,CA,9003E,,,,,,,,19720607
A107243,Alberto,,hernadez,02932,Glen eden,ST,,,los angeles,ca,90039,,,,,,,075 97 7448,
A106465,M R Valle,,,719,ardMORE,AVE,,,Los Angeles,CA,90029,,,,,,,075977448,1972-06-07
A107257,ALBERT,,HERNANDEZ,719,ARDM0RE,AV,,,LOS ANGELES,CA,90029,,,,,,,075-97-7448,
A103572,A. H.,,HERNANDEZ, 719 ,ARDmore,Ave,,," LOS,Angeles",CA,90029,,,,,,,075-97-7448,72-06-07
A100850,ALBERTO,,HERNANDEZ,719,ARDMORE,,,,Los Angeles,CA,9002q,,,,,,,075977448,19720607
A104151,Jo,Danl,HERNANDEZ,11604,ATLANTIC,AVE,,,Lynwood,CA,90262,,,,,,,075-96-4489,19621212
A104384,J. D.,,Hernndez , 11604,ATLANTC,AVE,,, LYNWOOD,CA,90262,,,,,,,075964489,
A103463,JODY,,HERNANDEZ,11604,ATLANTIC,AV,,,lyNWOOD,CA,90262,,,,,,,075-96-4489,1962-12-12
A100900,JO DANIEL,,HERNANDEZ,11604,ATLANTIC,AVE,,,LYNWOOD,CA,90262-,,,,,,,,196212
A103222,alberto,,hernandez,11604,ATLA N TIC,AVE,,,LYNWOOD,CA,90262,,,,,,,075-97-7448,1972-06-07
A100426,A. Hernandez,,HERNANDEZ,11604,ATLANTIC,AVE,,,lyNwood,CA,9026z,,,,,,,,19720607
A105517,ALB3RTO,,HERNANDEZ,11604 ,ATLANTIC,AV.,,,LYNWOOD,CA,90262,,,,,,,075-97-7448,
A102926,AMIE,,LITTLE,1684,PERWINKLE,RD,,,Ore City,TX,75683,,,,,,,022-21-6418,1911-11-04
A102736,A Little,,LITTLE,1684,PERIWINKLE,RD.,,,ORE CITY,TX,75683,,,,,,,,19111104
A105727,AMY,, litle , 1684,PERIWINKLE,,,,ORECITY,TX,75683,,,,,,,022216418,1911/11/04
A105507,J. CHEMAGNE,,CHAVEZ,1684,PERIWINKL3,RD,,,ORE CITY,TX,7568t,,,,,,,022-21-6418,
A104214,AMY,,LITTEL,2637,BIG SPRING,DR,,,Ft Worth,TX,76120,,,,,,,022-21-6418,19111104
A100862,Maria ,,REED,2637,BIGSPRING,DR,,,FORT WORTH,TX,7612O,,,,,,,022216418,
A104382,A. Little,,LITTLE,2637,BIG SPRING,DR.,,,FORT WORTH,TX,76120,,,,,,,,1911-11-04
A103621,AMY LYTTLE,,LITTLE,2637,BIG SPRING,,,,"FORT,WORTH",TX,76120,,,,,,,022-21-6418,191111
A106754,AMIE,,LITTLE ,2637,BG SPRING,DR,,,FORT WORTH,TX,76120,,,,,,,002-21-6418,19111104
A106859,A.,,LITTLE,2637,BIG SPRING,DR,,,FORT WORTH,TX,76120 ,,,,,,,,
A102508,AMY,,LITTLE,1602,ALCAZAR,PLZ,,,Dallas,TX,75211,,,,,,,022-21-6418,1911-11-04
A102348,A. LITTLE,,LITTLE,1602,ALCAZAR,PLZ.,,,DALLAS,TX,7521I,,,,,,,,19111104
A105529,Ami,,LITTLE,1602 ,ALCAZAR,PLZ,,,DALLAS,TX,75211,,,,,,,022-21-6418,
A102846,AMY,,LITTL3,1602,ALCZAR,PLZ,,,DALLAS,TX,75211,,,,,,,022216418,19111104
A101932,Chris,,EVANS ,9421,BLUEBIRD,DR,,,Tampa,FL,33647,P O BOX, 1885 ,76972, TAmPA,FL,33675,022-22-6441,
A101425,CHRISTOPHER,,EVANS,9421 ,BLUBIRD,DR.,,,TAMPA,FL,33647,PO BOX,1885,76972,TAMPA,FL,3367x,022226441,1921-05-06
A102859,C. Evans,,EVANS,9421,BLUEBIRD,DR,,,TAMPA,FL,33647,POBX,1885,76972,TAMPA,FL,33675,,19210506
A101614,CHRISTOPHER,,EVEN,9421,BLUEBIRD,DR,,,TAMPA,FL,33647,PO BOX,1885,76972,TAPA,FL,33675,022-22-6411,19210506
A102214,C.,,EVANS,9421,BLUEBIRD,,,,TAMPA,FL,33647,P O BOX,1885,76972,TAMPA,FL,,022-22-6441,192105
A100690,CHRISTOPHER,,EVANS,9421,BLUBIRD,DR,,,Tam pa,FL,33647,PO BOX,1885 ,76972,TAMPA,FL,33675,,19210506
A101945,CHRISTOPHER,,EVANS,3287,AMBERLY PARK,CIR,,,Kissimee,FL,34743,PO Box,2938,421136,KISSIMMEE,FL,34742,022-22-6441,1921-05-06
A104188,C. Evans,,EVANS,3287,AMBERLEY PARK,CR,,,KISSIMMEE,FL,34743,,,,,,,,19210506
A103644,Chris,,EVANS,3287,AMBERLY PARK,CIR,,,KISSIMMEE,FL,34743 ,P0 BOX,2938,421136 ,KISSIMMEE,FL,34742,022226441,
A105004,ROBERT,,SANCHEZ,3287,AMBERLEY PARK,CIR,,,KISSIMMEE,FL,34743,po box,2938 ,421136,kissimmee,FL,34742,,
A104737,CHRISTOPHER,,EVANS,3287,AMBERLEY PARK,CIR,,,KISSIMEE,FL,34743,PO BOX,2938,421136,KISSIMEEE,FL,34742,022-22-6441,19210506
A103405,AMY,,EVANS,30343,STAPLETON,ST,,,Wesley Chapel,FL,33545,,,,,,,022-21-6418,1911-11-04
A102929,A. EVANS,,EVANS,30343,STAPLETON,ST,,,WESLEY CHAPEL,FL,3354S,,,,,,,,19111104
A104926,AMALIA,KAREN,SMALLEY,30343,STAPLETON,ST,,,"WESLEY,CHAPEL",FL,33545,,,,,,,022216418,
A103258,CHRISTOPHER,,EVANS,30343,STAPLETON,ST.,,,WESLEY CHAPEL,FL,33545,,,,,,,022-22-6441,1921-05-06
A107143,CHRIS,,EVANS,30343,STAPLETON,ST,,,WESLEYCHAPEL,FL,33545,,,,,,,022226441,
A101707,C. EVANS,,EVANS,30343,STAPLETON,ST,,,WESLEYCHAPEL,FL,33545,,,,,,,,19210506
A105850,CHRISTOPHER,,EVEN,30343,STAPLTON,ST,,,WESLEY CHAPEL,FL,3354S,,,,,,,022-22-6441,19210506
A106990,AMY,,DOLIMONT,501,MAIN,,,,Bardwell,TX,75107,,,,,,,096-71-4883,19330304
A105717,AMY,,DOLlMONT,501,MAIN,,,,BARDWELL,TX,751o7,,,,,,,,1933-03-04
A103089,A Dolimont,,DOLIMONT,501 ,MAIN,,,,BARDWELL,TX,75107,,,,,,,096714883,
A103962,AMY ,,DOLIMONT,501,MA1N,,,,BARD WELL,TX,75107,,,,,,,096-71-4883,193303
A104767,AMIE,,DOLIMONT ,501,MAIN,,,,BARDWELL,TX,75107,,,,,,,096-71-4883,1933/03/04
A101563,A.,,DOLIMONT,501,MAIN,,,,BARDWELL,TX,75107,,,,,,,,
A104098,AMY,,DOLLMONT,1103,15TH,ST,,,MCALLEN,TX,78501,PO BOX,10837 ,52840,MCALLEN,TX,78505,096-71-4883,1933-03-04
A104083,AMIE,,DOLIMONT,1103,15TH,ST,,,McAllen,TX,78501,PO BX,10837,52840,MCALLEN,TX,78505,,19330304
A103081,A. DOLIMONT,,DOLIMONT,1103,15TH,ST.,,,MCALLEN,TX,78501,PO BOX,10837,52840,MCALLEN,TX,78505,096-71-4883,
A102676,AMY,,DOLIMONT,1103,15TH ,ST,,,MCALLEN,TX,785O1,PO BOX, 10837 ,52840,MCALLEN,TX,78505,096-71-4883,1933/03/04
A103190,SUSAN,ANN,VASQUEZ,1103,15TH,ST,,,MCALLEN,TX,78501,,,,,,,,
A106555,Amy,,Dolimont,12150,St Lucia,,,,el paso,TX,79936,,,,,,,096714883,1933-03-04
A100540,AMIE,,D0LIMONT,12150,saintlucia,,,,ElPaso,TX,79936-,,,,,,,096-71-4883,
A103524,A.,,Dolimont,12150,SAINT LUCIA,,,,EL PASO,Tx,79936,,,,,,,,19330304
A103095,AMY,,DOLIMONT,12150,SAINT-LUCIA,,,,El_Paso,TX,79936,,,,,,,096-71-8843,19330304
A102553,A M Y,,Dolimont,12150,Saint Lucia,,,,EL PASO,tx,7936,,,,,,,096-71-4883,1933
A103155,fady,ALAN,evans,7509,BERGEN,wy,,,"RIO,LINDA",CA,95673,,,,,,,096-71-8059,1936-03-22
A100474,F.A.,,EVENS,07509,bergem,WAY,,,riollnda,CA,95673A,,,,,,,096718059,
A107183,FADY,A.,EVANS,7509,BERGEN,W,,,rio linda,ca,95673,,,,,,,096-71-8590,36-03-22
A101415,Fay,,Evans,7509,Bergen Wy,,,,RIO LINDA,CA,95763,,,,,,,096-71-8059,19360322
A107169,FADY,A.,EVENS,33472,WASHINTON,DR,,,yucaipa,CA,92399,,,,,,,096718059,1936/03/22
A102850,FADY,ALAN,EVANS,33472,WASHINGTON DRIVE,,,,YUCAIPA,Ca,92399,,,,,,,,22-03-1936
A100639,David,,Ramrez,33472,Washon,Dr,,,Yucaipa,CA,9239,,,,,,,096-71-8059,
A105260,M Q,,Quiggly,33472,WASHTON,DR,,,yu caipa,CA,92399,,,,,,,096-71-8059,19360322
A103804,Amie,,Evans,30327,Twain Dr,,,,Menifee,CA,92584,,,,,,,096714883,1933-03-04
A106678,a.m.y.,,EVA NS,30327,TWAIN,Dr,,,menifee,ca,92584,,,,,,,096-71-4883,
A103833,Amy,,Evans,30327,TWA1N,DR,,,MENIFEE,CA,9254,,,,,,,096714883,19330304
A106176,AMY,,EVANS,30 327,Twain,DR,,,MENIFEE,CA,92584,,,,,,,,
A105997,AMY,,EVANS,30327,TWWAIN,,,,MENEFE,CA,92584,,,,,,,096-71-4883,1933
A105554,Fady,ALAN,EVANS,30327,Twain Dr,,,,menifee,CA,92584,,,,,,,096-71-8059,19360322
A103976,Fadey,ALAN,EVENS,30327,TWAIN,RD,,,MENIFEE,CA,92584,,,,,,,096-71-8059,
A101752,F.A.,,Evans,30327,TWAIN,Dr,,,MENIFEE,CA,92584,,,,,,,,1936-03-22
A101916,Kenneth L.,,Newton,2736,KING,RD,,,SanJose,CA,95122,,,,,,,096-71-4883,19330304
A102254,A M Y,,evans,2736,King RD,,,,SAN JOSE,Ca,9512,,,,,,,096-71-4883,33-03-04
A107184,amy,,evans,02736,KIN6,RD,,,San jose,CA,95122,,,,,,,,19330304
A100345,fady,alan,evans,2736,king,rd,,,san jose,ca,95122,,,,,,,096-71-8059,19360322
A104532,FADY,ALAN,EVNS,2736,KING,RD,,,SANJOSE,CA,95122,,,,,,,0967178059,
A104949,F. A.,,Evans,2736,King Rd,,,,San Jose,Ca,95122B,,,,,,,096-71-8059,1936/03/22
A103090,Faddy,ALAN,Evans,2736,KING,RD,,,SAn jose,CA,95122,,,,,,,,19360322
A104202,F. ALAN,,EVENS,2736,KINGRD,,,,San Jose,CA,95122,,,,,,,096-71-8059,
A100532,Fadey,,Evans,2736,KIN6,RD,,,San Jose,Ca,9512,,,,,,,096-71-8059,19360322
A103630,A.M.Y,,evans,1503,DEL MONTE AVENUE,,,,Salinas,CA,93905,,,,,,,096-71-4883,19330304
A100036,AMY,,EVANS,15O3,DEL MONTE,AVE,,,salinas,ca,93905,,,,,,,096714883,1933
A106837,Amy,,Evans,1503,DEL.MONT,,,,SALINAS,CA,939O5,,,,,,,,
A100184,FADY,ALAN,EVANS,1503,DEL MONTE,AV,,,Salinas,CA,93905,,,,,,,096718059,1936-03-22
A101318,Fady,,Evans,1503,DEL MONTE ave,,,,salinas,ca,93095,,,,,,,096-71-8059,19360322
A105415,Crystal,,hernandez,1503,DelMonte,Ave,,,SALINAS,CA,93905,,,,,,,096-71-8059,
A106119,FADY,ALAN,EVENS,01503,DEL MONTE,AVE,,,Salinas,CA,93905,,,,,,,,36/03/22
A102015,FADY,,EVANS,1503,DEL MONTE,AVE,,,SALINAS,CA,939O5,,,,,,,096-71-8059,19360322
A107179,Angela,,Barner,1205,Kathy,Ln,,,Santa ana,CA,92704,POBox,36516,10014,Santa Ana,ca,92711,041081001,19450711
A101699,A. BARNER,,BARNER,1205,KATHY LN.,,,,SANTA ANA,CA,92704,P O BOX,36516,10014,SANTA ANA,CA,9271,,1945-07-11
A107004,ANGELA,,BARNER,1205,KATHY,LN,,,SantaAna,CA,927O4,PO BOX,36516,10014,SANTA ANA,CA,92711,041-08-1001,
A101119,Angela,,Barner,01205,KATHY,LANE,APT,1,SANTA ANA,CA,92704,"Po,Box",36516,10014,Santa Ana,CA,92711,041-08-1001,19450711
A101731,ANGIE,,BARNER,1205,CATHY,LN,,,SANTA ANA,CA,92704,P0 B0X,,10014,SANTA ANA,CA,92711A,041-08-1001,19450711
A101557,Angela,,Barner,7101,tanager,dr,,,carlsbad,CA,92011,POBOX,1916,130967,Carlsbad,CA,92013,041-08-1001,19450711
A101908,A. BARNER,,BARNER,07101,TANAGER DRIVE,,,,CARLSBAD,CA,9201,P O BOX,1916,130967,CARLSBAD,CA,92013A,,19450711
A103468,ANGELA,,BARNER,7101,Tanager,Dr.,,,"Carl, sbad",CA,92011,PO BOX,1916,130967,Carlsbad,CA,92013,041081001,1945-07-11
A106834,Angela,,Barner,7101,TANAGER,DR,,A,Carlsbad,Ca,92011,"Po,Box",1916,130967,Carlsbad,CA,92013,041-08-1001,19450711
A104849,MICHEL,,LOPEZ,7101,Tanagar,DR,,,CARLSBAD,CA,92011,P0 B0X,,130967,CARLSBAD,CA,92013,041-08-1001,19450711
A103481,DIANNA,M,RIVERA,20514,Raymond Av,,,,Torrance,CA,90502,,,,,,,041-08-1001,19450711
A100400,ANGELA,,BAR NER,020514,RAYMOND,AVE,APT,B,TORRANCE,CA,9502,,,,,,,041081001,
A105664,Jen Warner,,RYDER,20514,RAYMOND,AVE,,,"Torrance,CA",,90502,,,,,,,,1945-07-11
A101632,David,,Ramirez,9301,TWINOAKS,DR.,,,manvel,TX,77578,,,,,,,041083281,1952-07-16
A103586,C.,,Estrada,9301,TWIN OAKS,DR,,,Manvel ,TX,77578-,,,,,,,041-08-3281,
A100658,CAREL,,ESTRADA,9301,Twin Oaks,Dr,,,MANVEL,TX,7758,,,,,,,041-008-3281,19520716 
A100700,KARL,,Estarada,930 1,TWIN OACKS,DR,,,Manvel,TX,77578,,,,,,,,1952
A106040,Carl,,Estrada,930I,TWIN OAKS,DRIVE,,,MANUEL,TX,77578A,,,,,,,41083281,16/07/1952
A103166,c Estrada,,,9301,TWNOAKS,,,,manve l,TX,75778,,,,,,,,
A104142,Car1,,Estrada,9929,Plainfeild,Dr,,," Ft,Worth",TX,76108,,,,,,,041083281,1952-07-16
A101243,Carl,,E STRADA,99 29,PLAINFIELD,DR.,,,fort worth,TX ,76108a,,,,,,,,19520716
A101899,C.,,Estrada,9929,PLANFIELD DR,,,,FtWorth,TX,76108,,,,,,,041-08-3281,
A106037,CARL,,ESTRAD0,144,CHESSAR,,,,KYLE,TX,78640,,,,,,,041-08-3281,19520716
A100178,Carl,,Estrada,144 ,CHSSE R,,,,Kyle,TX,7864,,,,,,,041083281,1952/07/16
A105688,C Estrada,,,1 44,CHE S S E R, ,,,KYLE,TX,78640 ,,,,,,,,1952
A106190,KARL,,ESTRADA,144,chesser,,,,kyle,TX,78640,,,,,,,041-08-3281,19520716
A102706,Carle,,Estrada,I44,Chesers,,,, Kyle,TX,786401,,,,,,,041083281,
A103227,C.,,Estrada,144,CHESER,,,,"kyle,",tx,78460,,,,,,,041-08-328,1952-07
A105467,Angela ,,Estrada,12460,STRICK,LN,,,houston,TX,77015,,,,,,,041081001,1945-07-11
A107075,A.,,Estrada,12460 ,STR1CK,LN,,,Huston,TX,7701,,,,,,,041-08-1001,19450711
A101113,ANGELA,,ESTRADA,12460,ST RICK,LN,,,houston,tx,,,,,,,,,
A101095,CARL,,ESTRADA,12460,STRICK,LN,,,Houston,TX,77015,,,,,,,041-08-3281,19520716
A101942,C.Estrada,,,1246o,STRIC,,,,HOUSTN,TX,770I5,,,,,,,,1952-07-16
A100587,carl,,strada,12460,STRICK LN,,,,"houston,",TX,77015,,,,,,,41083281,
A106790,Karl,,Estrada,12460,Strik,LN.,,,Houston,Tx,77015,,,,,,,041-08-3281,1952
A102932,MICHAEL,A,WOOTEN,12460,STRCK,LN,,,HOUSTON,TX,,,,,,,,,
A102888,Angela,,Estrada,825,KIOWA,Dr,,,lAKE KIOWA,TX,76240,,,,,,,045161170,1945-07-11
A100825,A. Estrada,,,825,KI OWA,DR.,,,"lake,kiowa",TX,7624O,,,,,,,041-08-100,194507
A106503,Angella,,Estrada,825 ,KIOWA,DRIVE,,,LAKE KIOWA,tx,76240-,,,,,,,,1945/07/11
A103330,RICHARD,,GONZALEZ,825,KIOWA DR,,,,LakeKiowa,TX,76240,,,,,,,041-08-1001,
A103073,Angela,,Estarada,825,KOWIA,DR,,,lake kiowa,TX,76240,,,,,,,041-08-1001,1945-07-11
A101809,Carl ,,Estrada,825,KIOWA,DR,,,LAKE KIOWA,TX,76240,,,,,,,041083281,1952-07-16
A106687,C.,,Estrada,825,Kiowa DR,,,,"Lake,KIOWA",tx,76240,,,,,,,,19520716
A100782,KARL,,ESTRADA,825,KIOWA,DR.,,,lake kiowa,TX,7624O ,,,,,,,041-08-3281,
A102391,Carl Estrada,,,825,KIOWA,DR,,,LAKE KIOWA,TX,,,,,,,,,1952
A100812,Angela,,Estrada ,105,maplewood,blvd,,,COCOA,FL,32926,,,,,,,045161170,1962-08-28
A101449,JAMES,,PEREZ,105 ,MAPLE WOOD,BLVD.,,,"Cocoa,",FL,3292,,,,,,,,19620828
A105267,Angla,,Estrada,I05,MAPLEWOOD BLVD,,,,COCOA,Fl,32926,,,,,,,045-16-1170,
A105578,Angela,,Estrada,170,Sherwood,Ave,,,satellite beach,FL,32937,P O BOX,31570,37262 4,SATELLITE BEACH,FL,32937-,045161170,19620828
A104880,A. Estrada,,,170 ,SHERWOOD,AVE.,,,"satellite,beach",FL,32937a,PO.BOX,31570 ,72624,SATELLITE BEACH,Fl,32937,045-16-1170,
A104713,ANGELA,,ESTRADA,170,SHERWOOD AVE,,,,SATELLITEBEACH,FL,32937,"po,bo",31570,372624,satellite beach,FL,32937,,1962-08-28
A105978,FERDINAND,,KHALIL,4647,NORTHFIELD,PL,,,LAND O LAKES,FL,34639,,,,,,,045178008,1964-04-26
A103507,F. Khalil,,,4647 ,NORTH FIELD,PL.,,,"land o,lakes",Fl,34639,,,,,,,,19640426
A105206,FERDINAD,,KHALIL,4647,NORTHELD,PL,,,LAND O LAKES,FL,3469,,,,,,,045-17-8008,
A106182,FERDINAND,,KHALIL,46 47,NORTHFIELD PL,,,,Land O Lakes,FL,34639,,,,,,,,1964
A104178,NICHOLE,,HIDALLGO,125,MEADOWRUN,DR,,,Madison,FL,32340,PO BOX,16035,556,MADISON,FL,32341,045-17-8008,19640426
A102588,ferdinand,,khalil,125,MEADOW RUN DR,,,,madison,Fl,3234O ,"po,box",16035,556,MADISON,FL,32341,045-17-8008,
A102598,F. Khalil,,,I25,MEADOW RUN,DR.,,,"madison,",FL,32340,PO.BOX,16035,556 ,madison,FL,32341,,1964-04-26
A103669,FERDINAND,,KHALLIL,125,MEADOWN,DR,,,Madison,FL,32340,PO BOX,16035,556,MADISON,FL,32341a,,19640426
A100191,FERDINAND,,KHALIL,12 5,MEADOW RUN,DR,,,MADISON,FL,32340,P0 B0X,16035,,MADISON,FL,32341,045178008,1964
A105568,Angela,,KHALIL,6043,hwy 98,,,,PANAMA CITY,FL,32404,,,,,,,045-16-1170,1962-08-28
A101900,A. Khalil,,,6043 ,HWY98,,,,"panama,city",Fl,32404 ,,,,,,,045161170,19620828
A102467,ANGELA,,KHALIL,6043,HWAY 98,,,,PANAMA CITY,FL,324O4,,,,,,,,
A104316,Ferdnand,,KHALIL,6043,highwaiy 98,,,,Panama city,FL,3240A,,,,,,,045178008,1964-04-26
A102905,ferdinand,,Khalil,604 3,hwy 98,,,,"panama,city",fl,32404,,,,,,,045-17-8008,
A102871,F. KHALIL,,,6043,HIGHWAY 98,,,,PNMA CITY,FL,32404,,,,,,,,19640426
A102425,FERDINAND,,KHALIL,6043,HIWAY 98,,,,PanamaCity,FL,3244,,,,,,,045 17 8008,1964
A106373,Angela,Khalil,Estrada,8111,Santa Ana,Road,,,Ventura,CA,93001,p.o box,1206,,Ventura,,930O2,XXX-XX-1170,1962/08/28
A103552,A. ESTRADA,,,8111,Snta ana,RD,,,VENTURA,CA,93001,POBX,"1206,464",,VENTURA,CA,93002,045-16-1170,
A106429,angELA,K.,estrada,8111,SANTA ANA,RD,,,VNTURA,CA,9300I,PO BOX,,464,VENTURA,CA,93002,045161170,62-08-28
A100302,Ferdinand,,KHALIL,1245 5,SUNCHASE,DR,,,JACKSONVILLE,FL,32246,P O BOX,4285,5314,JACKSONVILLE,FL,32247,045-17-8008,19640426
A104866,D. Rodriguez,,,12455,sun chase,DR,,,jacksonville,fl,3224,PO BOX,4285,5314,jacksonville,FL,32247,045178008,
A100470,f. khalil,,,12455,SUNCHASE DR.,,,,JXN VILLE,FLA,32246,P0 BOX,4285,,JACKSONVILLE,FL,32247,,1964-04-26
A104714,FERDINAND,,KHALIL,12455,SUNCHASE,DR,,,JACKSON-VILLE,FL,32246,,,,,,,045 17 8008,196404
A103538,FERDINAND,,KAHALIL,12455,SUNCHSE,DR,,,JACKSONVILLE,FL,32246,PBX,4285,,JACKSONVILLE,FL,32247,045-17-8008,19640426
A104348,FERNANDO,,KHALIL,12455,SUNCHASE,DR,,,JACKSONVILLLE,FL,32246,PO BOX,4285,5314,JAKSONVILLE,FL,32247,045-16-1170,19620828
A100815,Ferdinand,,KHALIL,603,FULTON RD,,APT,A7,Tallahassee,FL,32312,,,,,,,045-17-8008,19640426
A103589,F. Khalil,,,603,Fulton,Road,,,Tallahassee,Fl,323I2,,,,,,,,64/04/26
A102777,ferdy,,kahil,603,FULTON,RD,APT.,A-7,TLH,FL,32312,,,,,,,045-178008,19640426
A102004,FERDINAND,,KHALIL,603,ful ton,RD,APT,A7,"TALLAHASSEE, FL",FL,32312,,,,,,,045 17 8008,
A106914,FIerdinand,,KHALIL,603,FULTON,RD,APPT,A7,Tallahassee,FLL,32312,,,,,,,045-17-8008,1964
A105140,Ferdinand,,KHALIL,6141,APOLLO'S CORNER,WY,,,Orlando,FL,32829,PO BOX,1080,720506,Orlando,FL,32872,045-17-8008,19640426
A100070,ferdinand,,kahalil,6141,APOLLOS CORNER,WAY,,,Orlndo,FL,32829,"po,box",1080,,ORLANDO,FL,32872,045178008,
A101366,F. KHALIL,,,61 41,APOLLOS CORNER,,,,orlando,fl,32829,,,,,,,,19640426
A106279,FERD NAND,,KHAILL,6141,APOLLOSCORNER,WAY,,,"ORLANDO,FL",FL,32829,,,,,,,045 17 8008,1964-04-26
A106734,FERND,,KHALIL,6141,APOLOS CORNER,WAY,,,orlando,fl,23829,POBOX,1080,720506,orlando,FL,32872,045-17-8008,64-04-26
A102639,FERDINAND,,KHALIL,6141,APOLLOS CORNER,WAY,,,ORLANDO,FL,32829,P O BOX,1080,,Orlando,Fl,32872,045-17-8008,196404
A105334,ANGELA,,estrada,100,VANDERBUILT,ST,,,Orlando,FL,32804,PBX,"1080,720506",,Orl ando,FL,32872,178772764,19670412
A100493,angella,,ESTRADA,100,VANDERBILT ST,,,,orlando,FL,32804,PO BOX,1080,720506,Orlando,fl,3287,178-77-2764,67-04-12
A106442,A. Estrada,,,100,VANDERBILT,ST,,,"ORL,FL",FL,32804,,,,,,,XXX-XX-2764,1967/04/12
A107146,Ange,,Estradda,100,VANDERBILT,ST,,,orlando,FL,32804A,,,,,,,,19670412
A106067,ANGELA,,ESTRADA,100,VANDERBILT,STREET,,,ORLANDO,FL,32804,P O B O X,1080,720506,Orlando,Fl,32872,178 77 2764,
A103995,ANGELA,,ESTRADA,3314,FOXRIDGE,CIR,,,"TAMPA, FL",FL,33618X,POBX,1885,76972,Tampa,FL,33675,178-77-2764,19670412
A104403,Jen,,WALKER,3314,FOXRIGDE,Circle,,,TAMPA,FL,33618,PO BOX,1885,76972,TAMPA,,33675,178-77-2764,67-04-12
A104227,A. Estrada,,,3314,FOXRIDGE,CIR,,,TAMPA,FL,33618,P O BOX,"1885,76972",,TAMPA,FL,33675,XXX-XX-2764,19670412
A103021,Angela,,ESTRADA,33 14,FOXRIDGE,CIR,,,tam pa,fl,33618,,,,,,,178772764,
A104401,ANGELA,,ESTRADDA,6610,WOODBROOK,CT,,,MILTON,FL,32583,PBX,7086 9,343,Milton,FL,32572,178 77 2764,196704
A104756,JOSE,,VALLE,6610,Wdbrk,Ct,,,"milton,FL",FL,32583,PO BOX,70869,343,MILTON,FL,32572,178-77-2764,1967
A103078,A. estrada,,,6610,WOODBROOK CT,,,,Milto n,FL ,32583A,,,,,,,XXX-XX-2764,
A101427,ANGELA,,ESTRADA,66I0,WOODBROOK,CT,,,MLTON,FL,32583,PO BOX,,,,,,178-77-2764,19670412
A104983,Angela,,Estrada,6610,WOODBROOK,CT,,,MILTON,FL,32583,P O BOX,70869/343,,milton,fl,32572,178772764,19670412
A107081,Arlin,Ray,Rae,3113,SPYGLASSE,DR,,,Grand prairie,TX,75052,,,,,,,178-77-8906,19570622
A103729,ARLIN,,RAY,3113,SPYGLASS DR,,,,GRAND PRAIRIE,,75052,,,,,,,178778906,1957
A102316,A. RAY,,,31 13,SPYGLASS,DR,,,Grandprairie,TX,75052,,,,,,,,1957/06/22
A100486,arlin,,ray,3113,SPYGLASS,DR,,,"Grand, Prairie",TX,7505I,,,,,,,XXX-XX-8906,19570622
A105896,ARLIN,REA,RAY,3113,SPYGLASS,DRIVE,,,GRAND PRAIRE,TX,75052,,,,,,,178-77-8906,
A102075,THERESA,,BULER,3700,Currie Ford,Rd,APT,X20,Orlnado,FL,32806,P O BOX,1080,720506,Orlando,FL,32872,178-77-2764,19670412
A102813,A. Ray,,,3700,CURRYFORD RD,,#,X20,ORLANDO,FL,32806,po.box,1080,,Orlando,FL,32872,,67-04-12
A102489,angel,,Raay,3700,CURRY FORD,RD,APT.,X2O,"orlando,fl",FL,32806,pbx,1080,720506,orlando,fl,32872,178772764,
A102210,ANGELA,R.,RAY,3700,CURRY FORD,RD,APT,X20,Orland o,FL,32806,PO BOX,,720506,Orlando,FL,32872,178-77-2764,196704
A104443,donald,,hernandez,3700,CURRYFORD RD,,APT,X20,ORLANDO,FL,32806,P O B O X,"1080,720506",,ORLANDO,FL,32872,XXX-XX-8906,19570622
A102561,A. RAY,,,37 00,CURRY FORD,ROAD,#,X20,"ORLANDO,FL",FL,32806A,,,,,,,,1957-06-22
A100440,Arlin,Rea,Ray,3700,CURRY FORD,RD,APT.,X20,orlando,FL,32806,POBOX,1080/720506,,Orlando,fl,32872,178-77-8906,19570622
A101653,arlin,,ray,3700,CURRY FORD RD,,,,"orlando, FL",FL,32806,,,,,,,178778906,1957
A103436,ARLYN,RAE,RAY,3700,CORY FORD,RD,APT,X2O,ORLANDO,FL,32806,PO BOX,1080,720506,ORLANDO,FL,32872,178-77-8906,19570622
A100015,Angela,,Ray,3387,Mt. Tabor,RD,LOT,4,Lakeland,FL,33810,,,,,,,178-77-2764,19670412
A105535,A. Ray,,,33 87,MOUNT TABOR,ROAD,L,4,LAKELAND,FL,3381,,,,,,,XXX-XX-2764,1967/04/12
A103882,MARIA,,MZEA,3387,MOUNTABOR RD,,LOT,4,"Lakeland,FL",FL,33810,,,,,,,178772764,
A106989,ARLIN,RAE,RAY,3387,mt tabor,rd,LOT,4,lakeland,FL,33810,,,,,,,178778906,1957-06-22
A104911,A. RAY,,,3387,MT Tabor,RD,LOT,04,LAKELAND,fl,33810-,,,,,,,,19570622
A102025,Arlen,Ray,Raye,3387 ,MT TBR,RD,LOT,4 ,lakleand,FL,3381O,,,,,,,178-77-8906,
A101673,ARLIN,R,RAY,3387,MOUNT TABOR,ROAD,,4,Lakeland,FL,33810,PO BOX,2345,,lakeland,,33812,178-77-9806,1957/06/22
A100816,Barbra,,Chavez,11881,GULF POINTE,DR,Apt.,E38,houston,TX,7708,,,,,,,010525974,08-14-1936
A106660,B. CHAVEZ,,,11881,Gulf Pointe,Dr,APT,e38,Houston,Tx,77089,,,,,,,,1936/08/14
A100564,barBARA ,,CHAVez, 11881,GULFPOINT,DR,APT,E83,HOUSTON TX,,77089A,,,,,,,010-52-9574,19360814
A101935,BARBARA,,CHAVEZ,11881,GULF POINTE,DRIVE,APARTMENT,E38,Houston,TX,77089-,POBOX,3181,,houston,TX,77009,,1936
A100798,BARBARA,,CHAVEZ,4149,WALSH,LN,,,"GRAND, PRAIRIE",TX,75052-,POBOX,9218,543301,grand prairie,TX,75054,010525974,1936-08-14
A102702,B CHAVEZ,,,4149,walsh,Ln,,,grand Prairie,Tx,75052,po box,9218,543301,Grand Prairie,TX,75054,,19360814
A104011,barbara,,CHAVEZ,414 9,Walsh,LN,,,GRND PRAIRIE,TX ,75052,po bx,9218B,54330I,GrandPrairie,TX,75054-,010-52-5974,
A102026,Babara,,Chavaz,4149,WALS,LN.,,,Grand-Prairie,TX,7505Z,POBOX,09218,,GRAND PRARIE,TX,75054,010-52-5974,1936/08/14
A105582,CLYDE,m.,MYERS CHRISTIAN,10237,CASANES,AVE,,,downey,CA,90241,PO BOX,3190,2555,downey,ca,90242,010534576,19460608
A103024,C. M. Christian,,,10237,casa nes,AV,,,"DOWNEY,CA",CA,90241-,p o box,3190,,Downey,CA,90242,,1946-06-08
A105735,CHERYL,,SANCHEZ, 10237,CASANEZ,AVE,,,DOWNEY,CA,90241,POBOX,3190,255S,downey,CA,90242,O10-53-4576,1946/06/08
A104860,Clyde Marie,,MyersChristian,10237,CASANAS,AVE.,,,Downey,Ca,90214,,,,,,,010-53-4576,
A102610,CLYD MARIE,,MYERS-CHRISTIAN,10273,CASANES,AVE,,,DOWENY,CA,90241,PO BOX,319,2555,DOWNEY,CA,90242,01053-4576,1946
A105739,GEORGIA,,GUNDERSON,,CASANES AVE,,,,DOWNEY CA,,90241,,,,,,,,06/08/1946
A104050,Clyde,Marie,Myers-Christian,1841,Michigan,ST,,,Colton,CA,9232,,,,,,,010534576,19460608
A103893,CLIDE MARIE,,MYERSCHRISTIAN,1841 ,MCHIGAN,ST.,,,COLTON,ca,92324,,,,,,,O10-53-4576,1946/06/08
A101277,C. M. CHRISTIAN,,,1841,Michigan,St,,,colton,CA,92324-,,,,,,,,1946-06-08
A104889,CLYDE,M.,MYERS-CHRISTAIN,,MICHIGAN,ST,,,"COLTON,CA",CA,92324,,,,,,,010-53-4576,
A102597,misty,CHI,Lopez,1841,Michigan,,,,COLTON,CA,9232A,,,,,,,010-53-4576,1946
A103667,CL.M.C.,,MYERS-CHRISTIAN,1841,MICHIGAN ST,,,,COLTON CA,,92324,,,,,,,,1946-06-08
A101034,BARBARA,,GARCIA,2943,COTTONWOOD,ST,UNIT,003,Orange,CA,92865,,,,,,,010525974,19360814
A102409,B. M-CHRISTIAN,,,2943,Cottonwood,St,U,3,"orange, CA",CA,92865,,,,,,,,1936-08-14
A103642,Barb,,Myers Christian,294 3,COTTONWOD,ST.,UNIT,3,ORANGE,CA,92865 ,,,,,,,O10-52-5974,
A106065,B MYERS-CHRISTIAN,,,2943,COTTONWD,ST,unit,three,orange CA,,9286S,,,,,,,010-52-5974,1936/08/14
A101722,ANTONHY,,KING,,COTTONWOOD ST,,,,"ORANGE,CA",CA,92865,,,,,,,,1936
A100765,CLYDE,Marie,MYERS CHRISTIAN,2943,COTTONWOOD,ST,UNIT,3,orange,ca,92865,,,,,,,010534576,19460608
A102580,C. M. Christian,,,2943,cottonwood,St.,Unit,003,"ORANGE,CA",CA,92865-,,,,,,,,1946-06-08
A103723,Clyde Marie,,Myerschristian,2943,COTTONWD,ST,,,OrangeCa,,92865,,,,,,,010-53-4576,
A103362,GLORIA,C,ULCH,,COTTONWOOD ST,,,,ORANGE,CA,92865,,,,,,,,1946
A106174,BARBARA,,MYERSCHRISTIAN,9247,TOBIAS,AVE,,,panorama city,CA,91402,P O BOX,41062,4601,Panorama City,ca,91412,010-52-5974,19360814
A101633,G. White,,,924 7,TOBIA S,AVE.,,,"PANORAMA, CITY",CA ,91402-,pobox,041062,460I,panoramacity,CA,91412,O10-52-5974,
A102764,B. M-CHRISTIAN,,,9247,TOBIAS,AV,,,Panorama City,CA,91402,P.O.BOX,41062,,Panorama-City,CA,91412,,1936-08-14
A105476,BARBARA,,MYERS-CHRISTIAN,9247,TOBIAS,AVE,,,PanoramaCity,,91402,POBOX,41062,4601,PANORAMA CITY,CA,9141A,010-52-5974,1936/08/14
A106495,B MYERS CHRISTIAN,,,,TOBIAS AVE,,,,"PANORAMA CITY,CA",CA,91402,,,,,,,,1936
A102878,CLYDE,MARIE,MYERS-CHRISTIAN,9247,TOBIAS,AVE,,,"PANORAMA, CITY",CA,91402,PO BOX,41062,4601,Panorama City,ca,91412,010534576,19460608
A103193,C. M. CHRISTIAN,,,9247,TOBIA S,AVE.,,,panoramacity,CA,91402,POBOX,041062,4601,PANORAMA CITY,CA,91412,,1946/06/08
A104701,CLIDE MARIE,,MYERSCHRISTIAN,,TOBIAS AVE,,,,PANORAMA CITY CA,,91402,,,,,,,010-53-4576,1946
A100911,BARBARA,,MYERS-CHRISTIAN,3536,BERLIN,AVE,,,FRESNO,CA,93722,PO BOX,5502,5991,FRESNO,CA,93755,010-52-5974,19360814
A100456,Barbra,,MyersChristian,3536,Berlin,AV.,,,fresno CA,,93722-,P.O.BOX,5502,599I,Fresno,CA,93755,,1936/08/14
A106932,B. M-CHRISTIAN,,,3536,BERLIN,AVE,,,Fresno,Ca,9372,POBOX,05502,,Fresno,CA,93755A,010525974,
A101042,BARBARA,,MYERS CHRISTIAN,,BERLIN AVE,,,,"FRESNO,CA",CA,93722,,,,,,,,1936
A103455,J. Garcia,,,3536,BERLIN,AVE,,,FRESNO,CA,93722,PO BOX,5502,5991,FRESNO,CA,93755,010534576,19460608
A102899,Clyde Marie,,MyersChristian,3536,BERLIN,AVE.,,,Fresno,CA,9372,POBOX,5502,,fresno,ca,93755,,1946/06/08
A100910,C. M. Christian,,,3536,berlin ave,,,,"FRESNO,CA",CA,93722,,,,,,,010-53-4576,1946-06-08
A100716,BERHTA,,MARTINEZ,3231,CORALRIDGE,DR,,,Coral Springs,FL,33065,P.O. BOX,10976,8140,Coral Springs,FL,33075,030545782,1988/03/23
A101998,BARB GONZALEZ,,,3231,CORAL RIDGE,DR,,,"CORAL SPRINGS, FL",,33065-,po box,10976,8140,CORAL SPRINGS,FL,33075,,03-23-1988
A105980,Barbara,,GONZALEZ,,CORAL RIDGE DR,,,,CORAL SPRINGS,FL,3306S,POBOX,10976,8410,CORAL SPRINGS,FL,33075A,030-54-5782,
A106965,B. Gonzalez,,, 3231,CORAL-RIDGE,DR.,,,CORALSPRINGS,FL,33065,,,,,,,030-54-5782,19880323
A104145,BARBARA,,GONZALEZ,3231,CORAL RDG,DR,,,"CORAL, SPRINGS",FL,33065,PO BOX,10976,8140,CORAL SPRINGS,FL,33075,030545782,1988
A101176,rafael,F.,VELASQUEZ,17411,lake chelan,Ln,,,humble,TX,77346,po box,52l5,15234,humble,tx,77347,030547197,1981-07-22
A102499,Rafael F,,Valezquez,17411 ,LakeChelan,LN,,,HUMBLE,TX,77346,P O Box,5215,,HUMBLE,TX,77347-,030-54-7197,19810722
A106902,R.F.,,VELASQUEZ,17411,Lk Chelan,LN,,,Humble,Tx,7734S,PO Box,5215,15234,"Humble,",Tx,77347,030-54-719,
A105671,rafael,,VELAZQUEZ,17411,lakechalon,,,,HUMBLE,TX,77346,P0 BOX,5215,,HUMBLE,TX,,030547197,1981
A101120,Rafael,F,VELASQUEZ,17411,leke chelan,Ln,,,humble,TX,77346,PO BOX,5215,15234,HUMBLE,TX,77347,,19810722
A102220,RAFAEL,f.,Velasquez,1741 1,LakeChelan,LN,,,"HUMBLE,TX",TX,77346,,5215,,HUMBLE,TX,77347A,030-54-7197,1981072
A106630,Rafael,f,VELASQUEZ,10710,Shane crossing,,,,san antonio,TX,78254,,,,san antonio,tX,,030-547197,19810722
A103909,R. F.,,Velazcuez,1071O,Shaencrossing,,,,San antonio,TX,78254,,,,SAN ANTONIO,TX,78524,030-54-7197,
A100925,rafael,,velasquez,10710,shaen crossing,,,,SAN ANTONIO,TX,7825,,,,,,,030-54-719,1981-07-22
A100881,RAFAEL,F.,VELASQUEZ,10710,shanxcrossing,,,,"San,Antonio",TX,78254,,,,San Antonio,TX,,030547197,81-07-22
A100811,RafaeL,,Velaquez,10710,Shaenc r0ssing,,,,SAN ANTONIO,TX,78254,,,,SAN ANTONIO,TX,78254A,,19810722
A105050,rafa el,f,VELASQUEZ,6961,COUNTY RD 1017,,,,joshua,tx,76058,PO box,63341,575,joshua,tx,76058,030547197,19810722
A103894,R.F.,,VELASQUEZ,6961,county road 1017,,,,"Joshua,",TX,76058,POBOX,63341,,JOSHUA,TX,76508,030-54-7197,81-07-22
A107012,RAFAEL,,VELASQUEZ,696l,CO RD 1017,,,,Joshua,Tx,7605,P O Box,63341,575,,TX,76058,,
A100075,BARBARA,,VELASQUEZ,626,Lake,ST,apt,52,huntington beach,ca,92648,po box,12032,1369,huntington beach,CA,92647,030-54-5782,1988-03-23
A103129,B. Velasquez,,,626,LAKE,,APT.,052,"Huntington,Beach",CA,92648,POBOX,,,Huntington Beach,CA,92647,030545782,19880323
A106333,barbara,,VELAZQUEZ,626,Lake,St.,,,huntington beach,CA,92648,P0 BOx,12032,1369,HUNTINGTON BEACh,ca,92647,,
A106265,BARBRA,,VELASQUEZ,626,Lake,St,Apt,52,"Huntington Beach,CA",CA,92648-,PO BOX,12032,1369,HUNTINGTON BEACH,CA,92647X,030-54-5782,1988032
A100230,rafael,F.,VELASQUEZ,626 ,lake ,st,APT,52,Huntington beach,CA,92648,PO box,12032,1369,Huntington Beach,CA,92647,030-54-7197,1981-07-22
A102643,RAFAEL F,,VELASQUEZ,626,Lake,ST.,APT.,052,"HUNTINGTON,BEACH",CA,92648,P O BOX,12032,,HUNTINGTON BEACH,CA,92647,030-547197,19810722
A105330,ROBERT,,SANCHEZ,626,lake,St,,,Huntington beach,Ca,92648,POBOX,,,,,,030-54-7197,1981072
A103338,Rafael,f,Velasquez,626,Lake,,apt,52,HUNTINGTON BEACH,CA,92648,PO BOX,12032,1369,HUNTINGTON BEACH,CA,92647,,19810722
A104362,rafel,F,VELAZQUEZ,626,LAK,ST,APT,52,HUNTINGTONBEACH,CA,92648A,,12032,1369,,,,030545197,1981
A101729,barbara,,Velasquez,8636,MAPLEHALL,DR,,,Sacramento,CA,95823,,,,sacramento,ca,95823,030-54-5782,1988/03/23
A100619,B. Velasquez,,,8636,Maple Hall,Dr.,,,SACRAMENTO,CA,9582,,,,Sacramento,CA,95823,030545782,19880323
A106271,BARBRA,,VELASQUEZ,8636,MAPEL HALL,DR,,,"SACRAMENTO,CA",CA,95823A,,,,,,,030-54-5782,88-03-23
A100110,Barbara,,VELAZQUEZ,863 6,MAPLE HALL,,,,Sacra mento,CA,95823,,,,,CA,95823,,
A104585,Rafael,F,Velasquez,8636,maple hall,Dr,,,sacramento,ca,95823,,,,,,,030-54-7197,19810722
A100242,RAFAEL,,VELASQUEZ,8636,MAPLEHALL,DR.,,,"SACRAMENTO,CA",CA,95823A,,,,,,,030-54-7197,1981-07-22
A107188,R. Velasquez,,,8636,MAPLE HALL,DR,,,Sacramento,CA,95823,,,,SACRAMENTO,CA,,030547197,
A106059,rafael,,velazquez,863 6,MAPLE HALL,DR,,,SACRAMENTO,CA,95823,,,,,,9582,,1981
A102491,Rafael F.,,VELASQUEZ,8636,Maple Hall,,,,Sacramento,CA,95823,,,,,CA,95823A,030-54-7197,1981-07-22
A105624,rafael,,VELASQUEZ,8636,Maple hall,DR,,,"SACRA,MENTO",CA,95823,,,,Sacramento,CA,95823,030-54-719,19810722
A100169,Barbra,,Velazquez,4421,Durffee,Ave,,,El Monte,CA,91732,,,,,CA,,030545782,19880323
A101856,B. VELASQUEZ,,,4421,Durfee,,,,"EL MONTE,CA",CA,91732A,,,,,,,030-54-5782,88-03-23
A105484,barbara,,VELASQUEZ,4421,Durfee,Ave,,,el monte,CA,91732,,,,,,9173,,19880323
A102455,BARBARA,,VELASQUEZ,4421,Durfee,Ave.,,,El Monte,Ca,91732,,,,El Monte,CA,91732,030-54-5782,1988032
A105232,B.Velasquez,,,4421 ,DURFEE,,,,ELMONTE,CA,91732,,,,,,91732A,,
A100241,BARBARA,,VELASQUEZ,4421,Durfee,,,,el Monte-cA,CA,91732,,,,,Ca,91732,030-54-5782,1988-03-23
A104106,rafael,f,VELASQUEZ,4421,Durfe,AVE,,,el monte,CA,91732,,,,,,91732,030-54-7197,81-07-22
A102265,SHEILA,ALLEN,KUUBE,4421,DURFEE,,,,"EL MONTE,CA",CA,91732A,,,,,,,030-54-7197,19810722
A102848,Rafael,F,Velazquez,442l,Durfee,Ave.,,,El Monte,CA,91732,,,,El Monte,CA,91732,030547197,19810722
A100291,R. Velasquez,,,4421,DURFEE,AVE,,,el monte,ca,9173,,,,,,,,1981
A104914,RAFAEL,,VELASQE,4421,DUR FEE,AVE,,,EL MONTE,CA,91732,,,,,,91732A,030-54-719,19810722
A104289,raFAel,f.,velasquez,4421,Durfee,AVE,,,el monte,CA,91732,,,,,CA,91732,030547197,
A101426,JOHN,ANTONIO,GARCIA,16305,2ND,ST.,,,NORTH REDINGTON BECH,FL,33708,,,,North Redington Beach,FL,33708,030547197,19810722
A102604,Rafael F.,,VELASQUEZ,16305,2nd,st,,,"North,Redington Beach",FL,33708A,,,,,,,030-54-7197,81-07-22
A102670,rafael,,velazquez,16305,2ND,ST,,,north redington beach,fl,33708,,,,north redington bch,fl,33708,,19810722
A102296,R. Velasquez,,,16305,2ND,ST,,,"NORTH REDINGTON BEACH,FL",FL,3370,,,,,FL,33708,,
A103439,BARBARA,,GARCIA,1017,Portola,Ave,,,Spring Valley,CA,91977,,,,"spring,Valley",CA,91977,077-83-8054,1917-05-25
A104574,barbara,,GARCIA,1017,Portolla,Ave.,,,SPRING VALLEY,CA,91977A,,,,,CA,,077838054,19170525
A100876,B. Garcia,,,1017,PORTOLA,Avenue,,,SPRINGVALLEY,CA,9197,,,,,CA,91977,,1917
A102665,Barbra,,Garcia,1017,Portola,,,,"Spring Valley,CA",CA,91977,,,,Spring Valley,,91977A,,1917052
A105657,BARBARA,,GARCIA,10I7,PORTOLA,AVE,,,SPRNG VALLEY,CA,91977,,,,,CA,91977,077-83-805,
A105086,Francesco,L.,Sola,1079,MOHR,Ln,#,A4,concord,ca,94518,,,,,,,077-83-9043,1918-06-25
A103187,FRANCESCO,,SOLA,1079,Mohr,,,,"Concord,CA",CA,94518,,,,Concord,CA,94518,077839043,19180625
A107234,F. Sola,,,1079,MOHR,LN,apartment,A-4,concord,CA,94518A,,,,,,,,1918
A100582,Fransesco,LILIA,SOLA,1079,Mohr,ln.,,A4,CONCORD,CA,9451,,,,Concord,,94518,077-83-9043,
A105153,Francesco,LILIA,Sola,1211,61st,,,,san diego,ca,92102,P.O. Box,2233,45236,san diego,CA,92145,077-83-9043,1918-06-25
A102054,FRAN CES CO,LILYA,SOLA,1211,61 ST,,,,"SAN, DIEGO",CA,9210Z,POBX,2233,45236,SAN DIEGO,CA,92145,,19180625
A104417,F. Sola,,SOLA,1211,61ST,,,,SAN DIEGO,CA,92102,,,,,,,077839043,
A107028,francessco,LILIA,Sola,1121,61st,,,,San Diego,CA,91202,p0 box,2233,45236,san diego,CA,92145,077-83-9043,1918
A105366,barbra,,sola,1000,SIBLEY,ST.,APT,6,folsom,CA,9563,po box,44413,2126,folsom,ca,95763,077838054,05/25/1917
A103684,M. Dale,,Pimiento,1000,sibly,,apartment,6,Folsom,CA,95630,P.O.Box,44413,2126,FOLSOM,CA,97563,,19170525
A106751,BARBARA,,SOLA,1000,SIBLEY,ST,APT.,06,FOLSOM,CA,95630,POBOX,44143,2126,FOLSOM,CA,95763,077-83-8054,1917-05
A105368,Barb.,,SOLA,1000,SIBLEY,ST,,,FOLSOM,CALIF,95630-2126,,,,,,,077-83-8054,19170525
A102213,B.,,SOLA,1000,SIBLEY,STREET,,,"Folsom,",CA,95630,PO BOX,44413,2126,FOLSOM,ca,9576,077-83-8054,
A103457,francesco,lilia,sola,1000,sibly,st.,apt.,6A,folsom,CA,95630,POBOX,44413,2126,FOLSOM,CA,95763,077839043,19180625
A104645,F. Sola,,SOLA,1000,SIBLEY,,APRT,6,FOLSOM,CA,9563,PO BOX,44413,2126,FOLSOM,CA,95763,077-83-9043,
A103429,Franccesco,L,SOLA,1000,SIBLEY,ST,APT,6,FOLSOM,CA,95630,POB0X,44143,2126,FOLSOM,CA,95763,,1918
A103220,Francisco,LILIA,SOLA,100,SIBLEY,ST,APT,6,FOLSOM,CA,95630,,,,,,,077-83-9043,1918-06-25
A103048,FRANCESCO,LILIA,SOLA,1 000,SIBLEY,ST,APT,6,F O L S O M,CA,95630,P.O. BOX,44413,2126,FOLSOM,CA,95763,077-83-9043,19180625
A105474,F Sola,,SOLA,1000,SIBLY,ST,,,FOLSOM,CA,95630,PO BOX,44413,2126,FOLSOM,CA,95763,077-83-9043,19180625
A102883,BARBARA,,SOLA,1146,JADESTONE,LN,,,CORONA,ca,92882-4523,,,,,,,077-83-8054,1976
A101848,B. Sola,,SOLA,1146,JADESTONE,,,,"CORONA,CA",,9288Z,,,,,,,078-83-8054,19170525
A104842,Barbra,,SOLA,1164,JADESTONE,LN,,,Corona,CA,92882,,,,,,,077-83-8054,1917-05
A107104,B SOLA,,S0LA,1146,JADESTONE,LN,,,C0R0NA,CA,92882,,,,,,,,19170525
A105918,BARBARA,,SO.LA,1146,JADESTONE LN,,,,CORONA,CA,92882,,,,,,,077-83-8054,
A100970,B.,,SOLLA,1146,JADESTONE,LANE,,,Corona,CA,92882,,,,,,,077-83-8054,19170525
A104051,FRANCESCO,LILIA,SOLA,1146,JADESTONE,LN,,,CORONA,CA,92882,,,,,,,077839043,
A104175,Frances.,L.,SOLA,1146,JADESTONE,LN,,,CORONA,CA,92828,,,,,,,077-83-9043,1918-06-25
A103474,JORGE,BELG.,O'Connor,1146,JADESTONE,,,,"CORONA,CA",,92882,,,,,,,,19180625
A103803,Francisco,,SOLLA,1146,JADESTONE,LN,,,Corona,CA,92882,,,,,,,077-83-9043,1918
A103805,F SOLA,,SOLA,1146,JADESTON,LN,,,CORONA,CA,92882,,,,,,,077-83-9043,19180625
A105033,BARBARA,,GARCIA,730,BROOKSTONE,RD,unit,101,CHULA VISTA,CA,91913,,,,,,,120-52-1878,19760214
A103025,Barbara,,Garcia,0730,Brookstone,Rd.,Unit,101,"Chula, Vista",Ca,9191,,,,,,,120521878,19760214
A105755,B. Garcia,,GARCIA,730,BROKSTONE,RD,,,CHULAVISTA,CA,91913,,,,,,,120-52-1878,
A104918,BARBARA,,GARCI,730,BROOKSTONE,RD,UNIT,101,CHULA VISTA,CA,91913,,,,,,,,1976-02-14
A102653,B GARCIA,,GARCIA,2001,AMSTERDAM,LN,,,MODESTO,CA,95356,,,,,,,120-52-1878,19760214
A106047,Linda,Kelley,Singh,2001,Amsterdam,Lane,,,modesto,ca,95365,,,,,,,,76/02/14
A106652,B Garcia,,GARCIA,2001,AMSTERDAM,LN,,,MODE STO,CA,95356,,,,,,,120-52-1878,
A106151,B.,,GARCIA,201,AMSTERDAM,LN,,,MODESTO,CA,95356,,,,,,,120521878,19760214
A105039,JAMES,A.,VERBENA,1766,BRISBANE,ST,,,PORT SAINT LUCIE,FL,39484,,,,,,,120-52-1933,19720625
A103371,James,Arturo,Verbena,1766,Brisbane,St.,,,"Port, Saint Lucie",FL,34984,,,,,,,120521933,
A104516,J.,,VERBENA,1766,BRISBANE,ST,,,PORT ST. LUCIE,,34984N,,,,,,,120-52-1933,72/06/25
A103829,Jim,ARTURO,VERBENA,1766,BRISBAINE,,,,PORT SAINT LUCIE,FL,34984,,,,,,,,1972
A100322,THOMAS,R,MORALES,1766,Brisbane,ST,,,PORT SAINT LUCIE,FL,34984,,,,,,,120-52-1933,1972-06-25
A103401,JAMES A,,VERBENA,1766,brisbane,STREET,,,"PORT SAINT LUCIE, FL",FL,34984,,,,,,,120-52-1933,19720625
A106303,M.Savoy,,,3307,avnue,,,,NEDERLAND,TX,77627,po box,11536,1243,nederland,tx,77627,120521878,1976-02-14
A104956,B Verbenna,,VERBENA,3307,AVENUE,,,,"NEDERLAND,TX",,77627,POBX,11536,1243,NEDERLAND,TX,7762Z,120-52-1878,
A102080,B. VERBENA,,VERBENA,307,AVENUE,,,,NEDERLAND,TX,77627,PO BOX,11536,1243,NEDERLAND,TX,77627,,19760214
A103470,JAMES,A.,VERBENA,3307,AVENUE,,,,NEDERLAND,TX,77627-1243,po box,11536,1243,nederland,tx,77627,120-52-1933,1972-06-25
A106466,James,Arturo,VERBENA,3307,AVENE,,,,nederland,TX,77627,P0 BOX,11536,1243,NEDERLAND,TX,77627,120521933,19720625
A105687,J VERBENA,,VERBENA,3307,AVENUE,,,,NEDERLAND,TX,7762Z,PO BOX,11536,1243,NEDERLAND,TX,77627,,72/06/25
A106781,THOMAS,,HERNANDEZ,549,ROWAN,AVE,,,LOS ANGELES,CA,90063,po box,503,881605,"los,angeles",ca,90009,123-87-9385,1950-05-04
A106039,Barbra,,CHAVES,549,ROWAN,AVE,,,LOSA NGELES,CA,90063,POBX,503,881605,LOS ANGELES,CA,90009,123-87-9385,
A100672,B. Chavez,,CHAVEZ,459,ROWAN,AVENUE,,,LOS ANGELES,CA,90063,PO BOX,503,,LOS ANGELES,,90009A,,19500504
A101170,Barbara,,Chavez,21000,Pippin,Way,,,California City,CA,93505,,,,,,,123-87-9385,1950-05-04
A101020,B CHAVEZ,,CHAVEZ,21000,PIPEN,WAY,,,CALIFORNIA CITY,CA,93505-1000,,,,,,,123-87-9385,
A105715,BARBERA,,CHAVEZ,21000,PIPPIN,,,,"CALIFORNIA,CITY",CA,93505,,,,,,,123879385,19500504
A100545,B.,,CHAVEZ,21000,PIPPING,WAY,,,CA CITY,CA,93505,,,,,,,,50/5/4
A100581,Barbara,,chavez,1066,Spazier,AV,ApT.,6,Glendale,CA,91201,"po.,box",6585,10501,GLENDALE,CA,91209,123879385,1950-05-04
A102722,B. Chavez,,CHAEZ, 1066 , SPAZIER ,Ave.,APT,06,glendale,CA,912O1,P O BOX,6585,,"Glendale,",CA ,91209,123-87-9835,195005
A105051,Barbra,,chavez,10666,Spazir,AVE,,,GLENDALE,CA,91201-,POBOX,6585 ,10501,glendale,ca,91209,123-87-9385,1950
A103361,BARBARA,,CHAVEZ,1066,SPAZIER,,APT.,6,GLEN DALE,CA,91201,,6585,10501,GLNDLE,CA,,123-87-9385,
A103189,mark,,rojas,5906,Willowfeld,Ct.,,,Sugarland,Tx,77479,P O BOx,37484,16052,SUGARLAND,TX,77496-1,123892575,1953-01-30
A101929,ROBERT,,DIAZ,5906,WILLOWFIELD,CT,,,"SUGAR,LAND",TX,77479,POBOX,37484,,SUGAR LAND,TX,77496,123-89-5275,195301
A103987,Marc,,Rojas,59066,Willowfield,Ct,,,Sugar Land,TX,7749,PO Box,37484,16052,SUGARLAND,TX,77496,123-89-2575,1953
A104573,Mark,,ROJAS., 5906, willowfield ,CT.,,,SUGARLAND,TX ,77479,PO BOX,,16052,sugar land,tx,7749,123892575,
A106816,Jermey,,Artis,5906,Willowfield,Ct,,,sugar land,TX,77479,,37484,16052,"sugar,land",TX,77496,,19530130
A103375,MARK,,ROJAZ,5906-,WILLOWFIELD,CT,,,SUGARLAND,TX,77479,PO BOX,37484,16052,SUGARLAND,TX,77496A,123-89-2575,1953-01
A101395,Mark,,Rojas,10117,Waterview,,,,Rowlett,TX,75089,,,,ROWLETT,TX,,123-89-2575,19530130
A103022,MRojas,,ROJAS,1011-7,Watervuew,PKWY,,,"ROWLETT,",TX,7508,,,,Rowlett,TX,75089,123892575,1953
A100071,Mark,,Rajas,10117,Waterview,PKWY,,,rowlett,Tx,75089,,,,,,,,1953-01-30
A100012,KURT ALBERTO,,ESPINOZA,10302,Dancer,DR.,,,Laredo,TX,78045-,PO BX,040672,451224,LAREDO,TX,78045,123-89-2575,19530130
A107052,M. ROJAS,,ROJAS,103O2,Dnacer,DR,,,LAREDO ,TX,78045,PO BOX,40672 ,45124,laredo,TX ,78045,123-89-5275,1953-01
A103713,Mark,,Rojaz,10302,Dancer,,,,"LAREDO,",TX,78045,p o box,40672,,laredo,Tx,78045,123892575,1953
A103063,M ROJAS,,ROJAS,10302,dancer,Dr.,,,laredo,tx,78405,PO Box,40672,451224,Laredo,tX,78045,,19530130
A102690,Mark,,Rojas,10302,Dancer,Dr,,,laredo,TX,78045,,40672,451224,laredo,TX,78045,123-89-2575,
A105417,MarK,,Rojas,10302,Dacer,DR,,,LAREDO,TX,7804,PO BOX,40672,451224,LAREDO,TX,78045,123-89-2575,1953-01-30
A102635,barbara,,ROJAS,248,61st,AVE.,,,miami,FL,33126,PO BOX,0731,430115,MIAMI,FL,33243,123-87-9385,1950-05-04
A101268,B. Rojas,,RojaS, 248 ,61ST ,AVE,,,MIAMI,FL,3312,PO BOX,731,430115,Miami,fl,33243,123879385,195005
A105742,María ,, Ram0s,248, 61T ,AVE,,,MIA MI,FL,33126,POBOX,731,,miami,fl,33243A,123-87-9385,1950
A101477,Barbara,,R O J A S,248,61st,,,,"miami,",FL,33126,,731,430115,,FL,33243,123-87-9385,
A104854,B ROJAS,,ROJAS,248,61ST,Ave.,,,Miami,FL,33126,P O BOX,731,430115,miami,FL,33243,123-87-938,19500504
A105615,BARBARA,,ROJAS,248,61ST,AVE,,,miami,Fla.,33126,PO BOX,,430115,MIAMI,FL,33243,123-87-9385,19500504
A103791,MARK,,ROJAS,248,61ST,AVE,,,Miami,FL,33126,POBOX,0731,430115,MIAMI,FL,33243,123-89-2575,1953-01-30
A104736,Mark Rojaz,,ROJAS,248 ,6IST,AV,,,MIAMI,FL,33126 ,PO BOX,731,430115,Miami,Fl,33243,123892575,1953
A103384,M ROJAS,,ROJAS,248,61ST,AVE,,,miami,fl,33126,P O BOX,731,430115,"miami,",fl,33243A,123-89-2575,195301
A102730,Marc,,Rojas, 248,61st,,,,M I A M I,FL,33126-1,PO BOX,731,430115,MIAMI,FL,33243,,1953-01-30
A106762,M Rojas,,ROJAS,248,61ST,ave,,,miami,FL,33126,,,,,,,123-89-2575,
A106638,MARK,,ROJAS,248,61ST,AVE,,,MIAMI,FL,3312,,,,,FL,33243,,19530130
A105015,BARBARA,,ROJAS,1510,peny,Ave.,,,Sebring,FL,33870-,PO BOX,39231,1513,SEBRING,FL,33871,123-87-9385,19500504
A100188,B ROJAS,,ROJAS,01510,Penny,,,,SEBRING,FL,33870,POBOX ,39231,,Sebring,FL,3387,123-87-9385,1950-05-04
A103086,Barbra,,Rojas,1510,Penny,AVE,,,SEBRING,Florida,33870,,,1513,SEBRING,FL,33871A,123879385,1950
A103931,Barbara,,RJAOS,1510,Penny,AV,,,Se bring,FL,33870,PO BOX,39231,1513,sebring,fl,33871,123-87-938,195005
A100864,B. Rojas,,ROJAS,1510,PENNY,AVE.,,,"SEBRING,",FL,33870,PO BOX,39231,1513,sebring,FL,33871,,1950-05-04
A102215,THOMAS,,HERNANDEZ,1510, PENNY,AVE,,,sebring,fl,33870,PO BOX,39231 ,1513,SEBRING,FL,33871,123-89-2575,19530130
A100385,M Rojas,,rojas,1510-,PENY,AVE.,,,Sebring,FL,3387,POBOX,39231,1513,SEBRING,FL ,33871A,123892575,1953-01-30
A106585,Marc,,ROJAS,1510,Penny,,,,SEBRING,FL,33870-1,PO BOX,,1513,sebring,fl,33871,123-89-5257,1953
A103034,barBara,,rojas,2811,centre ct,dr,,,"fort,lauderdale",fl,33332,po box,13748,22952,FORT LAUDERDALE,FL,33335,123-87-9385,1950-05-04
A101249,ANGELA,,KHALIL,2821,CENTRE CT,DR,,,FORTLAUDERDALE,FL,33332,POBOX,13748,22952,FOURT LAUDERDALE,FL,3333,123879385,1950
A101129,Barbara,,Rojas,2811.,Centre Ct,DR.,,,FT LAUDERDALE,FL,33332-,P O BOX,13748 ,,ft lauderdale,fl,33335A,,19500504
A101108,mark,,rojas,2811,CENTRE CT,DR,,,"Ft,Lauderdale",FL,33332,po box,13748,22952,FORT LAUDERDALE,FL,33335,123-89-2575,1950-05-04
A102685,M Rojas,,ROJAS,2811.,Centure Ct,Dr.,,,FORTLAUDERDALE,FL,3333,PO BOX,13748,22952,LAUDERDALE,FL,33335A,123892575,1953
A101205,Marc,,Rojas,28111,Centre Ct,,,,Fort Lauderdale,fl,33332-1,POBX,13748,,fort lauderdale,fl,33335,,19530130
A100826,Mark Rojas,,ROJAS,2811,Centre Ct,DR,,,FORT LAUDERDALE,fl,33332,,,22952,fort lauderdale,FL,33335,123-89-2575,
A100982,M. ROJAS,,ROJAS,2811,Centre Ct,DR,,,ft_lauderdale,FL,33332,PO BOX,13748,22952,,FL,33335,123-89-2575,1953-01-30
A105551,barbara,,Gonzales,9415,Frank Hardy,Rd.,,,milton,fl,32570,,,,,,,167-66-9759,1947-10-17
A106780,B. Gonzalez,,GONZALEZ,09415,FRANK HARDY,RD,,,"Milton,",FL,2570,,,,MILTON,FL,3250,167669759,1947
A105284,Barbra,,GONZALEZ,9415,Frank Hardy,,,,Mil ton,FL,32570A,,,,,,,167-66-975,194710
A103750,B GONZALEZ,,GONZALEZ,9415 , FRANK HARDY ,RD,,,MILTON,FL,32570,,,,milton,fl,32570,167-66-9759,
A103332,Barb,,Gonzalez,9415,Frank H.,Rd,,,MILTON,F L,32570,,,,,FL,,167-66-9759,1947/10/17
A100659,barbara,,gonZalez,1440,coral ridge,Dr.,Apt,211,"coral,springs",fl,33071,po box,10976,8140,CORAL SPRINGS,FL,33075,167-66-9759,19471017
A100387,B. Gonzalez,,GONZALEZ,144O,CORAL RIDGE,DR,#,211,CORAL SPRINGs,FL,3307,POBOX,,8140,,fl,3307,167669759,1947
A100304,Barbra,,GONZALEZ,1440,CORALRIDGE,DR.,#,211,Coral Springs,FL,33071-,P O BOX,10976,8140,Coral springs,FL,,167-66-9759,1947-10
A103207,barbara,,gonzales,918,17th,St,,,"Saint,Cloud",FL,34769,po box,14746,700024,ST CLOUD,FL,34770,167669759,1947-10-17
A105186,B. ,,GONZALEZ,918,17TH,,,,SAINT CLOUD,FL,34769-,POBX,14746,,St Cloud,fl,3477,167-66-9759,19471017
A100160,SAMMONIQUE,,JUSTIN,0918,17TH,ST,,,St clud,FL,34769,PO box,14746,700024,stcloud,FL,34770,167-66-975,
A100704,BARBARA,,GONZALEZ,918,17,st.,,,Saint Cloud,Fl,34769,PO BOX,,700024,SAINT CLOUD,,34770,167669759,1947
A101626,Barb.,,Gonzalez,918,17TH,st,,,Saint Cloud,FL,34769O,po bx,14746,700024,SaintCloud,FL,34770,,19471017
A106892,rickey,,morelos,331,RR7,,,,jasper,TX,75951,po box,80370,683,jasper,TX,75951,167670421,1944-02-14
A105085,R.,,Morelos,0331,RR 7,,,,Jasper,Tx,75951,p o box,,683,jasper,TX,,,19440214
A100734,RICKY,,morellos,331,RR7,,,,JASPER,TX,7595I,pobox,80370,,jasper,TX,75951,167-67-0421,
A103533,Rick,,Morelos ,331,R R 7,,,,JASPER,TX,75951,PO BOX,80370,683,JASPER,tx,75951,167-67-421,1944
A100046,R I C K Y,,MORELOS,331,RR7,,,,jasper,TX,75951,po bx,80370,683,,,75951,167-67-0421,1944-2-14
A100897,Riky,,Morrellos,1331,RR 7,,,,JASPER,TX,,POBX,80730,683,JASPER,TX,75951,167670421,19440214
A105237,RIKY,,MORELOS,771,LAZY OAKS,DR,,,CANYON LAKE,TX,78133-,,,,,,,167-67-0421,1944-02-14
A101512,R.,,Morelos,0771,Lazy Oaks,Dr.,,,CanyonLake,Tx,78133,,,,,,,,19440214
A101511,RICKY,,MORELOS,71,LAZY OAK,DR,,,CANYON LAKE,TX,78133,,,,,,,167670421,
A105745,Rick,,Morlows,771,LZY OAKS,DR.,,,Canyon Lake,,78133,,,,,,,167-67-0421,1944
A106257,Ricky,,Morelos,2010,Villa,Dr,,,TYLER,TX,75703,,,,,,,167-67-0421,1944-02-14
A107102,R.,,Morelos,201O,VILLA,DR.,,,tyler,TX,75703,,,,,,,167-670-421,19440214
A106023,rick,,Morellos,210,Villa,Dr,,,Tyler,Tx,75703,,,,,,,,1944
A101106,R I C K Y,,MORELOS,2010,VILLA,,,,TYLER,TX,75073,,,,,,,167670421,
A104685,Ricky.,,Morlos,2010,VILLA,DR,,,Tyler,TX,75703,,,,,,7503,167-67-0421,19440214
A102023,RICKY,,MORELOS,2010,VILLA,DR,,,TYLER,TX,75703,,,,,,,167670412,
A101956,THERESA,,VASQUEZ,1090,9th,Ct,APT,4,Hialeah,FL,33010,,,,,,,167-66-9759,1947-10-17
A101200,B.,,Morelos,1090A,9TH,CT,,,HIALEAH,FL,3301O,,,,,,,,19471017
A101445,BARBARA,,M0RELOS,1090,9TH,,APT,4,HIALEAH,FL,33010,,,,,,,167-66-9759,
A105450,Ricky,,Morelos,1090,9TH,Ct,Apt.,4,Hialeah,FL,33010,,,,,,,167-67-0421,1944-02-14
A106597,ROBERT,,Diaz,109O,9th,CT,APT,4A,hialeah,Fl,33010-,,,,,,,,19440214
A101530,RICKY,,MORELOS,1090,NINTH,CT,,,HIALEAH,FL,33010,,,,,,,167670421,
A105170,Rick,,Morlos,1090,9TH,,APT,4,Hialeah,,3301O,,,,,,,167-67-0421,1944
A103927,R.I.C.K.Y,,Morreloz,1090,9TH,CT,APT,4,hialeah,FL ,33010,,,,,,,167-670-421,194402
A107199,Babara,,Morelos,5700,Flaxman,St,Lot,21,Pensacola,FL,32506,,,,,,,167-66-9759,1948-06-09
A103793,B.,,morelos,05700,FLAXMAN,ST,LOT,21,PENSACOLA,fl,32506,,,,,,,,
A101433,BARBARA,,MORELOS,5700,FLAX MN,ST,LOT,21,PENSACOLA,FL,32506,,,,,,,167669759,19480609
A104304,Barb.,,Morelos,5700,FLAXMAN,ST,,,Pensacola,,325060,,,,,,,167-66-9759,1948
A100857,Ricky,,Morelos,5700,Flaxman,St,Lot,21,Pensacola,FL,32506,,,,,,,167670421,1944-02-14
A105548,R.,,Morelos,05700,flaxman,St,,,pensacola,FL,32506,,,,,,,,
A105921,Rick,,Morrellos,5700,FLAXMN,ST,LOT,22,PENSACOLA,FL,32506O,,,,,,,167-67-0421,19440214
A105856,Berta,,Bates,3851,Hiawatha,Way,,,SAN DIEGO,CA,92117,PO BOX,2233,45236,"San,Diego",CA,92145,016-27-4422,1948-06-09
A107046,B.,,Bates,3851,hiawatha,way,,,san diego,ca,92117,p o bx,2233,,sandiego,CA,92145A,016-274422,
A101032,BERTHA,,BATES,385 1,HIAWATHA,WY,,,SAN DIEGO,Ca,92117,POBOX,2233,45236,SAN DIEGO,CA,92145,016-27-4422,19480609
A102408,Bertha,,Batz,3851,Hiawatha,Way,,,Sandiego,CA,92117,PO BOX,2333,45236,,CA,92145,016-27-4422,1948
A101408,BER .THA,,BATES,3851,HIAWATHA,WAY,,,"SAN,DIEGO",CA,92117,PO BOX,2233,45236,SAN DIEGO,,92145,,1948-06-09
A101570,Cecelia,,Rodriguez,29222,Rancho Viejo,Rd.,,,San Juan Capistrano,CA,92675,,,,,,,016276274,1946-02-18
A101171,G.,,Martinez,29222,RANCHO VIEJO,RD,,,SANJUAN CAPISTRANO,CA,92675,,,,,,,,19460218
A103435,GLENN,,MARTINEZ,9222,RANCHO VIEJO,RD,,,SAN JUAN CAPISTRANO,CA,92675A,,,,,,,016-27-6274,19460218
A101650,Glenn G.,,Martinez,29222,RANCHO VIEJO,RD,,,"San,Juan Capistrano",CA,92675,,,,,,,016-27-6274,1946
A105886,Glen,,Martinez,10845,Rio Vista,Rd,,,FORESTVILLE,CA,95436,po box,22225,354,FORESTVILLE,CA,95436,016-27-6274,1946-02-18
A107029,G.,,Martinez,10845,RIO VISTA,RD,,,ForestVille,,95436,PO BOX ,22225,,FORESTVILLE,CA,95436,016-276274,19460218
A104032,GLENN,,MARTINEZ,010845,RIO VISTA,RD,,,FORESTVILLE,CA,9543,PO BX,22225,354,Forestville,CA,,016-27-6274,
A104441,Glenn,G.,Martinezz,10845,RIO VISTA,RD.,,,forestville,CA,95436,PO BOX,22225,354,FORESTVILLE,CA,95436,,1946
A106042,Bertha,,Martinez,1827,Dalton,Dr,,,Milpitas,CA,95035,po box,122,360338,Milpitas,CA,95036,016-27-4422,1948-06-09
A106056,B.,,martinez,1827,DALTON,DR,,,milpitas,ca,95035,p o bx,122,,milpitas,CA,9506,016-27-442,19480609
A105581,BETHA,,MARTINEZ,1827,DALTON,DR.,,,MILPITAS,CA,95035,PO BOX,122,360338,MILPITAS,,95036,016274422,1948
A106769,Berth a,,Martinezz,1827,DALTON,DR,,,"Mil,pitas",CA,95035,PO BOX,122,360338,MILPITAS,CA,,016-27-4422,
A106289,Bertha,,Martinez,1827,DALTON,,,,Milpitas,CA,95036O,POBOX,122,360338,Milpitas,CA,95036,,1948-06-09
A104305,GLEN,G.,MARTINIZ, 1827,Dalton,Dr,,,milpitas,CA,95035,Po box,122,360338,Milpitas,CA, 95036,016276274,1946-02-18
A107060,g l e n n,,MARTINEZ,1827,DALTON,DR.,,,MILPITAS,CA,95035,,po box 122,360338,MILPITAS,,95036,016-27-,
A102184,GLENN.,G,MARTINEZ,1827,DALTON,,,,MILIPITAS,CA,9503,POBOX,,,,CA,95036,016-276274,194602
A103426,g. martinez,,,182-7,DALTON,DR,,,MIL PITAS,CA,95035,PO-BOX,122,,MILPITAS,CA,,,1946
A105244,BERTH4,,MARTINEZ,39728,CandyApple,WY,,,Murieta,CA,92562,P O BOX,12326,213,MURRIETA,CA,92564,016-27-4422,1948-06-09
A103394,B. Martinez,,,39728,CANDY APPLE,WAY,,,MURRIETTA,CA,9256,PO BX,12326,,MURRIETA,,,016274422,
A100680,Bertha,,MARTINEZ,39728,CANDY-APPLE,WAY,,,murrieta,CA,92562,,PO BOX 12326,213,MUR.,CA,92564,,19480609
A106237,GLEN,G,MARTINEZ,39728,CNDY APPLE,WAY,,,MURRIETA,CA,92562,PO box,12326,0213,Murrieta,ca,92564,016276274,
A105952,GLENN,,MARTINEZ,39728,CANDYAPPLE,WY,,,murrieta,CA,92562,P O BX,12326,,MURRIETA,CA,9256A,016-276274,1946-02
A102427,GLENN G.,,MARTNEZ,39 728,CANDY APPLE,WAY,,,MURIRIETA,CA,92562,,12326,213,MURIETA,,,,19460218
A105310,g.,,martinez,39728,CNDY APL,WAY,,,Murrieta,CA,92562,POBX,,,,CA,92564,,1946
A106589,JOSH,,CHAHEL,3972.8,CANDY APPLE,WAY,,,MURRIETA,CA,92562,PO BOX,12326,213,MURRIETA,CA,92564,016-27-6274,
A104068,BRADLEY,,LYONS,13701,ARROW HEAD,RD,,,CLEARLAKE,CA,95422,,,,,,,016-27-4422,1948-06-09
A103216,B. Martinez,,,13701,ARROWHEAD,ROAD,,,CLEAR LAKE,CA,95422,,,,,,,016274422,
A101298,bertha,,MARTINEZ,1370i,ARROWHEAD,RD,,,CLEARLAKE,CA,9542,,,,,,,,19480609
A104131,BERTHE,,Martinez,13701,ARROWHEAD,RD,,,CLEARLAKE,CA,95422,,,,,,,016-27-,1948
A100119,B. M.,,,13701 ,ARROWHEAD,,,,CLEARLAKE,CA,,,,,,,,,
A101141,BERTHA,,MARTINEZ,13 701,ARROWHEAD,RD,,,clear-lake,CA,95422,,,,,,,,06/09/1948
A102800,GLENN,G,MARTINEZ,13701,ARROWHEAD,RD,,,CLEARLAKE,CA,95422,,,,,,,016-27-6274,
A101128,Glen,,Martinez,13701,ARROWHD,RD,,,CLEARLAKE,CA,9542,,,,,,,,19460218
A100140,G.MARTINEZ,,,13701 ,ARROWHEAD,RD,,,CLEAR LAKE,CA,95422,,,,,,,016276274,
A106396,BERTHA,,MILLAN,4452,137th,Street,APT,3,hawthorne,CA,90250,PO BOX,29190,1482,hawthorne,CA,90251,017-97-6469,1983-05-14
A106691,BIRTHA,,MILLAN,4452,137TH,ST,APT.,,HAWTHORNE,CA,9025,P O BX,29190,,HAWTHORNE,CA,,017976469,
A103452,B Millan,,,4452,137 TH,ST,APT,03,Hawthorne,CA,90250,POBOX,29190,1482,Hawthorne,,90251A,,19830514
A102814,Berntha,,Millan,6908,CHEVY CHASE,WAY,,,SACRAMENTO,CA,95823,,,,,,,017-97-6469,
A106868,WILLIAM,,VILLARREAL,6908,CHEVYCHASE,WAY,,,SACRAMENTO,CA,9582,,,,,,,017976469,19830514
A100431,BERT,,MILLAN,6908,CHEVY CHASE,WY,,,Sacramento,CA,95823,,,,,,,,1983-05-14
A105397,SEAN,ANN,CALNGE,6908,CHEVY CHAS,WAY,,,SACRAMENTO,CA,95823,,,,,,,,
A105178,Bertha.,,MIDLAN,6908,chevy chase,WAY,,,sacramento,CA,95823,,,,,,,017-97-6469,
A106818,BERTHA,,MILLAN,0546,VERDE,AVE.,,,FALLBROOK,ca,92028,,,,,,,017-97-6469,19830514
A105684,B. MILAN,,,546,VERDE,AVE,,,Fallbrook,CA,9202,,,,,,,017976469,
A100132,BERHTA,,MILLAN,546,VERDE,AVE,,,FALLBROOK,CA,92028,,,,,,,,1983-05-14
A105426,M. C. SCHERER,,,546,VERD,AVE,,,FALLBROOK,CA,92028,,,,,,,,
A101290,H.,,Watson,546,VERDE,,,,FALLBROOK,CA,92028,,,,,,,017-97-6469,
A102263,Cynthya,,Leape,1514,OLD ANETTA,RD,,,ALE DO,TX,76008,,,,,,,017-98-3421,19890616
A105409,CLAUDIA,,LAXTON,1514,OLD ANNETTA,ROAD,,,ALEDO,TX,76008,,,,,,,017983421,
A106552,DAVID,,MARTINZ,1514,OLD ANNETTA,,,,Aledo,Tx,7600,,,,,,,,1989-06-16
A107105,DAVE,,MARTINEZ,1514,OLD ANNETTA,RD,,,ALEDO,TX,76008,,,,,,,017-98-3421,
A105146,BERTHA,,MARTINEZ,10346,GOLD COAST,CT,,,SAN DIEGO,CA,92126,P.O. BOX,2233,45236,SAN DIEGO,CA,92145,017-97-6469,19830514
A105935,B. MARTINEZ,,,10346,GOLDCOAST,CT,,,SAN DIEGO,CA,92126,PO BOX,2233,45236,SanDiego,CA,92145,017976469,
A103634,BERHTA,,MARTINEZ,10346,GOLD COAST,,,,SAN DIEGO,CA,9212,,,,,,,,1983-05-14
A101244,David,,Martinez,10346,GOLD COAST,Court,,,san diego,CA,92126,POBOX,2233,45236,SAN DIEGO,CA,92145,017983421,1989-06-16
A104374,D Mart.,,,10346,GOLD COAST,CT,,,SanDiego,Ca,9212,P.O. Box,2233,45236,San Diego,,92145,017-98-3421,
A101356,DAVID,,MARTINEZ,10346,GOLDCOAST,CT,,,SAN DIEGO,CA,92126,,,,,,,,19890616
A103476,DAVE,,MARTINEZ,10346,GOLD COAST,CT,,,SAN DIEGO,CA,92126,po box,2233,45236,SAN DIEGO,CA,92145,,
A103610,BERTA,,MARTINZ,1848,75TH,STREET,,,"LOS,ANGELES",CA,90047,,,,,,,017-97-6469,
A105235,B. Martinez,,,1848,75TH,ST,,,LOS ANGELES,CA,90047,,,,,,,,19830514
A104129,Jennifer,W,Carvallo,1848,75 TH,ST,,,los angeles,CA,9004,,,,,,,017976469,
A101737,david,,Martinez,1848,75th,St,,,los angeles,ca,90047,,,,,,,017983421,1989-06-16
A103088,DAVE,,MARTINEZ,1848 ,75TH,st.,,,"Los,Angeles",CA,90047-,,,,,,,017-98-3241,19890616
A102539,D. ,,MARTINES,1884,75TH,ST,,,LOS ANGELES,CA,90047O,,,,,,,,
A107120,BRNDA,,SNEAD,491,11th,ST,,,HIALEAH,FL,33010,PO BOX,976,,hialeah,fl,33012,036247660,09/16/1971
A103856,Brenda,,Snead,491,11TH,ST.,,,Hialeah,FL,330l0,P o BoX,976,126743,Hialeah,FL,33012,036-24-7660,
A100336,karen,,Rodrguez,491,11th,Street,,,HIALEAH,FL,33010,P.O.BOX,976,126743,,,,,1971
A107121,breanda,,SNEAD,491#,11TH,,,,HIALEAH,FL,33010,,,,,,,03624-7660,19710916
A104482,BRENDA,, SNEAD ,491,11TH,ST,,,HIALEAH,FL,33010-12,PO bx,976 ,126743 ,HIALEAH,FL,33012 ,036-24-766O,1971-09
A100467,B. SNEAD,,SNEAD,491,ELEVENTH,ST,,,HIALEAH,FL,33010,PO BOX,,,,,,,16-09-1971
A104506,DAVE,,MARTINEZ,1415,9th,St,,,Homestead,FL,33030,p.o.box,31782,924571,HOMESTEAD,FL,33092,036-24-7660,19710916
A102988,MARY,,SAVOYE,1415,9TH,st.,,,HOMESTEAD,fl,33030,PO BOX,31782 ,924571 ,Homestead,FL,33092 ,036247660,1971-09-16
A100999,B SNEAD,,SNEAD,1415,9TH,,,,HOMESTD,FL,33030,,,,,,,,
A102985,BRENDA,,SNEAD,5538,Golden Eagle,CIR,,,Palm Beach Gardens,FL,33418,,,,,,,,1971
A103354,Brnda,,Snead,553B,GOLDEN EAGLE,CIR.,,,PALM BEACH GARDENS,FL,33418,,,,,,,036-24-7660,19710916
A105760,B SNEAD,,SNEAD,5538,GOLDEN EAGLE,,,,PBG,FL,33418,,,,,,,036-24-7660,
A104049,BRENDA,,SNEAD,5538,GOLDEN EAGLE ,CR,,,"PALM BEACH, GARDNS",FL,3341B,,,,,,,036-24-7660,1971-09-16
A103342,ORSLYNNE,B,GRANT,23526,Estrella,PL,,,VALENCIA,CA,91355,PO BOX,4749,801611,VALENCIA,CA,91380,036-25-6398,19790314
A104434,Orslynne,B.,Grant,23526,ESTRELLA,pl.,,,Valencia,CA,91355,p o box,4749,801611,VALENCIA,CA,91380,036256398,1979-03-14
A102390,O. B. GRANT,,GRANT,23526,ESTRELA,PL,,,"VALENCIA,",CA,91355-,pobox,4749,801611,,,,,1979
A107182,james,,gonzales,23526,ESTRELLA,PL,,,VALENCIA,CA,9135S,po bx,4749,,valencia,ca,91380,036-25-6398,03/14/1979
A104182,ORSLYNNE,B,GRANT,3660,wisteria,ST,,,seal beach,CA,90740,,,,,,,036-25-6398,14-03-1979
A101797,Orslynne,B,Grant,366O,WISTERIA,St.,,,SEAL BEACH,CA,90740,,,,,,,036256398,19790314
A100421,ORSLYNNE,B.,GRANT,3660,WESTERIA,ST,,,"Seal,Beach",CA,90740,,,,,,,036-2S-6398,
A100197,O.B.Grant,,GRANT,3660,WISTERIA,,,,SEAL BEACH,CA,90740,,,,,,,,1979
A104399,ORSLYNNE,B,GRANT,3660,WISTERIA,STR.,,,"SEAL BEACH,CA",CA,9074O,,,,,,,036-25-6398,1979-03
A106755,ORSYLNNE,B,GRANT,3660 ,WISTERIA,ST,,,SEAL BEACH,CA,,,,,,,,036-25-6398,19790314
A103094,BRENDA,,GRANT,311,Fan palm,pl,,,Panama City,FL,32408,pobox,35259,16743,panama city,fl,32406,036-24-7660,19710916
A104097,LUCILE,,AGUILLARD,311,FAN PALM,PL,,,PANAMA CITY,FL,324O8,PO BX,35259,16743,PANAMA CITY,FL,32406,036-24-766O,1971-09-16
A102143,B.,,GRANT,311,FAN PALM,,,,"PANAMA,CITY",FL,32408,,,,,,,,
A102310,BRENDA,,GRANT,31l,FAN PALM,PL,,,PANAMA CITY,FL,32408-,PO BOX,35259,16743,PANAMA CITY ,FL ,32406 ,036247660,1971
A105504,ORSLYNNE,B,GRANT,311,FAN PALM,PL,,,PANAMA CITY,FL,32408,PO BOX,35259,16743,PANAMA CITY,FL,32406,036-25-6398,19790314
A102282,O. B. Grant,,GRANT,311,FAN PALM,Pl.,,,"Panama,City",FL,32408,p o box,35259,16743,PANAMA CITY,FL,32406,036256398,03/14/1979
A105685,ORSLYNNE,B,GRANT,311,FAN PALM,,,,PANAMA CTY,FL,32408,pobox,35259,16743,,,,,1979-03-14
A103930,ORSYLNNE,B,GRANT,311,FAN PALM ,PL,,,panama city,fl,324O8,PO BOX,35259,16743,PANAMA CITY,FL,32406,036-25-6398,19790314
A101793,Orslynne,B.,Grant,311,FAN PALM,PL,,,PANAMACITY,FL,32408,,,,,,,036-25-6398,
A104673,BRENDA,,GRANT,14,1ST,ST,APT,28,FORT WALTON BEACH,FL,32548,,,,,,,036-24-7660,19710916
A106030,BRENDA,,GRANT,14,1st,St.,Apt.,28,FT WALTON BEACH,FL,32548,,,,,,,036247660,09/16/1971
A102729,B.,,GRANT,14,FIRST,,,,"FORT,WALTON,BEACH",FL,32458,,,,,,,,1971
A104229,BRNDA GRANT,,GRANT,14,1ST,ST,apt,28,FORT WLTN BCH,FL,32548-,,,,,,,036-24-766O,1971-09
A102711,BRENDA,,GRANT,14 ,1ST,ST,APT, 28,FORT WALTON BEACH,FL,,,,,,,,036-24-7660,
A100544,B GRANT,,GRNAT,14,1ST,ST,APT,28,FT.WALTON.BEACH,FL,32548,,,,,,,036247660,16-09-1971
A107204,ORSLYNNE,B,GRANT,14,1ST,ST,APT,28,FORT WALTON BEACH,FL,32548,,,,,,,036-25-6398,19790314
A105677,Orslynne,B.,Grant,14,1st,St.,Apt.,28,Ft Walton Beach,FL,32548,,,,,,,036256398,03/14/1979
A106870,O B GRANT,,GRANT,14,FIRST,,,,"FORT WALTON,BEACH",FL,32548-,,,,,,,036-25-6398,197903
A105771,ORSYLNNE B. GRANT,,GRANT,14,1ST,ST,apt,28,FORT WLT BCH,FL,32548,,,,,,,,1979
A100021,JORGE BELGICA,,O'CONNOR-SMITH,3420,24th,PKWY,,,SARASOTA,FL,34235,PO BOX,5973,1257,SARASOTA,FL,34230,036-24-7660,19710916
A102928,B. GRANT,,GRANT,3420,24TH,PKY,,,sarastoa,FL,34235,pobox,5973,1257,,,,036-24-7660,09/16/1971
A103146,Brenda,,GRANT,342O,24TH,PKWY.,,,SARASOTA,FL,34235-,PO BX,5973 ,1257 ,SARASOTA,FL,34230 ,,1971
A102735,BRENDA,,GRNT,3420,24TH,PKWY,,,"SARASOTA ,FL",FL,34235,PO BOX,,,,,,036-24-7660,
A102018,Maria,L,Mesnard,3420,24TH,PKWY,,,SARASOTA,FL,34235,PO BOX,5973,1257,SARASOTA,FL,34230,036-25-6398,19790314
A104627,Orslynne,B.,Grant,3420,24th,PKWY.,,,"Sarasota,FL",FL,34235,p o box,5973,1257,Sarasota,fl,34230,036256398,1979-03-14
A101178,O B Grant,,GRANT,3420,24TH,PKY,,,SARASOTA,FL,34235,pobox,5973,1257,SARASOTA,,,036-25-6398,197903
A102538,ORSYLNNE B. GRANT,,GRANT,3420,24TH,PKWY,,,SARASOTA,FL,34235,,,,,,,,1979
A100832,ORSYLNNE,B,GRANT,342O,24TH,PKWY,,,SARASOTA,FL,34235-,PO BOX,5973,1257,SARASOTA ,FL,34230 ,,03/14/1979
A103478,Brenda,,BRIGGS,402 ,lander,Ln.,,,Dripping Springs,TX,78620,PO bx,74972,1558,Dripping Springs,Tx,78620,156720560,1964-12-26
A101718,BRENDA,,BrIggs,402,Landeer,LN,,,DRPPING SPRNGS,TX,7862O,POBOX,74972,1558 ,"DRIPPING,SPRINGS",T X,78620,156-72-056O,19641226
A103832,B.J.,,BRIGGS,402,LANDER,,,,DRIPPING SPRINGS,TX,78620,PO BOX,74972,,DRIPPING SPRINGS,TX,,156-72-XXXX,19641226
A105606,BRENDA,,BRIGGS,402,LAN DER,LN,,,DRIPPING SPRINGS,TX,78620,,,,,,,156-72-0560,
A101875,bRENDA,,Briggs,,LANDER,LN,,,dripping springs,tx,78620,PO BOX,74972,1558,dripping springs,tx,78620,,64/12/26
A106610,BREND A,,BIGGS,402,LANDER,LN,,,DRIPPING SPRING,TX,78620-,P 0 B0X,074972,1558,DRIPPNG SPRINGS,TX,7862O,156-72-0560,1964
A106434,PAUL,A.,GRANT,1571,76th,ST,,,Hialeah,FL,33014,,,,,,,156731181,1972/10/18
A103697,P. Grant,,GRANT,1571,76TH,ST.,,,hialeah,fl,33014-,,,,,,,156-73-1181,
A105457,PAULL,ALICE,GRANT,1571,76TH,S,,,"Hialeah,",FL,33014a,,,,,,,156-73-1181,19721018
A102919,PAUL,ALICE,GRANT,15 71,76th,ST,,,HIALEAH,FL,33014,,,,,,,,1972 10 18
A106626,Pau l,,GRNT,1571,76th,,,,hialeah,FL,,,,,,,,156 73 1181,
A105839,P. A.,,GRANT,3740,APFEL,Rd,,,Zephyrhills,FL,33543,P.O. BOX,1776,24,ZEPHYRHILLS,FL,33539,156-73-XXXX,19721018
A106087,PAUL,ALICE,GRANT,3740 ,Apfel,,,,ZEPHYRHILLS,FL ,33543,POBOX,1776,,Zephyrhills,FL,33539,156-73-1181,1972
A106299,PAUL,,GRANT,374O,AFPHEL,RD,,,ZEPHRHILLS,FL,3354S,PO BOX,1776,24,ZEPHYRHILLS,FL,33539,156.73.1181,1972-10-18
A106570,Paul,Alice,GRANT,3740,APFEL,RD,,,"zephyrhills,",fl,33543,PO BOX,1776,24,ZEPHYRHILLS,FL,33539-,156-73-1181,
A102093,PAUL ALICE,,GRANT,3740,APFEL,ROAD,,,zEPHYRHILLS,FL,33543,P O BOX,1776,24,ZEPHYRHILLS,fl,33539,,19721018
A100926,Paul,Alic,GranT,3740,APFE L,RD,,,Zephyrhills,FL,33543 ,PO BOX,1776 , 24,ZEPHYRHILLS,FL, 33539,156-73-1181,19721018
A101168,BRENDA,,GRANT,6933,Genevieve,Dr,,,"FORT, WORTH",TX,76137,,,,,,,156-72-0560,1964-12-26
A100490,John,E,Garcia,6933,GENEVIEVE,DR.,,,Ft. Worth,Tx,7613Z,,,,,,,156-72-0560,19641226
A104907,B. Grant,,GRANT,6933,GENEVIEVE,DR,,,FORT WORTH,TX,76137,,,,,,,,19641226
A101303,Brenda,,GRANT,6933,GENEVIEVE,,,,FORTWORTH,TX,76137,,,,,,,156/72/0560,1964/12/26
A100035,Brend a,,GRENT,6933,GNVIEVE,DR,,,Fort Worth,TX,76137-,,,,,,,156-72-0560,
A104572,B R E N D A,,G R A N T,6933,GENEVIEVE,DR,,,FORT WORTH,TX,76137,,,,,,,156-72-056O,1964
A101255,PAUL,ALICE,GRANT,6933,GENEVIEVE,DR,,,Ft Worth,TX,76137,,,,,,,156-73-1181,19721018
A103902,P. A. Grant,,GRANT,,GENEVIEVE,DR,,,FORT WORTH,TX,7613Z,,,,,,,,19721018
A102129,PAUL,ALICE,GRNAT,6933,GENEVIEVE,,,,"FORT,WORTH",TX,76137,,,,,,,156731181,
A100478,CAROLYN,,LOPEZ,650,WindWard ,way,,,"YUBA,CITY",CA,95991-,,,,,,,030-26-9752,1925-03-23
A102257,cAROLYN,,L0PEZ,0650,WINDWARD,WY,,,yuba city,ca,95991,,,,,,,030-26-9752,25/3/23
A101791,CARO LYN,,LOPEZ,650,WINDWARD,WAY,,,YUBA CITY,CA,9599I,,,,,,,,19250323
A104658,TERESA,,AANANYA,650,WINDWARD,,,,YUBACITY,CA,95991,,,,,,,030 26 9752,
A101092,CAROLYN,,LOPEZ,24391,WHITAKER,WAY,,,MURRIETA,CA,92562,,,,,,,030-26-9752,19250323
A100424,C. Lopez,,LOPEZ,24391,WHITAKER,wy,,,murrieta ,ca,92562 ,,,,,,,030-26-9752,1925-03-23
A103670,CAORLYN,,LOPEZ,,WHITAKER,WAY,,,MURRIETTA,CA,9256Z,,,,,,,030-26-9752,19250323
A102854,CAROLYN,,LOPEZ,24391,WHITAKER,WAY,,,MURRIETA,CA,92562,,,,,,,,1925
A104955,AUGUST,,BROWN,21771,Tanglewood,DR.,,,Castro Valley,CA,94546,,,,,,,030-27-3347,19150722
A105783,AUGUST,,BROWN,21771,TANGLEWOOD,DR,,,"CASTRO,VALLEY",CA,94546-,,,,,,,030-27-3347,22-07-1915
A104925,Augst,,BRWN,217 71,TANGLE WOOD,,,,CASTRO VALLEY,CA,94546,,,,,,,,19150722
A105132,A. Brown,,BROWN,5389,katherine,st,,,simi valley,ca,93063,,,,,,,030-27-3347,1915-07-22
A104686,AUGUST,,BROWN,5389,KATHERINE,,,,"SIMI,VALLEY",CA,9306Z,,,,,,,,19150722
A103815,AUGUST,,BR0WN,5389,KATHERINE,ST,,,SIMI VALLEY,CA,93063,,,,,,,030-27-3347,
A104754,August,,Brown,05389,KATHERINE,ST.,,,SIMI VALLEY,CA,93063,,,,,,,030 27 3347,19150722
A100306,AUGUSTUS,,BROWN,5389,KATHRINE,ST,,,SIMI VALLEY,CA,93063,,,,,,,030-27-3347,1915
A107024,AUGUST,,BROWN,7922,DAY CREEK,BLVD,Apt.,6213,RANCHO CUCAMONGA,CA,91739,,,,,,,030-27-3347,19150722
A100479,AUGUST,,BROWN,7922,DAYCREK,BLVD,APT,6213,"RANCHO,Cucamonga",CA,9173Z,,,,,,,030-27-3347,1915/07/22
A106019,DIANNA,M,HERNANDEZ,7922,DAY CREEK,BLVD,,,RANCHO CUCAMONGA,CA,91739-,,,,,,,,19150722
A105751,CAROLYN,,BROWN,4140,HIGHWAY371,,,,MC CASKILL,AR,71847 ,,,,,,,030-26-9752,19250323
A100814,Car LYN,,BROWN,,HWY 371,,,,"MC CASKILL,",AR,71847,,,,,,,030-26-9752,19250323
A102393,C. Brown,,BROWN,4140,HIGHWAY 371,,,,"MC,CASKILL",AR,71847,,,,,,,030269752,1925
A106819,KIRK,,CASILLAS,414O,HIGHWAY 371,,,,MCCASKILL,AR,71847,,,,,,,,19250323
A102544,AUGUST,,BROWN,4140,HIGHWAY 371,,,,MC CASKILL,AR,71847,,,,,,,030-27-3347,19150722
A103628,AUGUST,,BRWN,4140,HWY371,,,,MC CASKILL,AR,71847-,,,,,,,030-27-3347,1915/07/22
A106189,A Brown,,BROWN,,HIGHWAY 371,,,,"MC CASKILL,",AR,71847,,,,,,,,19150722
A100531,AUGUSt,,BROWN,414O,HIGHWAY 371,,,,mc caskill,ar,71847,,,,,,,030-27-3347,
A104718,carolyn,,zambrano,200,paris,Ln,apt.,111,newport beach,CA,92663,,,,,,,104491292,1957-08-10
A101861,CAROLYn,,ZAMBRANO,200,Paris,LN,APT,11I,NEWPORT BEACH,CA,9266,,,,,,,104-49-1292,
A106997,C. Zambrano,,,200,parris,ln,,111,NEWPORT BEACH,CA,92663-,,,,,,,,19570810
A105882,CAROLYN,,Zambranno,809,CONIYR,ST,,,VISALIA,CA,93291,p o Box,9625,7838,ViSaLiA,CA,93290,104-49-1929,1957/08/10
A106849,carolynn,,zambrano,809,conyer,st.,,,VISALIA,CA,,PO BX,9625,7838,VISALIA,CA,9329O,,19570810
A105859,C.ZAMBRANO,,,0809,CONYER,,,,Visalia,CA,93291,,,,,,,104-49-1292,
A100909,GREGORY,G.,LOPEZ,06711,DANDELION,DR,,,ft.worth,TX,76137,POBOX,4102,,fort worth,TX,76179,104494243,19540116
A100744,MAria,,GarzA,6711,dandelon,DR,,,FORT WORTH,,7613A,PO BOX,4102,79373,FORT WORTH,TX,76179,,1954
A101597,G.Lopez,,,6711,Dandelion,DR.,,,"FORT,WORTH",TX,76137-,,,,,,,104-49-4243,16-01-1954
A104463,CAROLYN,,LOPEZ,7761,Victor,Ave,,,hesperia,CA,92345,PO BOX,19197,403022,HESPERIA,CA,92340,104-49-1292,19570810
A106256,C. LOPEZ,,,7761,VIKTOR,Ave.,,,HESPERIA,ca,9234,P O Box,19197.,,Hesperia,CA,92340,,1957-08-10
A107108,Caroline,,Lopez,7761,Victor,,,,HESPERIA,CA,92345,,,,,,,104-49-1929,195708
A100446,C.Z.,,,7761,Vactor,AVE,,,Hesperia,CA,92345,POBX,19197,403022,HESPERIA,CA,,,19570810
A102951,Gregory,,LOPEZ,7761,Victor,Ave,,,Hesperia,CA,92345,PO BOX,19197,403022,HESPERIA,CA,92340,104-49-4243,1954-01-16
A100143,G. Lopez,,,7761,Victor,,,,Hesperia,,92345,,,,,,,104494243,195401
A100656,greg,,lopeZ,776I,viktor,ave,,,HESPERIA,CA,,POB OX,I9197,40302Z,HESPERA,CA,92340,,54
A105572,carolyn,,López,2303,MERTON ,AVE,#6,,"los,angeles",CA,90041,,,,,,,104491292,1957-08-10
A100687,C. LOPEZ,,,2303,MERTN,AV,,6,LOS ANGELES,CA,90041-,,,,,,,,19570810
A100787,Carolyn,,Lopez,2303,MERTUN,AVE.,APT,6,LOS ANGELES,CA,9004I,,,,,,,104-49-1929,
A105136,gregory,G,LOPES,2303,MERTON,AVE,APT,6,los angeles,CA,90041,,,,,,,104-49-4243,19540116
A102170,G. Lopez,,,2303 ,MERTOH,AVE,Apt,6,"LOS,ANGELES",CA,90041,,,,,,,104494243,16-01-1954
A101537,Gregory,,Lopez,2303,Mertun,AVE.,APT,6,Los Angeles,CA,90041,,,,,,,,1954
A106018,gregory,,Lopez,23003,MERTON,AVE,,,L.A.,CA,9004I,,,,,,,104-49-4243,
A106350,GREG,,LOPEZ,2303,MERTON,AVE,APARTMENT,6,LOS ANGELES,CA,90041,,,,,,,104-49-1243,1954/01/16
A104170,cecillia,,MASSIMILLO,4666,KIRKLAND,AVE,,,"SPRING,HILL",FL,34606,POBOX,11848,3353,SPRNG HILL,FL,34611,047-02-5086,19690523
A105968,C. Massimillo,,,4666,KIRKLAND,,,,SPRING HILL,FL,34606,PO BOX,11848,,SPRING HILL,FL,3461I,047025086,1969
A104246,CECELIA,,masimillo,4666,kirkland,Av,,,SPRING HILL,FL,34606-,,,,,,,,23-05-1969
A101270,Chad ,,Rodriguez,150,KELLYVILLE CUT OFF,,,,jefferson,TX,75657,,,,,,,047-02-5193,19740501
A105646,CHAD,,RODRIGUES,150,KELLYVILLE CUTOFF,,,,JEFFERSON,TX,7565,,,,,,,047-025193,1974-05-01
A104965,C. Rodriguez,,,150,KELLYVILLE,CT OFF,,,"jefferson,TX",,07657,,,,,,,,197405
A105042,chad,,RODRIGUEZ,0150,kellyvill cut off,,,,JEFFERSON,TX,75657,,,,,,,,
A100381,CHAD,,RODRIGUEZ,2701,BELL,AVE,,,DENTON,TX,76209,PO BOX,8595,51994,DENTN,TX,76206,047-02-5193,19740501
A104607,C. Rodriguez,,,2701,BELL,AVE.,,,DENTON,TX,76209,pobox,8595,51994,Denton,TX,76206-,,1974-05-01
A107237,CHADD,,RODRIGUEZ,2701,BEll,Ave,,,"denton,TX",,76209,,,,,,,047025193,197405
A101980,CHAD,,RODRIGEZ,2071,BELL,AV,,,DENTON,TX,762O9,PO BOX,8595,51994,DENTON,TX,762O6,,
A105392,C. ROdriguez,,,2701 ,BEL,AVE,,,dentn,tx,76209,PO BOX,8595,51994,DENTON,TX,,047-02-5193,05/01/1974
A100410,Cecilia,,Rodrigues,2061,REDLANDS,BLVD,APT.,4E,REDLANDS,CA,92373,,,,,,,047-02-5086,19690523
A104666,C. Rodriguez,,,2061,REDLONDS,BLV,,4E,REDLANDS,CA,92373,,,,,,,047025086,23-05-1969
A100996,cecilia,,Rodriguez,206I,REDLANDS,BLVD,APT,4E,"redlands,CA",,9237,,,,,,,,1969
A104734,M Lewis,,Qgley,2061,REDLAANDS,BLVD.,,4E,REDLANDS,CA,92373,,,,,,,047-02-5086,
A101566,C. RODRIGUEZ,,,2061,REDLADNS,BLVD,,4E,Redlands,CA,92373-,,,,,,,,05/23/1969
A106926,Cecilia,,Rodriguez,2061,REDLANDS,BVD,APARTMENT,4E,redlands,CA,92373,,,,,,,047-02-5086,19690523
A104595,CHAD,,RODRIGUEZ,2061,REDLANDS,BLVD,APT,4E,REDLANDS,CA,92373,,,,,,,047-02-5193,19740501
A106103,C. Rodriguez,,,2061,REDLANDS,,APT,4E,"REDLANDS,CA",,92373,,,,,,,,1974
A106805,PATRICIA,,LEWIS,206I,REDLADS,BLV,,4E,redlands,CA,92373-,,,,,,,,05/01/1974
A102959,chad,,rodriquez,2061,redlands,BLVD.,APARTMENT,4E,REDLANDS,CA,92373,,,,,,,047025193,
A100236,Cecelia,,Rodriguez,2056,phoenix,Circle,,,PORT HUENEME,CA,93041,po box,84923,24,Port Hueneme,CA,9304,047025086,1969-05-23
A104341,C. RODRIGUEZ,,,2056,PHONIX,CIR,,,port hueneme,CA,93041,POBx,84923-24,,PORT HUENEME,CA,93044,047-02-5086,19690523
A106628,Ceclia,,Rodriquez,205 6,Phoenix,Cir.,,,PORT HUENEME,CA,93041,PO BOX,84923,,"port,hueneme",CA,93044,047-025086,
A104881,cecilia ,,rodriguez,2056,Phoenix,,,,PORTHUENEME,CA,93041,P O BOX,84923,24,,,,,1969-05
A102201,Chad,,Rodriguez,2056,PHENIX,CIR,,,Port Hueneme,CA,93041-,PO BOX,84923,24,PORT HUENEME,CA,9304A,047-02-5193,19740501
A106081,C had,,RODRIGEZ,2056,Phoenix Cir,,,,PORTHUENEME,CA,93041,P0 B0X,84923,24,PORTHUENEME,CA,93044,047025193,1974-05-01
A106824,M.,,VILLARREAL,20 56,Phoenix,CIR,,,port hueneme,ca,93041,PO BOX,84923 24,,,,,,197405
A105016,C.,,Rodrigues,2056,Phx,Cir,,,"PORT,HUENEME",CA,93041,POBOX,84923,24, PORT HUENEME ,CA,93044,047-02-5193,
A107246,Mary,,favareto, 2056,PHOENIX,CIR.,,,Port Hueneme,CA,9301,PO BOX,,,,,,047 02 5193,1974/05/01
A105203,Chadwick,,Rodriguez,2056,Phoenix,CIRCLE,,,PORT HUENEME,CA,93041,P.O. BOX,84923,24,PORT HUENEME,CA,93044-,047-02-519,19740501
A100665,Cecilia,R.,Massimillo,311,Gesner,RD,,,Houston,TX,77024,po bx,4857,280034,HOUSTON,TX,77228-,047-02-5086,1969-05-23
A101964,C MASSIMILLO,,,311,Gessner Rd,,,,HOUSTON,TX,77024,PO BOX,4857-280034,,Houston,TX,77228,047025086,19690523
A105787,cecilia,,Massamillo,31 1,gesner,Rd.,,,Houston,TX,7704,,4857,,Houston,,77228,,1969-05
A103592,Cecelia,Rodrigez,Massimillo,311,GESNER,ROAD,,,houston,tx,77024,P O BOX,48 57,280034,HOUSTON,TX,77228,047-02-5086,
A103075,C.R.,,Massimillo,1603,Crestwood Ln,,,,pasadena,TX,77502,,,,,,,047025086,19690523
A100953,Cecilia,,Massimilo,16 03,Crestwood,Ln,,,"pasadena,",TX,7750,,,,,,,,1969/05/23
A106825,Cecilia,,MASSIMILLO,1603,Crestwud,LN,,,pasadena,Tx,77502,,,,,,,047-02-5086,
A101911,cecilia ,,MASSIMILLO,1603,CRESTWOOD,,,,PASADENA,TX,77502,,,,,,,,196905
A106614,Cicilia,,Massimillo,1603,Cristwood,LN,,,Pasadena,TX,77502,,,,,,,047025086,1969-05-23
A104196,C MASSIMILLO,,,1603,Crestwood,LN,,,PASADENA,TX,77502,,,,,,,,
A105873,P.,A,Moreira,11318,MISTY ISLE,LANE,,,Riverview,FL,33579,,,,,,,047-02-5193,19740501
A102732,C.Rodriguez,,,1131 8,MISTYISLE,LN,,,r i v e r v i e w,FL,33579,,,,,,,,1974-05-01
A102642,Chadwick,,Rodrigz,11318,MISTYISLE,LN,,,RIVERVIEW,FL,3357,,,,,,,047025193,19740501
A100279,chad ,,rodriguez,11318,MISTY ISLE,LN,,,RIVERVIEW,FL,33579,,,,riverview,FL,33579,047 02 5193,
A102230,CHAD,,RODRIGUEZ,11318,MISTY ISLE,LN,,,RIVERVEEW,FL,33579,,,,,,,,
A105560,Chad,,Rodriguiez,11318,MISTYISLE,LN,,,Riverview,Fl,33579,,,,,,,,1974/05/01
A106661,Chad,,Rodriguez,2456,Trail,Ave,,,Port Saint Lucie,FL,34952,POBOX,4349,8433,PORT SAINT LUCIE,FL,34985,047-02-5193,19740501
A104216,Chadwick,,Rodriguez,2 456,Trail,AVE,,,PORT SAINT LUCIE,FL,34952,PO BOX,4349-8433,,PORTSAINTLUCIE,FL,34985-,047025193,19740501
A103116,cecilia,,Gomez,2456,trail,ave,,,port saint lucie,fl,3495,po box,4349,8433,"port,saint,lucie",fl,34985,,1974-05
A105414,C RODRIGUEZ,,,2456,TRAIL AVE,,,,PORT SAINT LUCIE,FL,34952,PO-BX,43498433,,,,,047 02 5193,
A101728,ROBERT,,PEREZ,1217,Price CIR,,,,Port Charlotte,fl,33948,,,,,,,047025193,19740501
A102555,chadd,,rodriguez,1 217,price,cir,,,port charlotte,FL,33948,,,,,,,047-02-5193,1974-05
A102666,C. Rodriquez,,,1217,Price,CIRC,,,"PORT,CHARLOTTE",FL,33948-,,,,,,,,19740501
A101680,Cecilia,,Rodriguez,6709 5,Orchard Ave,,,,Bell,CA,9021,,,,,,,161881702,1978-02-01
A104189,cecilia,,Rodriges,6709.5,Orchard,AVE,,,BELL,CA,90201,,,,Bell,CA,90201,,1978/02/01
A102573,C. Rodriguez,,, 6709.5,Orchrd,AVE,,,BELL,ca,90201,,,,,,,161-88-1702,
A104236,chad,,gomez,128,puelba,LN,,,KISSIMMEE,FL,3474,POBOX,2938,421136,KISSIMEE,FL,34742,161916513,19770313
A102153,Chad,,Gomes,128,PUELBA,Ln,,,kissimmee,fl,34743,po bx,2938-421136,,,,,161-91-6513,1977-03-13
A102354,C. Gomez,,,1 28,PUELBA,LN,,,KISSIM MEE,FL,34743,PO BOX,,,KISSIMMEE,FL,34742,161 91 6513,
A103138,chadd,,gomez,128,PUEBLAA,LN,,,kissimee,FL,34743,P0 B0X,2938,421136,KISSIMMEE,FL,34742-,161-91-6513,197703
A102175,Chadwick,,Gomez,128,PUELBA,LN,,,KISSIMMEE,FL,34743-,PO BOX,2938,421136,KISSIMMEE,FL,34742,,1977/03/13
A100599,CHAD,,GOMEZ,128,PUELBA,LANE,,,KISSIMMEE,FL,34743,PO BX,2938421136,,KISSIMMEE,FL,34742,161-91-6513,
A102660,Chad,,Gomez,1009,WINDINGWILLOW,DR,,,Trinity,FL,34655,,,,,,,161-91-6513,1977-03-13
A100224,C. Gomez,,,1 009,winding willo,DR,,,TRINITY,FL,3465,,,,,,,,197703
A101422,Chadd,,Gomez,1009,WINDING WILLOW,DRV,,,Trinity,fl,34655-,,,,Trinity,FL,34655,161916513,
A105826,Chad,,GOMES,1009,WINDING WILLOW,,,,Trin ity,FL,34655,,,,,,,161-91-6513,19770313
A103008,Chad ,,Gomez,1009,W. Willow,DR,,,TRINITY,FL,34655,,,,,,,,1977/03/13
A103150,Cecilia,,Gomez,153,MAIN ST,,,,Fillmore,CA,93015,POBox,22800,806,Fillmore,CA,93016,161-88-1702,1978-02-01
A106194,C.Gomez,,,153,MAiN,ST,,,FILLMORE,CA,9301,P O BOX,22800-806,,FILLMORE,CA,93016,161881702,19780201
A104264,cecilia,,Gomez, 153,Main,St.,,,Fillmore,CA,93015,po box,22800,806,fillmore,CA,93016,,1978-02
A103512,Cecillia,,Gomes,153,Main,ST,,,FILLMORE,CA,93015,PO BX,22800,806,,,,161-88-1702,1978/02/01
A100585,C GOMEZ,,,153,MAIN,ST,,,FILLMORE,CA,93015,POBOX,22800806,,,,,,
A100702,Cecilia,,Gomez,153,MAAIN,ST,,,Fillmore,CA,93015,PO BOX,22800,806,"Fill,more",CA,93016,161-88-1702,
A104661,Chad,,Gomez,153,Main Street,,,,FILLMORE,CA,93015,POB,22800,806,FILLMORE,CA,93016-,161-91-6513,19770313
A106405,CHADWICK,,GOMEZ,153,MAIN,ST,,,FILLMOREE,CA,93015,PO BOX,22800,806,FILLMORE,CA,93016,,1977-03-13
A102250,Chad,,Gomes,153,Main,ST,,,Fillmore,CA,93015,P O BOX,22800-806,,,,,161916513,
A100428,J.,,JOHNSON,153,MAIN,st.,,,fillmore,ca,9301,pobox,22800,806,Fillmore,CA,93016,,1977/03/13
A103112,Chad,,Gomez, 153,Main,ST,,,FILLMORE,CA,93015,POBOX,22800806,,,,,161-91-6513,19770313
A102832,CHAD,,GOMEZ,153,MAIN,ST,,,FILLMORE,CA,93015,PO BOx,22800,806,"FILL,MORE",CA,93016,161 91 6513,
A104852,cecilia,,gomez,29659,Avenida De Cortez,,,,sun city,CA,92586,po box,12761,107,Sun City,CA,92586,161-88-1702,1978-02-01
A102977,C. GOMEZ,,,29659,avda de cortez,,,,"SUN,CITY",CA,92586-,"po,box",12761,,SUN_CITY,CA,9258g,161881702,2/1/78
A104904,Cecelia,,Gomes,29659,Avenida de Cortes,,,,SunCity,CA,92586,POBX,12761,107,SUNCITY,CA,,161881702,
A105199,Jennfer,,O'CONNOR,29659,AVENIDA  DE CORTEZ ,,,,SUN CITY,CA,925886,P O BOX,12761,107  ,Sun    City,CA,92586,161-88-1701,19780201
A100743,Cecilia,,Gomez,29659,Avenida De Cortez,,,,SUN CITY,CA,,,,,,,,,1978/02/01
A104825,Cecelia,,Goomez,29695,Avendia De Cortez,,,,SUN-CITY,CA,92586,PO BOX,17261,107,SUN CITY,CA,92856,161 88 1702,
A105411,Chad,,goMez,29659,AV. de cortez,,,,suncity,CA,92586,PO BOX,12761,107,SUN CITY,CA,92586,161-91-6513,19770313
A100065,C HAD,,GOMEZ,29659,Avenida DeCortez,,,,"SUN, CITY",CA,9258,P0 BOX,12761,,SUNCTY,CA,92586,,77/03/13
A103916,Chadd,,Gomez,29659,Avenida De Cortz,,,,SUN CITY,CA,92685,P O BOX,12716,707,SUN CITY,CA,92586,161-91-6514,
A105120,CECELIA,,Gomez,1419,W. WEST,AVE,,,Fullerton,CA,92833,PO BX,34644,6459,Fullerton,CA,92834,161-88-1702,1978-02-01
A103574,C. Gomez,,,1419,West Av.,,,,FULLERTON,CA,92833-,,34644,,fullerton,CA,92834A,,1978/2/01
A105974,Cecilla,,GOMEZ,1419,WEST,AVE,,,FullerTon,CA,92833,P.O.BOX,34644,6495,FULLERTON,CA,92834,161881702,
A105107,JENNIFER,WARNER,CARVALHO,1419,West,Ave,,,FULLERTON,CA,92833,PO BOX,34644,6459,Fullerton,CA,92834,161-91-6513,1977-03-13
A101149,C GOMEZ,,,1419,WEST,,,,FULLERTON,CA,92833,po box,34644,,FULLERTON,CA,,,3/13/77
A103584,CHADWICK,,GOMEZ,1419,WEST,AVE,,,Fullorton,CA,92833,PO BOX,34644,6459,FULLERTON,CA,92834,161-91-6591,
A101049,Cheryl,,Lopez,957,SERRANO,Ave,,,LOs Angeles,CA,90029,,,,,,,072-70-2969,1972-12-11
A103148,Cherl,,LOPEZ,957,serrano,AVE,,,LOS ANGELES,CA,90929,,,,,,,072702969,72/12/11
A100511,ROBERtA,OTTO,RAMIREZ ,957,srrano Av,,,,L.A.,CA,90029A,, ,,,,,,1972
A103036,chryel,,LOPES,957,SERRANO,,,,LOS ANGELES,CA,90029,,,,,,,072-70-2996,19721211
A105055,C. Lopez,,,957,SERRANO AVE,,,,"LOS,ANGELES",CA,90029,,,,,,,,
A104806,Cheril,,LOPEZ,975,SERRANO,Ave,,,LOS ANGELES,CA,90029,,,,,,,07270-2969,
A104153,CHERYL,,LOPEZ,1106,OASIS CT,,,,san jacinto,CA,92582,,,,,,,072-70-2969,19721211
A104682,JOHN,L,JOHNSON,1106,Oasis,Ct,,,SAN JACINTO,CA,92482,,,,,,,072-70-2699,1972-12-11
A100536,C.LOPEZ,,,1106,OASIS CT,,,,"SAN,JACINTO",CA,92582A,,,,,,,,197212
A102125,Sherly,,LOPEZ,1160,OASIS,CT,,,sjacinto,CA,92582,,,,,,,,
A102754,Cheryl,,LOPEZ,1106,OASIS,CT,,,SAN JACINTO,CA,9252,,,,,,,07270-2969,19721211
A107048,Cheryl,,Lopez,15452,PINTURA,DR,,,Hacienda Heights,CA,91745,,,,,,,072-70-2969,1972-12-11
A102168,C LOPEZ,,,15452,Pintura,DR,,,HACIENDA HEIGHTS,CA,91745,,,,,,,,72/12/11
A104408,Sheryl,,LOPEZ,15452,Pintura,Dr.,,,HACIENDA HTS,CA,92475,,,,,,,072702969,
A101979,LAWRENCE,,SANCHEZ,7206,LA PALMA,AVE,,,BUENA PARK,CA,90620,PO BOX,75092,5885,Buena Park,CA,90622,072-70-4761,19780820
A104953,L SANCHEZ,,,7206,LA PALMA AV,,,,"BUENA, PARK",CA,90620-,"PO, BOX",75092,,BUENA PARK,CA,90622A,072704761,1978-08-20
A103895,Lawrance,,Sanchez,7026,LA PALM,AVE,,,BuenaPark,CA,90620,P O BOX,70952,5885,BUENAPARK,CA,90622,,08/20/78
A101117,Laurence,,SANCHEZ,7206,LA PALMA,,,,B PARK,CA,90260,POBX,75092,,BUENA PARK,CA,90622,072-70-4761,
A106250,LAWRENCE,,SANCHEZ,5010,GOLONDRINA,WAY,UNIT,59,OCEANSIDE,CA,92057,PO BOX,1155,3166,Oceanside,CA,92051,072-70-4761,19780820
A102694,L Sanchez,,,5010,Golondrina Wy,,APT,59,oceanside,CA,9207,P.O.BOX,1155,3166,OCEANSIDE,CA,92151,,1978-08-20
A105854,Laurence,,Sanchez,5100,GOLONDRINA,WAY,Unit,59,OCEAN SIDE,CA,90957,PO BOX,1155,3166,OCEANSIDE,CA,,072-70-4761,08/20/78
A100724,L.SANCHEZ,,,5010,GOLONDRINA,,,,OCEANSIDE,CA,,POBX,1155,3166,OCEANSIDE,CA,92051,,
A104496,CHERYL,,SANCHEZ,365,FRONTAGE,RD,,,NIPOMO,CA,93444,PO BOX,4213,314,Nipomo,CA,93444,072-70-2969,19721211
A100366,C SANCHEZ,,,365,Frontage,Rd,,,NIPOMO,CA,93444-,POBX,4213,,NIPOMO,CA,9344A,,1972-12-11
A105959,Cherel,,SANCHES,365,FRONTAGE,,,,NIPOMO,CA,94444,P.O.BOX,4213,134,NIPOMO,CA,93444,072702969,
A101615,SHERYL,,SANCHEZ,365,FRONTAGE,RD,,,"Nipomo,",CA,93444,,,,,,,072-70-2699,
A100447,BEVERLY,,LUGONES,365,FRONTAGE,RD,,,NIPOMO,CA,93444,PO BOX,4213,314,NIPOMO,CA,93444,072-70-4761,19780820
A102351,L SANCHEZ,,,365,FRONTAGE RD,,,,NIPOMO,CA,93444-,POBX,4213,,NIPOMO,CA,93444B,072704761,1978-08-20
A105307,Laurence,,Sanchez,356,FRONTTAGE,RD,,,NIPOMO,CA,93444A,P O BOX,43213,413,NIPOMO,CA,,,08/20/78
A105452,LAWRENCE,,SANCH3Z,365,FRONTAGE,RD,,,NIPOMO,CA,93444,P.O.BOX,4213,314,NIPOMO,CA,9344X,072-70-4761,
A104973,Lorenzo,,SANCHEZ,365,FRONTAGE,,,,NPOMO,CA,93444,PO BOX,4213,314,NIPOMO,CA,93444,,19780820
A100390,LAWRENCE,,SANCHEZ,365,FRONTAGE,RD,,,NIPOMO,CA,,PO BOX,,,NIPOMO,CA,93444,072-70-4761,
A104816,CHERYL,,SANCHEZ,1188,2ND,ST,,,SAN BERNARDINO,CA,92408,,,,,,,072-70-2969,19721211
A101400,C Sanchez,,,1188,2nd St,,,,"San,Bernardino",CA,94208,,,,,,,072702969,1972-12-11
A107036,CHERIL,,SANCHEZ,1188,SECOND,ST,,,SAN BERNARDINO,CA,92408A,,,,,,,,
A103991,CHERYL,,SANCHEZ,1188,2ND,St.,,,SBernardino,CA,92408,,,,,,,072-70-2699,
A104633,lawerence,,Sanchez ,1188,Second,st.,,,San Bernardino,CA,92408,,,,,,,072704761,1978-08-20
A102100,L. ,,SANCHEZ,1188,2nd,ST,,,san bernardino,ca,924O8,,,,,,,072-70-4761,08/20/1978
A101058,LARRY,,Sanchez,1188,2ND,STREET,,,SAN BERNARDINO,CA,92408-,,,,,,,XXXXXX4761,
A100201,LAWRENCE,,san chez, 1188 ,2ND,ST,,,SAN BERNARDINO,CA,92408,,,,,,,072-70-4761,1978
A105875,Lawrence.,,Sanchez,118,2ND,,,,SAN BERNARDINO,CA,92408,,,,,,,072-70-4761,19780820
A101331,L WARANCE,,SANCHEZ,1188,2N D,ST,,,"SAN,,BERNARDINO",CA,924O8,,,,,,,,1978-08-20
A102631,CHERYL,,LOPEZ,410,COAST HWY 101,,,,ENCINITAS,CA,92024,,,,,,,111-28-5339,19820417
A107015,cheryl,,LOEPZ,410,COAST HIGHWAY-101,,,,ENCINITAS,CA,92024,,,,,,,111285339,1982/04/17
A106812, C. ,,Lopez,410,COASTHIGHWAY101,,,,ENCINITAS,CA,9204,,,,,,,X11-28-5339,04-17-1982
A107214,Chery,,Lopez,410,COAST HWY,101,,,ENCINITAS,CA,92024,,,,,,,,1982
A101772,C HERYL,,LOPEZ,671 3,GLIDDEN,STR,APT,D10,SAN DIEGO,CA,92111,P O BOX,2233, 45236,san diego,CA,92145,111-28-5339,1982-04-17
A103438,CHERYL,,LOPEZ,6713,GLIDEN,ST,APT.,D10,SAN DIEGO,CA,9211I,PO BOX,2233-45236,,SAN DIEGO,CA,92145,111285339,04/17/1982
A101919,Cheryl,,LOPEZ,06713,GLIDDEN,ST,,,SA N DIEGO,CA,92111-,"po,bo",2233,45236,SAN DIEGO,CA,,111-2X-5339,
A103410,C. LOPEZ,,,6713,GLIDDEN,ST,APT,10D,SAN DIEGO,CA,92111,POBOX,,,,,,111-28-5339,1982
A104584,CHERYL,,Lopez,6713,GLIDDEN STREET,,APARTMENT,D10 ,"San,Diego",CA,92111,,2233,,San Diego,CA,92145,,19820417
A102135,Cheryl,,Lopez-,1523,EIGHTH,Ave,Apt,C,oakland,CA,94606,,,,,,,111-28-5339,1982/04/17
A101365,C. LOPEZ,,,1523,8TH,AVE,APT,C,OAKLAND,ca,946O6,,,,,,,,19820417
A106011,SHERYL,,LOPEZ,1523,8TH,AV,APT.,,oakland,CA,9466,,,,,,,111285339,04-17-1982
A103493,CHERYLOPEZ,,,1523,8thAVE,,,C,OAKLAND,CA,94606,,,,,,,111-2X-5339,1982
A102614,CHERYL,,LOPEZ,,8TH,AVE,APT,C,Oakland,CA,94606,,,,,,,,
A104967,C Lopez,,,1523,8TH,,APT,C,OAKLAND,CA,94606-,,,,,,,111-28-5339,19820417
A107262,DONALD PAUL,,JOHNSON,2625,BAREFOOT CRK,CIR,,,"NAVARRE,",FL,3256,POBOX,72314,6474,NAVARRE,FL,32566,111-28-6658,19790408
A100101,D. JOHNSON,,,2625,BAREFOOT CREEK CIR,,,,NAVARRE,FL,32566, P O BOX ,72314,6474, Navarre ,FL,32566,111-28-6658,1979
A102914,DONALD,PAUL,JOHNSON,625,BAREFOOT CREEK,CR,,,Navarre,FL,32566,PO BX,723144, 6474 ,NAVARE,FL,32566-,111286658,08/04/1979
A104517, Don ,,Johnson,2625,B. CREEK,CIR.,,,Navarre,FL,32566,,,,,,,,
A101519,DONALD-P.,,JOHNSON,5211 ,CARTER SPNCER,ROAD,,,MIDDLEBERG,FL,32068,,,,,,,111-28-6658,19790408
A102179,D.PAUL JOHNSON,,,5211,CARTER SPENCER,RD,,,"MIDDLEBURG,FL",,32068O,,,,,,,,04/08/1979
A103519,Donalud,,JOHNSON,5211,CARTER SPENCER,,,,middleburg,FL,32068,,,,,,,111286658,
A102204,THOMAS,,HERNANDEZ,61,SEAFAR,,,,"LAGUNA,NIGUEL",CA,92677,PO BOX,68307,7814,LAGUNA NIGUEL,CA,92607,111-28-5339,19820417
A105287,Cherl,,JOHNSON,A61,SEAFARE,,,,LAGUNA NIGUEL,CA,9267,P0 BOX,068307,7814,LAGUNA NIGUEL,CA,92607,111285339,1982-04-17
A100820,CHERYL,,JOHNSON,61,SEAFARE,,,,Laguna Niguel,CA,92677-,POBOX,68307,7814 ,Laguna Niguel,CA,926O7,111-28-5339,04/17/1982
A106280,C JOHNSON,,,61,SEA FARE,,,,laguna niguel,CA,92677,POBOX,,,,,,,
A100754,CHERYLLE,,JOHNSON,61,SEAFARE,,,,LAGUNA N!GUEL,CA,92677,,68307,7814,LAGUNA NIGUEL,CA,92607,111-28-5339,1982
A101122,Claudio,,Garza,61,SEAFARE,,,,"Laguna,Niguel",CA,92677,PO BOX,68307,7814,Laguna Niguel,CA,92607-,,19820417
A106663,D. JOHNSON,,,61,SEAFARE,,,,laguna niguel,CA,92677,,,,,,,111-28-6658,19790408
A102373,Donald,Paul, Johnson,61,SEAFARE,,,,LAGUNA NIGUEL,CA,92677,PO BOX,68307, 7814 ,"LAGUNA,NIGUEL",CA,92607,,08-04-1979
A103662,DONALD PAUL,,JOHNSON,61 ,SEAFARE,,,,LAGUNA N1GUEL,CA,92677,POBOX,68307,7814,Laguna Niguel,CA,92607-,111286658,
A104540,CHERYL,,JOHNSON,2597,SENTER,RD,,,san jose,CA,95111,,,,,,,111-28-5339,1982/04/17
A104141,C Johnson,,,2597,SENTER,,,,"SAN JOSE,CA",,9511,,,,,,,,
A106385,CHERL,,JOHNSON,2957,SENTR,RD.,,,SAN JOSE,CA,95111-,,,,,,,111285339,19820417
A100695,DONALD,,JOHNSON,2597,SENTER,ROAD,,,"SAN,JOSE",CA,95111,,,,,,,111-28-6658,19790408
A105208,Don,,JOHNSON,2957,SENTER,RD,,,SAN JOSE,CA,9511,,,,,,,111-28-6658,
A106803,DONALD,P.,Johson,2597,SENTER,RD,,,San Jose,CA,95111-,,,,,,,,19790408
A100548,CHERYL,,ROBLES,11988,9TH,ST,,,CORAL SPRINGS,FL,33071,,,,,,,140-95-2118,19080621
A102299,Barb,,Gonzalez,11988,NINTH,ST,,,coral springs,FL,3307I,,,,,,,140952118,1908/06/21
A101237,C ROBLES,,,11988,9TH ST,,,,"Coral,Springs",FL,33071-,,,,,,,,19080621
A104089,CHERYL,,ROBLES,6920,ALKEN,CIR,,,NEW PORT RICHEY,FL,34653,PO BOX,23668,34656-1405,NEW PORT RICHEY,FL,34654,140-95-2118,19080621
A103516,chery,,robles,6920,ALKEEN,CIR.,,,"NEW PORT RICHEY,FL",,3465,"po,box",23668-,34656 1405,NEW PORT RICHEY,FL,34654-,140952118,06-21-1908
A102211,C. ROBLES,,,6920,ALKEN CIR,,,,new port richey,FL,34653,,,,,,,140-95-2118,19080621
A102259,SHERYL,,ROBLES,06920,ALKEN,CR,,,new port rchy,FL,34654,P O BOX,23668, 346561405,NEW PORT RICHEY,,,,
A100193,cheryl ,,ROBELS, 33, Sparrow,Ct.,,,havana,FL,32333,,,,,,,140952118,08/21/1908
A101048,Sheryl,,robles,33,SpaRrow,,,,HAVANA,florida, 32333- ,,,,,,,140-95-2118,1908-06-21
A103444,C. ROBLES,,,33,Sparrow Ct,,,,HAVANA,FL,32333A,,,,,,,,19080621
A106488,CHERYL,,ROBLES,33,SPAROQ,CT,,,HAVANNA,FL,3233,,,,,,,140-95-2118,
A100652,M. D.,,Johnson,12867,Paddee creek,Ln,,,Lodi,CA,95240,,,,,,,,04-09-1905
A104694,Jeremy,,ARTIS,12867,PADY CRK,LN.,,,LODI,CA,9524O,,,,,,,140-955821,19050409
A105081,Mark,D,Johnson,12867,PADDY CREEK,,,,Lodi,CA,95240,,,,,,,140-95-5821,
A104900,MARK,D,johnson,128 67,paddycreek,LN,,,LODI,CA,95240,,,,,,,140952821,19050409
A107211,MarK,,Jonhson,12867,Paddy Creek,LN,,,LODY,CA,92540,,,,,,,140-95-5821,1905
A103536,Mark D.,,Johnson,12867,Paddy Ck,Ln,,,LODI,CA ,95240,,,,,,,140-95-5821,1905-04-09
A101946,MARK,D,JOHNSON,357O,EXE7ER,DR,,,SAN BRUNO,CA,94066,POB,21696,878,SAN BRUNO,CA,94O66,140-95-5821,19050409
A101720,MARK D,,JOHNSON,3570,Exeter,,,,"San,Bruno",CA,94066 ,PO BOX,21696,878,San Bruno,CA,94066,,1905-04-09
A102445,M Johnson,,,3570,Exeter Dr,,,,San Bruno,CA,94066,POBOX,21696,,San Bruno,CA,94066,140-95-5821,19050409
A104197,Mark,D,Johnsen,3570,EXETER,DR,,,SAN BRUNO,CA,94066,P O BOX,21696,878,SAN BRUNO,,94066,140-95-5821,
A104471,MARK,,JOHNSON,35-70,Exeter,DR,,,SAN BRUNO,CA,94066,POB,21696,878,SAN BRUNO,CA,94O66,140-95-5821,19050409
A106943,M.,,JOHNSON,3570,Exter,DR,,,SAN BRUNO,CA,9406,POBOX,21696,878,SAN BRUNO,CA,94066,140955821,19050409
A106617,C. Johnson,,,7216,Jessie Ct,,,,ARLINGTON,TX,7602,PO Box,4727,300806,Arlington,,76007,140-95-2118,
A106474,CHERYL,,JOHNSON,7216,JESSEE,CT.,,,ARLNGTON,TX,76002,P O BOX,4727,300806,ARLINGTON,TX,76007,140-952118,19080621
A105253,Sheryl,,Johnsen,7216,JESSIE,CT,,,"ARLINGTON, ",TX,76002,POBOX,4727,0030806,ARLINGTON,TX,76007,140-95-2118,08/21/1908
A106142,C,,JOHNSON, 7216,Jessie,Ct,,,Arlington,TX,76002,PO Box,4727  ,,Arlington,TX,7607,,1908
A105112,CHERYL,,JOHNSON,7216,JESSIE,CT,,,ARLINGTON,TEXAS,76002,PO BOX,4727,300806,ARLINGTON,TX,76007,140-95-2118,1908-06-21
A107047,CHERYL,,JOHNNSON,7216,JESSIE,CT,,,ARLINGTON,TX,76002,PO BOX,,300806,,TX,76007,140-95-2118,19080621
A102465,M. JOHNSON,,,7216,Jessy,Ct,,,Arlington,TX,76002 ,pobox,4727,300806,arlington,tx,76007,140-95-5821,
A104785,Mark,D,Johnson,7216,JESSIE,,,,ARLINGTON,TX,76002,POB,4727,300806,ARLINGTON,TX,76007,140-955821,19050409
A104147,Mark,D,Johson,7216,JESSIE,CT,,,Arlington,TX,7602,PO BOX,4727,300806,ARLINGTON,TX,76007,140-95-5821,04-09-1905
A103982,M D Johnson,,,7216,Jessie Ct,,,,ARLINGTON,TX,76002,P O BOX,4727,300806,ARLINGTON,,76007,,19050409
A102679,Carol,,Arias,31,Deer St.,,,4,"SALINAS,CA",CA,93906 ,,,,,,,07818-1297,1900-01-01
A105299,C. Arias,,,031,Deer,ST,, 4 ,Salinas,CA,93906,,,,,,,078-18-1297,
A102151,CAROL,,ARIAS,31,DEER,ST,APT,4,SALINAS,CA,939O6,,,,,,,078-18-1297,19000101
A105841,CAROL,,ARIAS,31,DEER ST,,,4,SALINA,CA,93906,,,,,,,078-18-1297,19000101
A106353,,,ARIAS,31,DEER,ST,,,SALINAS,CA,93906,,,,,,,078181297,19000101
A105460,carol,,arriAS,31,deer,ST,,4,salinas,CA,93906,,,,,,,078-18-1297,01/01/1900
A104072,David,,Galvez,6606,R V LODGE,DR,,,SPRING TX,TX,77379,PO Box,14243,11351,Spring,TX,77391,078-18-1913,19041229
A102314,D.,,GALVEZ,6606,RIVER-LODGE,DR,,,SPRING,TX,77379,POBOX,14243,11351,SPRING,TX,77391,,12-29-1904
A106363,Davd,,Galvez,6606,River Lodge Dr,,,,"SPRING,TX",TX,7737,PO BOX,14243,,spring,TX,77391,078181913,19041229
A100957,Carol,,Galves,31,Christensen Ave,,,,Salinas,CA,93906,,,,,,,,1900
A104990,C.,,GALVEZ,0031,CHRISTENSEN,AVE,,,SALINAS,CA,93906,,,,,,,078-18-1297,19000101
A101323,carol,,galvez,31,christensen,AV,,,salinas,CA,939O6,,,,,,,078-18-1297,01-01-1900
A107050,Maria,,Diaz,31,Christensen Ave,,,,Salinas,CA,93906,,,,,,,078181297,
A100722,DAIVD,,GALVEZ,31,CHRISTENSEN AVE,,,,SALINAS,CA,93906,,,,,,,078-18-1913,19041229
A100145,David,,Galvez,31,Christnsen,AVE,,,Salinas ,CA,93906,,,,,,,078-18-1913,12/29/1904
A102239,D GALVEZ,,,0031,CHRISTENSEN,,,,"SALINAS,CA",CA,93906,,,,,,,078-181913,
A103672,David,,Galvez,31,CHRISTENSEN,AV,,,Salinas,CA,939O6,,,,,,,078-18-1913,19041229
A104912,DAVID,,GALVES,31,CHRISTENSEN,AVE,,,SALINAS,CA,93906-,,,,,,,,1904
A106544,D.,,GALVEZ,31,Christensen,Ave,,,Salinas,CA,93906,,,,,,,078181913,19041229
A106424,D. ANN,,WORTH,3008,OLGA,AVE,,,mcallen,TX,78503,,,,,,,091-97-1837,19890902
A104951,DORA,,worth,3008,OLGA,AVE.,,,MCALLEN,TEXAS,78503,,,,,,,091-97-1837,09/02/1989
A102725,DORA,,WORTH,3008,OLGA AVE,,,,"MCALLEN,TX",TX,78503 ,,,,,,,091971837,19890902
A105765,Dora Ann,,Worth,107,Avalon Dr,,,,Princeton,TX,75407,PO Box,20975 ,1311,Princeton,TX,75407,,1989-09-02
A105058,D. Worth,,,107,AVALON,DR,,,PRINCETON,TX,75407,POBOX,20975,,PRINCETON,TX,75407,091-97-1837,19890902
A107260,DORA,ANN,WORTH,107,AVALON DR,,,,PRINCETON,,75407,P O BOX,20975,1311,PRINC ETON,TX,75407,091-97-1837,
A105110,dora,,worth,107,Avalon,Dr.,,,"Princeton,TX",TX, 75407,POBOX,20975,1311,Princeton,Tx,75407,091971837,09/02/1989
A102434,DORA,,WORTH,107,AVALON,DR,,,PRINCETON,TX,75407,POB,20975,1311,PRINCETON,TX,75407a,091-97-1837,19890902
A106921,D Ann Worth,,,107,AVALON,DR,,,PRINCETON,TX,75407,PO BOX,20975,1311,PRINCETON,TX,75407,,
A105483,DAVID,,PEREZ,3226,CONSTELATION,RD,,,PT SNT LUCIE,FL,34953,,,,,,,091-97-5093,1986-12-31
A102863,D Perez,,,3226,CONSTELLATION RD,,,,PORT SAINT LUCIE,FL,34953,,,,,,,,19861231
A100004,DAVID,,PEREZ,3226,CONSTELLATION,RD,,,P0RT SAINT LUCIE,FL,34953-,,,,,,,091-97-5093,
A101074,david,,perez,03226,constellation,Rd,,,portsaintlucie,FL,34953,,,,,,,091975093,12-31-1986
A100873,DAVID,,PEREZ,3226,CONSTELLATION,RD,,,PORT SAINT LUCIE,FL,34953A,,,,,,,091-97-5093,19861231
A100158,dora,an,PEREZ,3966,GOLF,DR.,,,SAN JOSE,CA,95127,,,,,,,091-97-1837,1989-09-02
A100074,D. A.,,Perez,3966,GOLF,,,,SanJos,CA,9512Z,,,,,,,091-971837,
A105175,D0RA,,PAREZ,396 6,Golf,DRIVE,,,San Jose,CA,9512,,,,,,,091-97-1837,19890902
A103400,DORA ANN,,Perez,3966,Golf,Dr,,,"SAN,JOSE",CA,,,,,,,,091971837,1989
A105666,Dorra,Ann,PEReZ,3966,GOLF,DR,,,san jose ,ca,95127,,,,,,,,19890902
A101429,D.,,PEREZ,3966,GOLF,Dr,,,San Jose,CA,95127,,,,,,,091-97-1837,
A100372,David,,PEREZ,3966,GOLF,DR,,,SAN JOSE,CA,95127,,,,,,,091-97-5093,19861231
A100144,DAVID,,Perez,3966,Golf,Dr.,,,"San,Jose",CA,95127,,,,,,,091975093,1986
A105141,DAVE,,PEREZ,3966,GOLPH,,,,san jose,CA,9512,,,,,,,,
A103733,david,,PERREZ,3966,GOLF,Drive,,,SANJOSE,CA,95127,,,,,,,091-97-5093,
A100794,D.,,Perez,3966,Golf,DR,,,San Jose,ca,95127,,,,,,,,1986/12/31
A102383,YOLANDA,,MARTINEZ,2038,BAKER,St.,,,SANTA ANA,CA,92707,,,,,,,,19890902
A106844,D. A.,,Perez,2038,BAKR,ST,,,Santa Ana,CA,9270,,,,,,,091971837,
A102856,dora,,PAREZ,2038,BAKER,,,,"Santa,Ana",CA,92707,,,,,,,091-97-1837,
A107217,Dorra,,,2038,Baker,ST.,,,SANTA ANA ,CA,927O7,,,,,,,091971837,19890902
A105536,D. ANN,,PEREZ,,BAKER,St,,,SANTA ANA,ca,92707,,,,,,,,1989-09-02
A106501,d a,,perez,2038 ,BAKER,ST,,,SANTAANA,CA,,,,,,,,,
A104640,DAVID,,PEREZ,2038,BAKER,ST,,,"SANTA,ANA",CA,92707,,,,,,,,1986-12-31
A102040,David,,Perez,2038,BAKER,,,,Santa Ana,ca,9277,,,,,,,091-97-5093,
A105320,Dave,,PEREZ,2038,BAKER,STR,,,SANTA ANA,CA,92707,,,,,,,091975093,1986
A104660,DAVID,,perrez,2038,BAKERR,ST,,,SANTAANA,CA,92707,,,,,,,,
A106243,d. ,,Perez,2038,Baker,ST.,,,Santa Ana,CA,92707,,,,,,,,12/31/1986
A106960,THOMAS,,HERNANDEZ,2038 ,BAKER,,,,SANTA ANA,CAL,92707,,,,,,,,1986/12/31
A105352,DAVID,,PEREZ,1919,LIBERTY,CT,,,Visalia,CA,93292,PO BOX,9625,7838,VISALIA,CA,93290,,19861231
A100142,DAVE,,Perez,1919,LIBERTY,,,,VISALIA,CA,,P O BOX,9625,7838,VISALIA,CA,9329,091975093,
A105082,David,,PEREZ,1919,LIBERTIE,CT,,,VISALIA,CA,93292,PO BOX,,7838,,CA,93290,091-97-5093,
A100924,D. Perez,,,1919,LIBERTY,CT.,,,VISALIA,CA,93292,PO BOX,965,,VISALIA,,,,
A104878,DAVID,,PEREZ,11670,sunset,BLVD,,,LOS ANGELES,CA,90049,,,,,,,,19861231
A105445,DAVE,,PEREZ,11670,SUNSET,BLVD.,,,"LOS,ANGELES",CA,90049,,,,,,,091-97-5093,
A106288,David,,PEREZ,11670,SUNSETT,,,,los angeles,CA,90049,,,,,,,091975093,
A102060,d. perez,,,116.70,SUNSET,BLVD,,,LOS ANGELES,,90049,,,,,,,,1986
A101267,DAVID,,PEREZ,3421,PERISBURG,CT.,,,CERES,CA,95307,,,,,,,091-97-5093,
A104872,Maria,,Castillo,3421,PARISBURG,,,,Ceres,CA,9530,,,,,,,091975093,19861231
A104618,davd,,PEREZ,3412,PERISBURG,CT,,,CERES,CA,95307,,,,,,,,1986/12/31
A106788,Jenny,,Carvalho,3421,PERISBURG,CT,,,Ceres,CA,,,,,,,,,
A101874,DAVID,,PERRIZ,3421,PERISBURG,CT,,,ceres,CA,95307,,,,,,,,
A100858,RACHEL,,RIOS,0507,RIDGEWOOD,DR,,,VACAVILLE,CA,95688,,,,,,,099-84-5294,
A100521,rachel,,RIOS,507,RIDGEWOOD,DR.,,,VACAVILLE,CA,,,,,,,,,1961
A105894,RACHEL,,RI0S,507,RIDGWOOD,DR,,,Vacaville,CA,95688,,,,,,,099845294,19610909
A103996,R.,,RIOS,,RIDGEWOOD,DR,,,VACAVILLE,CA,95688,,,,,,,,
A100352,RACHEL,,RIOS,6,KEN SiNGTON,DR,,,NORTHRIDGE,CA,91324,,,,,,,099-84-5294,19610909
A105537,r. rios,,,6,KENSINGTON,Dr,,,NORTHRIDGE,,91324,,,,,,,,
A102575,RAQUEL,,RIOS,6,KENSINGTON,,,,NORTHRIDGE,CA,,,,,,,,,1961
A104727,RACHEL,,RIOS,1130,VIA CIELITO,,,,VENTURA,CA,93003,,,,,,,099-84-5294,
A105357,rachel,,REIOS,,VIA CIELITO,,,,VENTURA,,93003,,,,,,,,19610909
A104185,R. RIOS,,,1130,VIA CELITO,,,,VENTURA,CA,,,,,,,,,
A104637,DAVID,,DIAZ,464,BURGUNDY J,,,,DELRAY BEACH,FL,33484,PO BOX,14496,460483,DELRAY BEACH,FL,33448,099-85-4738,
A102770,D. DIAZ,,,,BURGANDY J,,,,"DEL, RAY BEACH",FL,33484,P0 B0X,14496,460483,DELRAY BEACH,FL,,,19570725
A107261,DAVID,,DIAZ,464,BURGUNDY J,,,,DELRAY BEACH,FL,,PO BOX,,464083,,FL,33448,099854738,1957
A100450,david,,DiAZ,464,BURGUNDAY J,,,,delraybeach,FL,33484,,,,,,,,
A104732,DAVE,,DIAZ,464,BURGUNDY J,,,,DELRAY BEACH,fl,33484,PO BOX,14496,,Delray Beach,Fl,,,07/25/1957
A102820,DAVID,,DIAZ,128,VILLAGE,DR,,,PORT SAINT LUCIE,FL,34952,PO BOX,4349,8433,"PORT,SAINT LUCIE",FL,34985,,19570725
A102978,d. diaz,,,128,VILLAGEE,,,,PORTSAINTLUCIE,FL,34952,P O BOX,,8433,PORT SAINT LUCIE,,,,
A103058,DAVID,,DIAZ,128,VILAGE,DR.,,,PORT SAINT LUCIE,,3495,PO BOX,4349,,PORT SAINT LUCIE,FL,34985,099-85-4738,
A106928,Rachel,,Diaz,4601,carmen,AVe.,apt.,2901,RanchoViejo,TX,78575,,,,,,,099-84-5294,1961-09-09
A101564,Raechel,,DIAZ,4601,CARMEN,AVE,APT,290I,RANCHO-VIEJO,TX,7857S,,,,,,,099845294,19610909
A106180,R.Diaz,,,4601,CAR MEN,,,,Rancho Viejo,tx,78575,,,,,,,,1961
A100915,DAVID,,DIAZ,4601,CARMEN,Ave,,,RANCHO VIEJO,TX,78575-,,,,,,,099-85-4738,07/25/1957
A105996,DAVE,,DIAS,4601,CARMEN,AVE,APARTMENT,2901,"RANCHO,VIEJO",TX,78575,,,,,,,099854738,19570725
A103349,david ,, DIAS,460I,KARMEN,AVE,APT,2901,Rancho Viejo,Tx,78575,,,,,,,099-85-4738,
A103866,D.,,Diaz,,CARMEN,,,,RANCHO VIEJO,TX,78575,,,,,,,09-985-4738,195707
A102763,D,,Diaz,4601,CARMEN ,AVE.,APT,2901,rancho viejo,tx,7857,,,,,,,,1957
A103306,DAVID,,DIZ,4601,CARMEN,AVE,APT,2901,"RANCHO,VIEJO",TX,78575,,,,,,,099-85-4738,19570725
A103665,Gwendolyn,D.,TALTON,11432,BRKNRIDGE,DR.,,,Whittier,ca,906O4,,,,,,,105245294,1965-07-03
A102958,GWEN,,TATON,11432,BRECKRIDGE,DR,,,WHITTIER,CA,90604,,,,,,,,19650703
A102593,G. Talton,,,11432,BRECKENRIDGE,,,,Whittier CA,,90604,,,,,,,105-24-5294,1965
A101469,B. Garcia,,GARCIA,11432,BRECKENRIDGE,DR,,,whittier,CA,90604,,,,,,,105-24-5294,07-03-65
A106839,GWENDOLYN DOUGLAS,,TALTON,1185,TAFT,ST.,,,IRVINE,Ca,92620,,,,,,,105245294,19650703
A101792,Gwen Talton,,,1185,TAF T,ST,,,"Irvine, CA",,9262O,,,,,,,105-24-5294,
A102675,GWEN,,TALTON,1185,TAFT,,,,IRVINE,CA,92620,,,,,,,,07/03/1965
A104615,GWENDOLYN,D.,TALTON,15,LACOTA,Ct,,,Sacramento,CA,95823,PO BOX,12343,293357,SACRAMENTO,CA,9582,105-24-5294,1965-07-03
A107018,Gwendolyn Talton,,,15,LACOTA,,,,SACRAMENTO,CA,95823,"po,bo",12343 ,293357,SACRAMENTO,CA,95829,105245294,07/03/1965
A100588,GWEN,,TALTON,,LACOTA CT,,,,"SACRAMENTO,CA",,95823,,,,,,,,1965
A100285,DAVID,,DIAZ,944,HALSTEAD,ST,,,DELTONA,FL,32725,P O BOX,4929,5635,DELTONA,FL,3272S,105-24-6940,19600712
A105929,Dave,,Diaz,944,Halsted,St.,,,Deltona,Fl,32725,POBOX,4929,5635,Deltona,FL,32728,105246940,1960-07-12
A106674,D Diaz,,,944,HALSTEAD ST,,,,DELTONA,FL,32725,,,,,,,,07/12/1960
A100148,DAVID,,DIAZ,,HALSTEAD,,,,Deltona,FL,32725,P0 B0X,4929,5635,DELTONA,FL,32728,105-24-6940,
A106561,Gwendolyn,Douglas,Diaz,1606,Holden,Ave,apt,127,orlando,FL,32839,P.O. BOX,1080,720506,Orlando,FL,32872,105-24-5294,1965-07-03
A106945,PAT.,,KOHLENBREG,1606,HOLDEN,,,,"Orlando,FL",,32839,PO BOX,108O,720506,ORLANDO,FL,32872,105245294,19650703
A103020,GWEN,,DIAZ,1606,HOLDEN AVE,,,,orlando,FL,32839,,,,,,,,07/03/1965
A104794,David,,Diaz,1606,Holden,Ave.,APT.,127,Orlando,Fl,32839,PO BOX ,1080,720506,ORLANDO,FL,32872-,105-24-6940,1960/07/12
A103602,ROBERT,,ramiez,1606,H0LDEN,AVE,,,orlando,FL,32839,P O BOX,1080,720506,orlando,FL,32872,105246940,19600712
A101774,CAROL,,ARIAS,1606,HOLDEN,,,,ORLANDO FL,,32839,,,,,,,,
A100483,KATHARINA,PATRICK,WALKER,2815,Branchmill,RD,,,Arroyo Grande,CA,93420,POBX,3815,179,"ARROYO,GRANDE",CA,93421,106-54-9699,19620401
A104884,K Walker,,,2815,BRANCH MILL RD,,,,arroyo grande,ca,93420,,,,,,,,1962
A103056,KATHARINA,P.,WALKR,2815,BRANCH MILL,RD.,,,ARROYO GRANDE,CA,9342O,PO BOX,3815,179,ARROYO GRANDE,CA,93421,106549699,04/01/1962
A100593,KATHY,,WALKER,2815,BRANCH MILL,RD,,,Arroyo Grande,CA,93420,P0 B0X,38I5,179,Arroyo Grande,CA,93421,106-54-9699,196204
A100878,KATHARINA,PATRICK,WALKER,6901,Panoramic,HWY,,,Stinson Beach,CA,94970,,,,,,,106-54-9699,04/01/1962
A100309,Katharina P.,,Walker,6901,Panorammic,Hwy.,,,STINSON BEACH,CA,94970-,,,,,,,106549699,19620401
A100937,K. Walker,,,6901,PANORAMIC,,,,"STINSON,BEACH",CA,94970,,,,,,,,1962
A102793,KATHARINA,PATRICK,WALKR,6901,PANORAMIC,HWY.,,,STINSON BEACH,CA,94970,,,,,,,106-54-9699,
A106962,KATHY WALKER,,,690I,PAN0RAMIC,HWY,,,STINSON BEACH,CA,l4970,,,,,,,,19620401
A106852,Katharina,,Walker,,PANORAMIC HWY,,,,"Stinson Beach,CA",,94970,,,,,,,,196204
A105800,DAVID,,MARTINEZ,292,COUNTYWOOD,Rd,,,QUITMAN,AR,7213I,,,,,,,106-57-8942,19680508
A106556,DAVE,,MARTINEZ,292,COUNTYW00D,RD.,,,QUITMAN,AR,72131,,,,,,,106578942,1968-05-08
A101281,D. Martinez,,,292,COUNTYWOOD RD,,,,"Quitman,AR",,72131,,,,,,,,05/08/1968
A100914,David,,Martinez,12177,Double Springs,Rd.,,,FAYETTEVILLE,AR,72704,"PO,BOX",19534,10169,FAYETTEVILLE,AR,72703-,106-57-8942,05-08-1968
A101497,DAVE,,MARTINEZ,12I77,DOUBL SPRINGS,RD,,,Fayetteville,AR,727O4,P.O.BOX,19534,10169,FAYETTEVILLE,AR,72703,106578942,19680508
A105570,D. Martinez,,,12177,DOUBLE SPRINGS,,,,"Fayetteville,AR",,72704,,,,,,,,1968
A102258,B. Martinez,,,12177,DOUBLE SPRNGS,RD,,,FAYETTEVILLE AR,,72704,P0 B0X,19534,IOI69,FAYETTEVILLE,AR,72703,,
A100859,katHARINA,PATRICk,MARTINEZ,12137,Fairwinds,ROAD,,,HUDSON,FL,34669-,,,,,,,106549699,1962/04/01
A103151,K. P.,,Martinez,12137,FAIRWINDS RD.,,,,hudson,fl,34669,,,,,,,106-54-6999,
A106468,Kathrina,P.,Martínez,12137,Farwinds,Rd,,,HUDSON,FLORIDA,3466G,,,,,,,106-54-9699,1962
A103414,David,,MARTINEZ,12137,Fairw1nds,RD,,,HUDSON,FL,34669,,,,,,,106578942,680508
A106002,DAvID,,MARTNIez,121 37,FAIRWINDS,Rd.,,,HUDSON,fl,34669,,,,,,,106-57-8942,1968-05-08
A101845,DAVE,,Martin EZ,12137,FAIRWINDS,,,,"HUDSON,",FL,3466,,,,,,,,19680508
A106735,KATHARINA,P.,MARTINEZ,12115,MAGNOLIA,BLVD,APT,298,"VALLEY,VILLAGE",CA,91607,,,,,,,106-54-9699,1962-04-01
A103393,k.p.,,Martinez,121 15,Magnolia BLV,,#,298,valley village,CA,91607-,,,,,,,106549699,1962
A100586,Katharina,Patrick,Martínez,12115,Magnolia,BLVD.,,,VALLEY VIL,CAL,91O07,,,,,,,,04/01/1962
A101660,CAREL,,ESTRADA,12115,MAGOLIA,BLVD,apt.,298a,VALLEY VILLAGE,CA,91607,,,,,,,106-54-969,19620401
A103018,KATHARINA,,MARTINEZ,,MAGNOLIA,BLVD,#,928,Valley Village,CA,91607,,,,,,,106-54-9699,
A101213,DAVID,,DIAZ,12115,Magno1ia,BLVD,apartment,298,VALLEY VLG,CA,9160,,,,,,,10654-9699,1962-04
A101629,roberta,OTTO,SCHNELLER,3161,HAYLEE,LN.,,,CRESTVIEW,FL,32539,,,,,,,119-13-1219,1932
A102529,ROBERTA,O.,SCHNLLER,3161,Haylee,Ln,,,CrestView,FLA,32539-,,,,,,,119131218,19320318
A104318,R.,,SCHNELLER,3611,HAYLEE,LN,,,CRESTVIEW,FL,3253Q,,,,,,,119-13-1218,
A103513,Roberta,Otto,Schneller,3161,Haylee,Ln,,,Crestview,FL,32539,POB,,,,,,,03/18/1932
A103813,ROB,,SHNELLER,3161-,HAYLEE,,,,CRESTVIEW,FL,32539,,,,,,,119-13-1218,1932-03-18
A103986,ROBERTA,OTTO,SCHNELLER,2OO,MAITLAND,AVE,,,ALTAMONTE SPRNGS,FL,32701,,,,,,,119-13-1218,19320318
A107025,Roberta,O,Schneller,200,Maitlend,AV,,,ALTAMONTE SPRINGS,FLL,32701,,,,,,,119131218,18-03-1932
A104971,Davd,,Perez,200,MAITLAND,,,,ALTAMONTESPRINGS,FL,327O1,,,,,,,119-13-1218,
A104158,rob,,schnellr,200,MAITLAND,Ave.,,,ALTAMONTE SPRINGS,FL,32701-,,,,,,,,1932
A103611,ROBERTA,OTTO,SCHNELLER,200,Mait1and,AVE,,,ALTAMONTE SPRINGS,FL,32701,,,,,,,119-13-1218,19320318
A106497,ROBERTA,Otto,SCHNELLER,17008,COLONY LAKES,BLVD.,,,Fort Myers,FL,33908,P.O. BOX,284 7586,,FORT MYERS,FL,33911,119-13-1218,03/18/1932
A100631,kurt,,espinoza,17008,COLONY LAKES BLVD,,,,FORTMYERS,FLORIDA,33908,POBOX,284,7586,FORT MYERS,FL,33911,,19320318
A100080,R.,,SCHNELLER,17008,COLNY LAKES,BLV,,,FT. MYERS,FL,339O8,PO Box,284,,FORT MYERS,FL,33911,119-13-1218,
A104350,Roberta Otto,,Schneller,17008,Colony Lakes,BLVD,,,"Fort Myers,",FL,33908-,p o box,284,7586,Fort Myers,FL,3391L,119131218,1932-03-18
A101903,DAVID,,RAMIREZ,381,BELL,AVE,APARTMENT,25,Sacramento,CA,95838,PO BOx,12343,293357,Sacramento,CA,95829,119-14-0771,19310914
A101950,Dave,,RamireZ,381,Bell,Ave,APT.,025,SACRAMENTO,CA,95838-,P O BOX,12343,,SACRAMENTO,CA,95829,119-140771,
A102583,DAVID,,RAMIREZ,,BELL,AVE,APT,25,SACRAMNTO,CA,95838A,PO BOX,12343,293357,SACRAMENTO,CA,95829,,1931
A102472,D.,,Ramirez,381,Bell,AV,ROOM,25A,SACRAMENTO,Calif.,95838,POBX,12343,293357,SACRAMENTO,CA,95829,119-14-0771,09/14/1931
A107156,M. Paul,,Wiley,381 ,BELL,AVE,,,SACRAMENTO,CA,95838,PO BOX,12343,293357,SACRAMENTO,,95829,119-14-0771,19310914
A105958,DAVID,,RAMIREZ,367,SANTANA,HEIGHTS,,,San Jose,CA,95128,PO BOX,1820,640083,San Jose,CA,95164,119-14-0771,1931-09-14
A105465,david,,ramirez,367,SANTNA,HEIG,APARTMENT,6038,SAN JOSE,CA,95128,P.O.BOX,1820,640083,,,95I64,,19310914
A104015,D.,,Ramirez,367,Santanna,,#,603B,SANJOSE,CA,9512B,PO bx,1820,640083,"SAN,JOSE",CA,95164,119-14-0771,
A105515,DAVID,,RAMIREZ,36 7,SANTANA,HEIG,#,6038,SAN JOSE ,CA,95128,POBOX,1820,,SAN JOSE ,CA,95164,119-14-0771,31
A100805,ROBERTA,,RAMIREZ,281,PARKVIEW,DR,,,palM COAST,FL,32164,PO BOX,9138,354120,PALM COAST,FL,32135,119-13-1218,18-MAR-1932
A104345,ROBERtA,OTTO,RAMIREZ ,281,PARKVIEW,,,,PALM COAST,,32164,PO BOX,9138-354120,,PALMCOAST,FL,32135,119 13 1218,19320318
A105868,Roberta,O.,RamireZ,281,PARKVIEW,DRIV,,,"PALM COAST,",FL,32164,P O BOX,,,PALM COAST,FL,32135,119-13-1218,1932
A100800,R.,,RAMIREZ,218,PARKVIEW,DR,,,PALM COAST,FL,32164,POBOX,9138,354120,PALM COAST,FL,32135X,,
A102701,ROBERTA O.,,RAMIREZ,281,PARKVIEW,DR,,,PALM COAST,FL,322164,PO BOX,9138,354120,PALM COAST,FLS,32135,,3/18/1932
A105488,DAVID,,RAMIREZ,281,PARKVIEW,DR,,,PALM COAST,FLORIDA,32164,PO BOX,9138,354120,PALM COAST,FL,32135,119-14-0771,19310914
A106321,David,,Ramirez,281,Parkview,Dr.,,,PALMCOAST,Fl,32164,po box,9138,354120,Palm Coast,FL,32135-,119140771,1931
A103714,PATRICIA,CARREON,LEWIS,,PARKVIEW,DR,,,"PALM,COAST",FL,32164,P O BOX,9138,354120,PALM COAST,FL,32135,,
A102002,DAVID,,RAMIREZ,281,PARKVIEW,DRIVE,,,PALM COAST,FL,32164,POBX,9138-354120,,PALM COAST,FL,32135,119-14-0771,14/09/1931
A100686,DAviD,,Ramírez,281,PARKVIEW,DR,,,palm coast,FL,32164,P O BOX,,,PALM COAST,FL,32135,119-14-0771,19310914
A103312,DAVE,,RAMIREZ,281,PARKVIEW,,,,"PALM COAST,",FLS,32164,POBOX,9138,354120,PALM COAST,FL,32135,,1931-09-14
A104924,ROBERTA,OTTO,RAMIREZ,3017,11TH,AVE,,,ST PETERBURG,FL,33713,PO BOX,12291,15632,SAINT PETERSBURG,FL,33733,119-13-1218,19320318
A101480,Roberta O.,,Ramirez,3017,11TH,AVE.,,,St Petersburg,FLA,33713-,P.O BOX,12291,,Saint Petersburg,FL,33733,119-13-1218,03/18/1932
A104259,ROBERTA,,RAMIREZ,3107,11TH,AVE,,,"SAINT, PETERSBURG",FL,33713,PO BOX,12291 15632,,SAINT PETERSBURG,FL,33733Q,,
A106016,R.,,RAMIREZ,3017,11TH,AV,,,SAINT PETERSBURG,FL,3371G,POBOX,12291,15632,SAINT PETERSBURG,FL,33733,119-13-1218,
A105295,DAVID,,RAMIREZ,3017,11TH,AVE,,,SAINT PETERSBURG,FL,33713,PO BOX,12291,15632,ST. PETERSBURG,FL,33733,119-14-0771,19310914
A103870,David,,Ramirez,3017,11TH,AVE.,,,SAINTPETERSBURG,FL,33713,P.O.BOX,12291,15632,Saint Petersburg,FL,33733,119140771,14/09/1931
A101850,D. R.,,RAMIREZ,,11TH,AVE,,,SAINT PETERSBURG,,33713-,POBX,12291,15632,SAINT PETERSBURG,FL,33733,,19310914
A103370,P. L. RUSSELL,,,3017,11TH,AV,,,SAINT PETERSBURG,FL,33713,PO BOX,12291 15632,,SAINT PETERSBURG,FL,33733,119-14-0771,
A102794,Dave,,Ramirez,3017,11TH,AVE,,,SAINT PETERSBURG,FL,33713A,P O BOX,12291,15632,SAINT PETERSBURG,FL,33733,119-14-0771,1931
A101010,Roberta,Otto,ramierz,443,LITTLE spring hill,Dr,,,Ocoee,FL,34761,POBOX,62525,605,OCOEE,FL,34761,119131218,1932-03-18
A107185,R.,,Ramirez,04343,Ltl. Sprng Hill,DR,,,ocOee,Fl,3476I,P O BOX,62525,605,O c o e e,FL,34761,119-13-121,19320318
A106595,roberta,O.,RAMIREZ,443,little springhill,,,,Ocoee,FL,34761,,PO BOX 62525,605,ocoee,FL,3476L,,18/03/1932
A101726,Berta,,ramierz,443,LITTLE SPRING HILL,DR.,,,OCOEE,FLA,34761,P0 B0X,62525,605,OCOEE,FL,34761,119-13-1218,32-03-18
A106241,R O B E R T A,O,Ramirez,443,Lil Springhill,DR,,,OCOEE,FL,34761-,POBX,62525,,OCOEE,FL,3476,119-13-1218,193203
A101819,ROBERTTA,OTTO,RAMIREZ,443,LITTLE SPRiNG HILL,DR,,,Ocoee,FL,3476,PO.BOX,62525-605,,OCOEE,FL,34761,11913-1218,
A103037,DAVID,,Ramirez,443,LITTLE SPRInG HILL,DR,,,OCOEE,FL,34761,PO BOX,62525,605,ocoee,FL,34761,119-14-0771,1931/09/14
A107031,DAVE,,RAMIREZ,443,Little Springhill,Dr,,,Oco-ee,FLA,3476I,POBOX,62525,605,Ocoee,FL,34761,119-140-771,19310914
A105172,D.,,Ramirez,0443,Ltl. Spring Hill,DR,,,OCOEE,FL,34761,P O BOX,62525,605,O C O E E,FL,3476,119-14-0771,1931-09
A104144,David,,Ramrez,443,Little Spring Hill,,,,Ocoee,FL,34761,,62525,,ocoee,FL,34761,,14/09/1931
A102181,DAVD,,RAMIREZ,443,LITTLE SPRING HILL,DR.,,,OCOEE,FL,3476,POBOX,62525.605,,OCOEE,FL,34761,119140771,
A101275,Maye,J.,Bryant,6363,BEADNELL,WAY,Apt,122,San diego,CA,92117,,,,,,,125-71-6118,1930-05-20
A103494,M.,,Briant,6363,beatnell,WY,APT.,1122,"San,Diego",CA,921I7,,,,,,,125-71-61,19300520
A105716,may,jean,BRYANT,6363,BEDNELL,WAY,,122,San Diego,CA,92117,,,,,,,,20/05/1930
A100579,DAVID,,Rodriguez,1701,Ingram,ter,,,Deltona,FL,32725,POBOX,04929,5635,Deltona,FL,32728,125-72-8560,1924-02-07
A104795,Daivd,,RODRIGEZ,1701,Ingram,,,,Deltona,FL,32728,PO BOX,,,DELTONA,F L,32728,,1924/02/07
A103769,Michelle,W,Rodriguez,170I,INGRAM,,,,DELTONA,FLO,32725,P.O.BOX,4929-5635,,,FL,3272E,125728560,07-02-1924
A101347,MAYE,JEAN,RODRIGUEZ,23294,ORANGE,AVE.,Apartment,2,Lake Forest,CA,92630,,,,,,,125-71-6118,1930-05-20
A103092,may,jane,Rodriguez,23294,ORNGE,AVE,APT,02,lake-forest,CA,9263O,,,,,,,125-71-611,19300520
A103852,M.J.,,RODRIGUEZ,023294,ORANGE,AVE,APT,2,Lake Forest,CA,92630,,,,,,,,20/05/1930
A101681,MAYE,JEAN,RODRIGEZ,23294,ORANGE,,Apt.,2,Lake_Forest,CA,92630,,,,,,,125716118,
A102313,Maye,J.,RODRIGUEZ,23294,ORANGE,AVE,,2,Lake Forest,CAL,92630,,,,,,,125-71-6118,1930/5
A106882,Maye,JEAN,Rodriguez,23294,ORANGE,AVE,APT,2,"LAKE,FOREST",CA,92630,,,,,,,125-71-6118,1930
A100404,DAVID,,RODRIGUEZ,23294,ORANGE,AVE,APT,2,LAKE FOREST,CA,92630,,,,,,,125-72-8560,1924-02-07
A100060,EARL G,,PIMMENTA,23294,ORANGe,AVE.,Apt.,2,Lake Forest,CA,9263O,,,,,,,125728560,07/02/1924
A102038,D.,,RODRIGUEZ,023294,ORANGE,AV,APT,2,LAKE FOREST,CA,92630,,,,,,,,1924/02
A105264,Maye,Jean,Rodriguez,230,Stone Valley,Cir,,,Sacramento,CA,95823,PO BOX,12343,293357,SACRAMENTO,CA,95829,125-71-6118,1930-05-20
A104395,PATRICIA,,EPREZ,00230,Stne Vlly,CR,,,SACRAMENTO,CA,9582E,PO.BOX,12343 293357,,Sacramento,CA,95829,125716118,20/05/1930
A106783,Mae,,Rodriguez,230,Stone Valley,,,,Sacramento,CA,95823,,,,,,,,19300520
A104272,DAVID,,RODRIGUEZ,230,STONE VALLEY,CIR,,,SACRAMENTO,CA,95823,PO BOX,12343,293357,Sacramento,CA,95829,125-72-8560,1924-02-07
A106619,D.,,Rodriguez,00230,STONE VLY,CR,,,SACRAMENTO,C.A.,95823,POB,12343.293357,,SACRAMENTO,CA,95829,125728560,1924/02/07
A101056,DAVID,,RODRIGUZ,230,STONE VALLEY,CIR.,,,SACRAMENTO,CA,95823-,PO BOX,,,SACRAMENTO,CA,95829,125-72-856,24-02-1924
A105303,Dave,,RODRIGUEZ,230,Stone Valley,,,,Sacramento,CA,95823,,,,,,,,19240207
A105071,MAYE,JEAN,RODRIGUEZ,154,VERONA,CT,,,SALINAS,CA,93905,,,,,,,125-71-6118,1930-05-20
A105903,Mae,J.,Rodriguez,154,Verona,Ct,,,salinas,CA,93905,,,,,,,125-71-6118,19300520
A101983,M. J.,,RODRIGUEZ,154,VERONA,,,,Salinas,Cal.,939O5,,,,,,,,20/05/1930
A101478,Maye,JEAN,Rodreguez,154 ,VERRONA,CT,,,Salinas,CA,93905,,,,,,,12571-6118,
A104334,may,jean,RODRIGUEZ,154,verona,ct,,,SALINAS,CA,93905,,,,,,,,1930/05/20
A101503,DAVID,,RODRIGUEZ,154,VERONA,CT,,,SALINAS,CA,93905,,,,,,,125-72-8560,1924-02-07
A103553,David,,Rodriguez,154,Verona,Ct,,,Salinas,CA,93905,,,,,,,125-72-8560,19240207
A105238,D.,,Rodrigez,154,VERONA,,,,Salinas,Ca,939O5,,,,,,,,1924-02
A106433,DAVE,,RODRIGUEZ,154,Verona,Ct,,,SALINAS,CA,93905,,,,,,,125728560,
A103761,MAYE,RODRIGUEZ,BRYANT,402,BAY OAKS,DR,,,PENSACOLA,FL,32506,,,,,,,125-71-6118,1930-05-20
A102626,Maye,Rodrigues,Bryant,402,BAY OAKS,dr.,,,Pensacola,FLA,3250G,,,,,,,,20/05/1930
A105439,M. R.,,BRIANT,00402,BAY OAKS,DR,,,PENSACOLA,FL,32506,,,,,,,125716118,1930/05/20
A105451,maye,rodriguez,BRYANT,402,BAY OAKS,,,,Pensacola,FL,32506,,,,,,,125-71-61,
A103561,Maye,Rodriguez,BRYANT,402,Ba Oaks,DR,,,Pensacola,F L,32506-,,,,,,,125-71-6118,193005
A101501,MAYE,RODRIGUEZ,BRYANT,7440,ARAGON,BLVD,UNIT,1,SUNRISE,FL,33313,,,,,,,125-71-6118,1930-05-20
A102673,May,Rodriguez,Bryant,7440,ARAGON,BLVD.,Un.,001,Sunrise,FLA,3331G,,,,,,,125-71-6118,20/05/1930
A101148,M.R.,,Briant,07440,ARAGON BLVD,,UNIT,1,SUNRISE,FL,33313,,,,,,,125716118,
A101552,Maye,Rodriguez,Bryant,400,Commodore,Dr.,Apt,107,Plantation,FL,33325,PO box,49245,16904,plantation,fl,33318,125716118,1930-05-20
A100353,M. R.,,BRIANT,400,COMODOR,DR,APT.,107,PLANTATON,FL,33225,PO BX,49245,,PLNTATION,FL,33318,125-71-6118,193005
A100308,may,ROD.,Bryant,400,Commodore,,,,Plantation,FL,33325,,,,,,,125-71-6118,
A100966,maye,,Bryant,400,COMMODORE,DR,APT,107,"PLANTATION,",fl,3332B,P.O. Box,49245,16904,PlantatioN,fl,33318,125-71-6118,19300520
A106659,David,,Rodrigez,5090,Blank,Rd,,,sebastopol,CA,95472,POBOX,27920,466,SEBASTOPOL,CA,95473,125728560,24-02-07
A100000,DAVID,,RODRIGUEZ,5090,BLANK,,,,SEBASTOPOL,CA,95472-,PO BOX,27920,,SEBASTOPOL,CA,9547A,125-72-8560,
A105139,D. RODRIGUEZ,,,5090,Blannk,RD,,,sebastopol,Ca,,,,,,,,,1924
A105647,david,,rodriguez,509 0,BLANK,RD,,,SEBA STOPOL,CA,95472,p.o.box,27920,466,sebastopol,CA,95473 ,125-72-8560,19240207
A104995,DAVE,,RODRIGUEZ,5090,BLANK,RD.,,,SEBASTOPOL,CA,95472,PO BOX,27920,0466,SEBASTOPOL,CA,95473,125 72 8560,1924-02-07
A102324,Dvaid,,RODRIGUEZ,1832,Meeks Bay,Dr.,,,"CHULA,VISTA",ca,91913,PO BOX,9010,1657,Chula Vista,CA,9191B,125-72-8560,19240207
A101763,David,,RDRIGUEZ,1832,MEKS BAY,DR,,,CHULAVISTA,CA,91913,POBX,9010,1657,CHULA VISTA,CA,91912,125-72-8560,1924
A104823,d. RODRIGUEZ,,,1832,MEEKS BAY,,,,CHULA VISTA,CA,91913,,,,,,,,19240207
A103739,Dave,,Rodriguez,1832,MEEKS,BAY DR,,,Chulavista,CA,91913,PO BOX,9010,1657,CHULA VISTA,CA,91912,12572-8560,
A105748,DAVID,,RODRIGUEZ,1832,MEEKS BAY,DR,,,CHULA VISTA,Ca,91913,P O BOX,9010,1657,CHULA VISTA,CA,91912,125-72-8560,192402
A100327,MIcHELE,W.,MORGAN,1518,19Th,ave.,,,cape coral,FL,33991,PO BOX,6480,150706,"CAPE,CORAL",FL,33915,133073238,1931-12-08
A101183,M. W.,,Morgan,1518,19th,,,,Cape Coral,FL,33991,,,,,,,133-07-3238,19311208
A106066,Michele,W,MORGAN,1518,19th,Ave,,,CAPE CORAL,FL,33991,P.O.Box,6480,150706,CAPE CORAL,FL,3391S,133-07-3238,1931-12
A104760,Shelly,,Morgan,1518,19TH,AVE,,,Cape Coral,FL,33991,PO BOX,6480,150706,Cape Coral,FL,33915,133-07-3238,
A101507,MICHELLE,W,MORGAN,8301,BALGOWAN,RD,,,HIALEAH,FL,33016,PO BOX,976,126743,HIALEAH,Fl,33014,133-07-3238,19311208
A102350,Michele,W.,Morgan,8301,Balgowan,Rd.,,,Hialeah,fl,33016,,,,,,,133073238,1931-12-08
A101499,M.W. MORGAN,,,8301,BALGOWAN,,,,"HIALEAH,",FL,3301G,POBOX,976,126743,HIALEAH,FL,33012,,19311208
A103205,Michele,W,MORGAN,08301,BALGOWAN,RD,,,HIALEAH,FL,33016,PO BOX,0976,126743,HIALEAH,FL,33012,133-07-3238,193112
A101182,michele,w,Morgan,8301,Balgowan,Rd,,,hialeah,FL,33016,Po Box,976,126743,Hialeah,FL,33012,133-07-3238,
A107043,MICHELE,,MOGRAN,8301,BALGOWAN,RD,,,HIALEAH,FL,33016,PO BOX,976,126743,HIALEAH,,33012,133073238,
A105358,Michele W,,Morgan,9400,30th,Ave.,,,Miami,FL,33147,P.O. BOX,731,430115,Miami,FL,33243,133073238,19311208
A101967,M. Morgan,,,9400,30TH,AVE,,,MIAMI,fl,33147,,,,,,,,1931-12-08
A100920,MICHELLE,,MORGAN,94O0,3OTH,AVE,,,MIAMI,FL,3314Z,PO BOX,731,430115,MIAMI,FL,33243,133-07-3238,193112
A106161,Shelly,W,Morgan,9400,30th,Ave,,,Miami,FL,33147,PO BOX,731,430115,Miami,FL,33243,133-07-3238,
A104746,M. W.,,MORGAN,9400,30TH,AVE,,,MIAMI,FL,33147,PO BX,731,430115,MIAMI,FL,33243,133-07-3238,19311208
A101496,David,,Rodriguez,211,Mission,Road,APT,C,alhambra,CA,91801,PO BX,4767,7041,alhambra,CA,91802,133-07-8783,1923022
A105180,D. RODRIGUEZ,,,211,MISSION,RD,APT.,C,Alhambra,CA,91801,,,,,,,,19230221
A104003,david,,Rodriquez,211,MISSION,RD,,,Al Hanbra,CA,91801,p.o.box,4767,7041,ALHAMBRA,CA,91802,133078783,
A106901,DAVID,,RODRIGUEZ,6250,SANDHILL,PL,,,RANCHO CUCAMONGA,ca,91739,,,,,,,133-07-8783,1923-02-21
A106377,Dave,,Rodriguez,6250,SANDHILL,,,,RANCHOCUCAMONGA,CA,91739,,,,,,,133078783,19230221
A104428,D. Rodriguez,,,6250,Sandhill,PL,,,"Rancho, Cucamonga",CA,91739,,,,,,,,19230221
A100454,DAVID,,RODRIGUEZ,625O,SANDHILL,PL,,,RANCHO CUCAMONGA,CA,9173a,,,,,,,133-07-8783,
A100928,DAVID RODRIGUEZ,,,6250,SANDHILL,PL,,,RANCHOCUCAMONGA,CA,91739,,,,,,,133-07-8783,
A106412,David,,Rodriguez,5707,MUSKINGHAM,WA,,,SACRAMENTO,CA,95823,,,,,,,133-07-8783,19230221
A107070,MARIA M.,,SAVOY,5707,MUSKINGUM,WAY,,,Sacramento,CA,95823,,,,,,,133078783,1923-02-21
A100398,D. Rodriguez,,,5707,Muskingham,WAY,,,SACRAMENTO,CA,9582Z,,,,,,,,
A103453,Michelle,W,Rodriguez,3901,52nd,St.,,,Saint Petersburg,FL,33709,PO BOX,12291,15632,SAINT PETERSBURG,FL,33733,133-07-3238,19311208
A102482,M. W. RODRIGUEZ,,,3901,52ND,ST,,,ST PETERSBURG,FL,33709,P.O.BOX,12291,15632,ST PETERSBURG,FL,33733,133073238,
A103798,dianna,M,Heernandez,3901,52nd,St,,,Saint Petersburg,fl,33709,POBX,12291,15632,Saint Petersburg,FL,33733,133-07-3238,19311208
A103311,Shellie,,Rodriguez,3901,52ND,ST,,,SaintPetersburg,FL,33709,PO BOX,12291,15632,ST PETERSBURG,FL,33733,133-07-3238,
A100371,David,,Rodriguez,3901,52nd,St,,,St Petersburg,FL,33709,PO BOX,12291,15632,St Petersburg,FL,33733,133-07-8783,19230221
A105007,D. RODRIGUEZ,,,3901,52ND,ST,,,SAINT PETERSBURG,Fl,33709,,,,,,,,19230221
A100053,david,,Rodriquez,3901,52ND,ST,,,SAINT PETERSBURG,FL,33709,POBX,12291,15632,SAINT PETERSBURG,FL,33733,133078783,1923-02-21
A103668,Dave,,Rodriguez,03901,52ND,ST,,,SAINT PETERSBURG,FL,33709,P.O. Box,12291,15632,SAINT PETERSBURG,FL,33733,133-07-8783,1923
A103965,DAVID RODRIGUEZ,,,3901,52ND,ST,,,"SAINT PETERSBURG,",FL,3370F,PO BOX,12291,15632,SAINT PETERSBURG,FL,33733,,
A106239,Michele,Rodriguez,Morgan,3208,holt,st,,,LITTLE ROCK,AR,72204,PO BOX,2506,165891,LITTLE ROCK,AR,72216,133-07-3238,19311208
A107176,M. Rodriguez Morgan,,,3208,HOLT,,,,Little Rock,AR,72204,,,,,,,133073238,19311208
A105499,Shelly,,Morgan,3208,HOLT,ST,,,LittleRock,AR,72204,P O Box,2506,165891,LITTLE ROCK,AR,72216,133-07-3238,
A103002,Michele ,Rodrigiz,MORGAN,101,CENTURYY,CIRCLE,,,hot springs,AR,7191,,,,,,,133073238,193112-08
A106160,M. Rodriguez,,Morgan,101,Century,CIR,,,HotSprings,AR,71913,,,,,,,133-07-3238,
A103823,miche l e,R.,MORGAN.,101,CENTURY,CR,,,"HOT,SPRINGS",Ar,719l3,,,,,,,,1931-12-08
A103891,Michelle,R,Morgan,3203,Amberwood,BLVD,unit,I,BENTONVILLE,ar,72712,,,,,,,133073238,1931/12/08
A102267,M R Morgan,,,3203,Amberwd,BLV,,,Bentonville,AR,7271,,,,,,,,1931
A105938,m.rodriguez,,morgan,3203,amberwood,BD,,,"BENTON,VILLE",AR,72712,,,,,,,133-07-3238,
A100789,susan,,VASQUEZ,32 03,AMBERWOOD,BLVD.,UNIT,1,BENTONVILE,AR,72712A,,,,,,,133-07-3238,19311208
A105443,David,,Rodriguez,912,54th,St.,,,OAKLAND,ca,94608,,,,,,,133-07-8783,1923-02-21
A105734,D.VID,,Rodriguez,912,54TH,ST,,,OAK LN,CA,94680,,,,,,,133078783,02/21/1923
A105031,david ,R.,rodrigez,912,54 TH,ST.,,,Oakland,CA,94608,,,,,,,133-07-8783,
A106938,D. Rodriguez,,,,54th,,,,OAKLAND,CA,,,,,,,,,
A106745,DAVD,,RODRIGUEZ,912,54TH,STT,,,oakland,CA,946088,,,,,,,,19230221
A106639,LILIA,,DIAS,1186,Forest,AVE,,,PORTERVILLE,CA,9325,,,,,,,185171000,1917-05-02
A100903,LILYA,,DIAZ,11869,FOREST,AV,,,PORTERVILE,CA,93257,,,,,,,185-17-1000,19170502
A104024,L. Diaz,,,1186,Forest,,,,Porterville,CA,93257A,,,,,,,,
A105177,lilia,,DIAZ,1 186,fore st,AVE.,,,porterville,CA,93257,,,,,,,185-17-1000,
A106857,LLIA,,DIAZ,1186,FORREST,AVE,,,PORTERVILLE,Ca,92357,,,,,,,185-17-100,1917
A103446,LILIA,,DIAZ,15117,CREEK HILLS,RD.,,,EL CAJON,CA,9202l,,,,,,,185171000,
A101989,L.DIAZ,,,15117,CREEKHILLS,RD,,,El Cajon,CA,92021,,,,,,,,19170502
A100084,Lil ia,,DIAZ,15117,"CREEK,HILLS",RD,,,ELCAJON,CA,92021,,,,,,,185-17-1000,1917-05-02
A103923,Lila,,Diaz,15117,Creek Hillz,Rd,,,"El,Cajon",CA,90221,,,,,,,,
A100705,LILIA,,DIAZ,3373,ARMADA,DR,APT,5,VENTURA,CA,93003,POBOX,1206,464,VENTURA,CA,93002,185-17-1000,19170502
A100163,L Diaz,,,3373,ARMADA,,APT,05,ventura,CA,93003,p o box,1206,464,vent ura,CA,09302,185-17-1000,1917/05/02
A100383,THOMAS,,LOPEZ,33713,ARMADA,DR,,,VENTURA,CA,9303,PO BX,,,,,,185171000,
A101184,L. DIAZ,,,3373,ARMADA,,APT,5,Ventura,CA,93003,PO BOX,,,Ventura,CA,93002,,1917-05-02
A105066,LILIAH,,DIAZ,3373,ARMDA,DR.,APT,S,VENTURA,CA,93003,P0 BOX,1206,464,VENTURA,CA,93002X,,
A102353,DAVID,,PEREZ,444,Zachary,Dr,,,Vacaville,ca,95687A,,,,,,,185-17-8322,
A107096,D Perez,,,444,ZACHARY,DR,,,VACAVILLE,CA,95687,,,,,,,,19270904
A104929,Davd,,Perez,444,ZACHARY,DR.,,,VACAVILLE,CA,95887,,,,,,,,
A102973,D. PEREZ,,,,,,,,VACAVILLE,CA,,,,,,,,,
A106355,LILIA,,PEREZ,31573,LINDERO CANYON,RD,unit,5,WESTLAKE VILLAGE,CA,91361,,,,,,,185171000,1917-05-02
A100935,L Perez,,,31573,LINDERO CNYN,RD.,,,"WESTLAKE,VILLAGE",CA,91361,,,,,,,,
A104321,lilia,,perz,31573,LINDERO CANYON,RD,UNIT ,05,westlake village,CA,9136l,,,,,,,185-17-1000,
A102923,DONALD,,HERNANDEZ,31573,LINDEROCANYON,RD.,UNT,5.,WESTLAKE,CA,93161,,,,,,,,19170502
A101533,L. Perez,,,,LINDERO CNYN,,,,Westlake Village,CA,,,,,,,,,
A106107,James,,Hernandez,31573,LINDERO CANYON,RD,UNIT,5,WESTLAKE VILLAGE,CA,91361,,,,,,,185-17-8322,19270904
A101573,D Perez,,,31573 ,LINDERO CNYN,Rd,,,WestlakeVillage,CA,91361,,,,,,,,
A101462,David,,Perz,31573,LINDERO CANYON ,R D,unit,5,"WESTLAKE,VILLAGE",CA,93161,,,,,,,,1927
A100373,DAVID,,PÉREZ,31573,LNDRO CNYN,RD.,UNIT,05,WESTLAKE VILLAGE,CA,91361,,,,,,,185178322,
A104038,D. Perez,,,,LINDERO CANYON,,,,WESTLAKE VILLAGE,CA,,,,,,,,,09/04/1927
A102076,JAMES,,HERNANDEZ,31573,LINDEROCANYON,RDX,UN1T,5,WEST-LAKE,CA,9136I,,,,,,,,
A107263,LILIA,,PEREZ,241,PARKRIDGE,AVE,APT,D,CORONA,CA,92879,PO BX,11791,77501,CORONA,CA,92877,,19170502
A105994,L Perez,,,241,PARKRIDGE,AVE,,D,Corona,CA,92879,P.O. Box,11791,77501,Corona,CA,9287,,
A104752,liliah,,PEREZ,241,PARKRIDGE,AVE.,APT,,CORONA,CA,92879,PO BOX,11791,,CORONA,CA,92877,185171000,
A102537,CELSO,,SANTOS,241 ,ParkRdge,AVE,APT,D,Corona,CA,,POBOX,,77501,,,,,1917-05-02
A103234,Maria,,Betchley,241,PARKRIDGE,AVE,APT,0,CORONA,CA,92879A,PO BOX,,77501,CORONA,CA,92877,,
A105197,DAVID,,PEREZ,241,PARKRIDGE,AVE,APT,D,corona,CA,92879,PO BOX,11791,77501,corona,CA,9287,,19270904
A102385,D PEREZ,,,241,PARK RIDGE,AVE.,,D,CORONA,CA,92879,P.O. BOX,,77501,CORONA,CA,92877Z,185-17-8322,
A106367,Davd,,Perez,241,PARKRIDGE,AVE,APT,D,Corona,CA,9287,PO BX,11791,77501,Corona,CA,92877,185178322,09-04-1927
A105995,Sherry,,Guess DZOBA,814,MIL ANO,CIR,APT,202,Brandon,FL,33511,po box,32720,2885,BRANDON,FL,33509B,,
A102534,S. GUESS-DZOBA,,,814,MILANO,CIR,APT,202,"BRANDON,FL",FL,33511,p o box,32720,2885,BRANDON,FL,33509,191219925,1938-07-28
A103417,SHERRI,,GUESS.DZOBA,814,MILANO,C.,APTMT,022,BRANDO ,FL,3351,P0 BOX,32720X,,BRANDON,FL,33509,,19380728
A103325,Sherry,,Guess DZOBA,1028,3rd,St.,APT.,35,MIAMI,FL,33130,POBOX,731,430115,Miami,FL,33243,191-21-9925,1938-07-28
A102193,john,,Lopez,1028,3rd,ST,APT,35,miami,fl,3313O,P.O. BOX,731 430115,,MIAMI,FL,3324,191219925,19380728
A101373,SHERRI,,GUESS-DZOBA,10 28,3 RD,ST,,,MIAMI ,FL,33130-,,,,,,,191-21-992X,
A101575,S H E R R Y,,GUES-DZOBA,1028,THIRD,ST.,#,35,MIAMI,FL,33130,PO box,731,4301 IS5,Miami,FL,33243,191-21-9925,193807
A105069,SHARY,,GUESSDOBA,1028,3RD,,,,MIAMI,FL,3130,POB,731,430115,"Miami,FL",,33243,,07/28/1938
A105376,sherry,,guess'dzoba,1028,3rd street,,Apart,035,Miami,FL,33130 ,PO Box,731430115,,"miami,fl",fl,33243-,191219925,38-07-28
A102183,SHERRI,,GUES DZOBA,1853,4th,ST,,,Miami,FL,33135,P O BOX,731,430115, MIAMI,FL,33243,191-21-9925,1938/07/28
A100717,S. GUESS-DZOBA,,,1853,4TH,ST,,,MIAMI,FL,3313 5,POBOX,731-430115,,Miami ,FL,33243,191219925,
A102490,sherry,,guessd zoba,l853,4th,ST,,,miami,fl,3315,,,,,,,191-21-9259,19380728
A102945,S HERRY,,GUESS:DZOBA,1853,4TH ,ST.,,,MIAMI,FL,33135,P.O.BOX,731 ,430115,MIAMI,,33243,191219925,7-28-1938
A102398,SHARY,,GUESS-DZOBA,1853,4TH,ST,,,miami,FL,33135,POBX,"731,430115",,MIAMI,FL,33243,,193807
A101033,DAVID,,GALVES,266,RAY,RD,,,Wharton,TX,77488,,,,,,,191-23-4095,19470610
A103203,DAVE,,GALVEZ,266,RAY DR,,,,WHARTON,TX,77488-,,,,,,,191234095,1947-06-10
A105101,DAVID,,GALBVEZ,266,RAY,RD,,,wharton,tx,7748 B,,,,,,,,194706
A106444,S.G.,,GALVEZ,2041,Hollywod,WY,,,BURBANK,CA,91505,,,,,,,191-21-9925,19380728
A103469,SHERRI,,GALVEZ,2041,HOLLYWOOD,WAY,,,Burbank,CA,91505-,,,,,,,191219925,07-28-1938
A102137,SHERRY,,GAL V EZ,2041,HOLLYWOOD,WAY,,,burbank,ca,91505,,,,,,,,
A107127,DAVID,,GALVEZ,2041,Hollywood,WAY,,,BURBANK,CA,91505,,,,,,,191-23-4095,19470610
A106051,DAVE,,GALVEEZ,2041,HOLIWOOD,WAY,,,BURBANK,CA,91505,,,,,,,191-23-4095,1947/06/10
A102359,THOMAS,,hernandez,20 41,HOLLYWOOD,WY,,,Burbank,Ca,91505-,,,,,,,191234095,
A100797,DA VID,,GALVEZ,2041,HOLLYWOOD,WAY,,,BURBANK ,CA,91505,,,,,,,,194706
A102096,DAVID,,GALV3Z,2041,HOLLYWOOD,WAY,,,"bur,bank",CA,915O5,,,,,,,,
A103055,Sherry,,GALVEZ ,4246,106th,ST,,,Inglewood,CA,90304,PO bx,68882,1607,INGLEWOOD,CA,9038,191-21-9925,1928-07-28
A104664,SHERI,,GALEVEZ,4246 ,106TH,ST,,,INGLEWOOD,CA,90304-,p.o. box,68882-1607,,INGLEWOOD,CA,90308,191219925,28/7/1938
A106447,S. GALVEZ,,,4246,106th St,,,,ingle wood,CA,90304,PO BOX,68882,1607,"INGLEWOOD,CA",,90308,,19380728
A101585,SHERRY,,G ALVEZ,42 46,106TH,ST,,,INGLEWOOD,CA,9304,,,,,,,191-21-9925,
A105250,David,,Galvez,4246,106th,St.,,,INGLEWOOD,CA,90304,P.O.BOX,68882,1607,Inglewood,CA,90308,191-23-4095,1947-06-10
A106752,DAVE,,GALVES,4246,106TH ,ST,,,inglewood,ca,90304-,po box,"68882,1607",,INGLEWOOD,CA,90308,191234095,19470610
A101776,DAVID,,GALVEZ ,42 46,106TH,ST,,,INGLEWOOD,CA,90304,,68882,1607,INGLEWOOD,CA,,,06/10/1947
A105559,D. GALVEZ,,,4246,106TH,ST,,,Inglewood,CA,90304,POBOX,,1607,"INGLE,WOOD",CA,90308,191-23-4095,
A100974,DAVID,,GALV3Z,4246,106TH,ST,,,lnglewood,CA,903O4,PO BOX,68882,1607,INGLEWOOD,CA,90308,,194706
A100264,TIFFANY L.,,STRICKLAND,8536,KERN CANYON,RD,SPC,181,Bakersfield,CA,93306,,,,,,,193-99-4616,19241109
A104601,TIFANY,LIN,STIKLAND,8536,KERN CYN,RD,#,181,"BAKER,FIELD",CA,93306-,,,,,,,193994616,11/9/1924
A105092,T. STRICKLAND,,,8536,KERN CANYON RD,,SPC,I8I,Bakersfield,CA,93306,,,,,,,,1924-11
A101944,TIFFANY,LYNN,STR1CKLAND,8536,KERN CANYON,RD,,,BAKERSFIELD,CA,93306,,,,,,,,19241109
A102966,Tiffany Lynn,,STRICKLAND,2049,Eveningside,Dr.,,,West Covina,CA,91792,po box,6939,4561,WEST COVINA,CA,91791,193-99-4616,1924-11-09
A102196,T. L. STRICKLAND,,,2049,EVENINGSIDE,DR,,,"WEST COVINA,CA",,91792-,PO.BLX,6939-4561,,,,91791,193994616,11/09/24
A105001,TIFFANY,LYNN,STRICKLAND,2049,EVEN1NGSIDE,DR,,,WEST.COVINA,CA,91792,P.O. Box,6939,456l,WEST COVINA,CA,91791-,,19241109
A102016,TIFF LYNN,,STRICKLAND,2049 , Evening Side,,,,WEST COVINA,CA,9179 2,PO BOX,6939,,,,,193-99-4616,192411
A100297,JENNIFER,,RUSSEL,2049,EVENINGSIDR,DR,,,"WEST,COVINA",CA,91792,P O BOX,6939,4561,"WEST, COVINA",,91791,193994616,
A106428,Tiff,,Strickland,2049,EveningSide,DR,,,WESTCOVINA,CA,91792,POBOX,69394561,,West.Covina,CA,,,24/11/1924
A104388,MARTHA,,WATSON,42589,Bellagio,Dr,,,"Bermuda, Dunes",CA,92203,,,,,,,193-99-4616,1924-11-09
A107153,TIFFANY,,STR1CKLAND,42589,BELLAG1O,DR,,,bermuda dunes,ca,92203,,,,,,,193994616,19241109
A106305,TIFF L,,STRICKLAND,42589,BELLAGIO,,,,BERMUDA DUNES,CA,922031,,,,,,,,11/09/1924
A102334,T. STRICKLAND,,,42 589,BELLAGIO DR,,,,"BERMUDA DUNES,CA",,92203,,,,,,,,24-11-1924
A107016,TIFFANY,LINN,STRCKLAND,42589,BELLAGIO,DR.,,,BERMUDA DUNES,CA,922O3,,,,,,,193-99-4616,
A104504,MICHEL,,FIGUEROA,42589,Bellagio,Dr,,,"Bermuda, Dunes",CA,92203,,,,,,,,192411
A101009,DAVID,,RAMIREZ,4651,DUNHAM,WAY,,,SAN DIEGO,CA,92130,PO BOX,2233,45236,SAN+DIEGO,CA,92145,193-99-8430,1918-02-15
A105901,D. RAMIREZ,,,4651,DUNHAM,WAY,,,SANDIEGO,CA,92130-,P O BOX,2233/45236,,,,92145,193998430,15/2/1918
A106767,DAVID,,RAM1REZ,4651 ,DUNHAM WAY,,,,SAN DIEGO ,CA,9213O,PO BOX,"2233,45236",,"SAN DIEGO,CA",,92145,,191802
A102979,James,,Hernandez,730,SANDHILL CRANE,DR,,,LOS BANOS,CA,93635,POB,"24850,2385",,LOS BANOS,,93635-,193-99-8430,1918/02/15
A103627,DAVE RAMIREZ,,,730,SANDHILLCRANE,DR.,,,"LOS,BANOS",CA,93635,PO BOX,24850-2385,,"LOS BANOS,CA",CA,93635,193998430,15-02-1918
A104179,DAVID,,RAMIREZ,0730,SANDHILL CRANE,DR,,,los banos,ca,93635A,POBOX,,,LOS BANOS,CA,93635,,19180215
A102641,Tifany,Lynn,Ramirez,1122,LINCOLN,Street,,,TULARE,CA,93274-,,,,,,,193994616,1924-11-09
A102444,T.L. ,,Ramirez , 1122 ,linclon,st,,,Tulare,CA,93274,,,,,,,193-99-4616,11/09/1924
A102733,Tiffany-Lynn ,,ramirez,1122,LINCOLN,ST.,,,tulare,CA,9327,,,,,,,,
A101276,rebecca,ELVIN,WAERS,1122,LINCOLN,st ,,,TULARE,CA,93274,,,,,,,193-99-8430,1918
A101968,Davd,,Ramierz,1122,LINCOLN,,,,tulare,CA,93274,,,,,,,193998430,15-02-1918
A105221,DAVE,,RAMIREZ,1122,LINCLON,ST,,,Tulare,CA,93274-CA,,,,,,,,9180215
A104373,Mary Justin,,,1122 ,LI NCO LN,ST,,,TULARE,CA,9324,,,,,,,193-99-843O,
A102875,tiffany,L.,ramirez ,0703,Mellisa,Ct,,,Beaumnt,CA,92223,,,,,,,193-99-4616,1924-11-09
A100537,TIFFANY,,RAMIREZ,703,Melissa,CT,,,"BEAUMONT,",CA,92223,,,,,,,193994616,
A101692,T.Lynn ,,Ramirez,703,MELISSA,,,,BEAUMONT,CA,9222,,,,,,,,11/09/1924
A103551,David,,Ramirez,703,MELISA,ct,,,beaumont,CA,92223,,,,,,,193-99-8430,1918/02/15
A104539,david ,,ramirez,703,MELISSA,Ct.,,,Beaumot,CA,92223,,,,,,,,02-15-1918
A101211,D. RAMIREZ,,,703,MELISSA,CT,,,BEAUMONT,CA,92223-,,,,,,,193998430,19180215
A103260,Davey,,Ramirez,073,MELISSA,CT,,,BEAUMONT,CA,92223,,,,,,,19-399-8430,
A106888,DAVID,,RAMIREZ,703,MELISA,,,,BEAUMONT,CA,9222,,,,,,,,1918-02
A104361,DEBORAH,,Jonez,7878,SADDLETREE,Ct,,,"Corona,",CA,92880,,,,,,,040-56-0971,1938/07/19
A105775,DEBBIE,,Jones,7878 ,SadleTree,CT.,,,CORONA,CA,9288O,,,,,,,040560971,19380719
A103801,D.J.,,Jones,7878,SADDLETREE,,,,CORONA,CA,92880,,,,,,,,
A100732,deborah ,,jones,8787,SADDLE TREE,CT,,,CORONA,CA,9288,,,,,,,040-56-0917,07-19-1938
A101173,Deborah,,Jones,528,BENTON,WAY,APT,212,"Los,Angeles",CA,90026,,,,,,,040-56-0971,19380719
A102527,George,,Hernandez,528,BENTEN,WAY,#,212,LOS ANGELES,CA,90026,,,,,,,040560971,1938
A104209,DEBBIE,,jones,528,BENTON,,Apt,12,los angeles,CA,9002,,,,,,,040-56-0971,07-1938
A107118,Debra,,Jones,528 ,BENTON,WAY,,,LOS ANGELES,CA,90026,,,,,,,,19380719
A105999,john,chemagane,chavez,528,BENTON,WAY,APT,0212,LOS ANGELES,CA,90026,,,,,,,,
A106172,DEBORAH,,JONES,582,BENTON,WY,APT,212,LOSANGELES,CA,90026,,,,,,,O40-56-0971,
A107163,Angel,A.,ChristopherSon,17833,HEMMINGWAY,St.,,,RESEDA,CA,91335,,,,,,,040-56-6736,1928-09-03
A105326,A. CHRISTOPHERSON,,,17833,HEMINGWAY,ST,,,"Reseda,",CA,91335,,,,,,,,
A104828,ANGEL,,CHRISTOPHERSON,1783,HEMMNGWAY,ST,,,RESEDA,CA,9133,,,,,,,040566736,19280903
A102042,Angel,AR.,CHRISTOPHERSON,17833,HEMMINGWAY,,,,reseda,CA,91335-CA,,,,,,,,09/03/1928
A104846,Angel,A.,Christopherson,2285,Broadway ,,Apt.,A310,ANAHEIM,CA,92804,,,,,,,040-56-6736,19280903
A105955,A. C.,,,2285,broadway,,APT,A301,Anaheim,CA,92804,,,,,,,,1928/09/03
A101197,ANGEL ARNOLD,,CHRISTPHERSON,2285,BROADWAY,,APT,A310,ANHEIM,CA,92804,,,,,,,,
A104111,Angel,,Christopherson,2251,CRENSHAW,Blvd.,Apartment,07,Los Angeles,CA,90016,P.O. Box,503 ,881605,Los Angeles ,CA,90016,040-56-6736,1928-09-03
A103877,A. CHRISTOPHERSON,,,2251,CRENSHWA,BLVD,APT,7,LOSANGELES,CA,90016,PO BOX,503,881605,LOS ANGELES,CA,9009,040566736,
A107082,ANGEL,,CHRISTOPHERSON,251,CRENSHAW,BLV,APT,7,LOS ANGELES,CA,90016,P O Box,503,881605,LOS ANGELES,CA,90016CA,040-56-6736,19280903
A101732,Angel Arnold,,Christopheron,2251,CRENSHAW,Blvd,apt.,7,los angeles,CA,90016,POBX,503,,los angeles,CA,90016,,09/03/1928
A103719,ANGEL,ARNOLD,CHRISTOPHERSON,2251,CRENSHAW,BLVD,,,LOS ANGELES,CA,90016,,,,,,,,
A106393,DEBORA,,CHRISTOPHERSON,6817,PECK,DR.,,,Sacramento,CA,95828,,,,,,,040560971,19380719
A101592,Deborah ,,Christopherson,6817,peck,DR,,,SACRAMENTO,CA,9582,,,,,,,,1938
A105164,D. CHRISTOPHERSON,,,6817,PECK,DR,,,Sacramento,CA,95828,,,,,,,040-56-0971,
A102780,Debbie,,Christopherson,6817 ,PECK,,,,sacramento,CA,95828,,,,,,,040-56-0971,193807
A107074,DEBORAH,,CHRISTOPHERSON,6817,PEK,DR,,,SACRAMENTO,CA,95828CA,,,,,,,040-56-9071,07/19/1938
A104588,ANGEL,,CHRISTOPHERSON,6817,PECK,DR,,,Sacramento,CA,95828,,,,,,,040-56-6736,1928-09-03
A105878,Angel A.,,Christopheron,6817,PEK,DR,,,"SACRAMENTO,",CA,9582,,,,,,,040566736,
A102003,A.C.,,,6817,PECK,DR,,,sacramento,CA,95828-,,,,,,,,19280903
A103730,Deborah,,Christopherson,1122,BROWNING,BLVD,,,Los Angeles,CA,90037,po box,503,881605,LosAngeles,CA,90009,040-56-0971,1938-07-19
A104181,DEBBIE,,CHRISTOPHERSON ,1122,BROWNING,BLVD.,,,LOS ANGELES,CA,90037,P O BOX,503 ,881605 ,LOS ANGELES,CA,9009,,19380719
A104255,D. CHRISTOPHERSON,,,1122,BROWNING,BLVD,,,"LOS ANGELES,",CA,90037,,,,,,,040560971,
A106173,Debora,,Christpherson,1122,BROWNING,BLD,,,los angeles,CA,90037CA,POBX,503,,los angeles,CA,90009,O40-56-0971,07/1938
A101818,D.C.,,,1122,BROWNING,BLVD,,,Los Angeles,CA,90037,,,,,,,,
A100901,Angel,A.,ChristopherSon,1122 ,BROWNING,Blvd,,,los angeles,ca,90037,po box,503,881605,"los,angeles",ca,90009,040566736,1928-09-03
A102098,A N G E L,ARNLD,CHRISTOPHERSON.,1122,browninG,BLVD.,,,LOS ANGELES,CA,90037,P.O. BOX,0503,881605,LOS ANGELES,CA,9009,040-56-6736,19280903
A100959,Angl,Arnold,Christoferson,112 2,BR0WNING,BLD,,,LOS ANGELES,CA,90037,PO BOX,503,881605,Los Angeles,CA,90009-,,1928
A101890,A.,,Christopherson,1122,BROWNING,,,,LOs anGeles,CA,90037,,,,,,,040-56-6736,03/09/1928
A102990,DEBORAH,,CHRISTOPHERSON,9951,Holder,St,APT,070,CYPRESS,CA,90630,PO BOX,5436,157,"Cypress,",ca,90630,040560971,19380719
A104819,Debra,A.,Christopheron,9951,holder,ST,#,70,CYPRESS,CA,90630-,POBOX,5436,,cypress,CA,9063O,040-56-0971,07/19/1938
A102944,D. CHRISTOPHERSON,,,9951,HOLDER,ST,,,Cypress,CA,90630,PO BOX,,157,CYPRESS,CA,90630,,
A105422,DEBORAH,,CHRIST0PHERS0N,995/1,Holdr,,,,CY PRESS,,90630,,5436,,,,,040-56-0971,1938
A101951,Angel,A.,CHRISTOPHERSON,9951,HOLDER,ST.,APT,70,CYPRESS,CA,90630,PO box,5436 , 157,CYPRESS,CA,90630,040-56-6736,19280903
A100123,A.,,CHRIST0FERSON,9951,HOLLER,ST,APT.,7O,CYPRESS,CA,9063O,P.O. BOX,5436,157,C Y P R E S S,CA,,040566736,
A102751,Ang,,Christopher,9951,HOLDER,,,,cypress,CA,90630,,,,,,,,09-1928
A103590,DEBORAH,,JONeS,1526,juniPer,Ln,,,"lewisville,",TX,75077,,,,,,,070-38-7781,1903-07-18
A100089,Debrah,,Jones,15261,JUNIPER,,,,LEWISVILLE,TX,75077,,,,,,,070387781,19030718
A102307,D.,,Jones,1526,JUN1PER,LN,,,LewisVille,tx,7507,,,,,,,,07/18/1903
A104317,DEBORA JONES,,,1526,JUNIPER,LN.,,,lEWISVILLE,TX,75077,,,,,,,070-38-7781,
A105812,DEBO,,JONES,1562,JU NIPER,LN,,,LEWIS VILLE,TX,75077,,,,,,,070-38-7781,1903
A105171,DEB0RAH,,JONES,3449,SHEF FILD,CIR,,,plano,,75075,,,,,,,070387781,19030718
A104466,D. JONES,,,3449,SHEFFIELD,CIR,,,PLANO,TX,75075,,,,PLANO,TX,75075,,07/18/1903
A105403,Deborah,,Jones,3449,Sheffeld,CR,,,"Plano,",TX,7507,,,,,,,070-38-7781,
A105395,DEBORA,,JONES,3-449,SHEFFIELD,,,,PLANO,TX,75075,,,,,,,070-38-7781,1903
A104166,DEBRA,,JONES,3449,SHFFIELD,CIR.,,,PLA NO,TX,75075,,,,PLANo,,,070-38-7781,
A100049,D.,,Jones,3449,SHEFFIELD,CIR,,,PLANO,TX,75075-,,,,,,,,
A105243,JOSHUA,S.,CHAHAL,4664,ALTADENA,AVE,,,"san diego,",CA,92115,po box,2233,45236,"San,Diego",CA,92145,070-40-1342,1902-01-06
A102036,Josh,,Chahal,4664,Altadena,AVENUE,,,SAN DIEGO,CA,92115,POBOX,02233,,SAN DIEGO,CA,92145,070401342,19020106
A102493,J.S. Chahal,,,4664,ALTADENA,AVE,,,San Diego,CA,92115,,,,,,,,01/06/1902
A102195,J0SHUA,SINGH,CHAHAL,4664,ALTADENA,AV,,,SAN DIEGO,CA,9211S,PO BOX,2233,45236,San Diego,CA,92145,070-40-1342,1902
A104649,Joshua,Singh,Chalal,1525,COLD SPRING,RD,SPC,8,Placerville,CA,95667,,,,,,,070-40-1342,19020106
A101193,J.S. Chahal,,,1525,COLD SPRINGS,RD,,,"PLACERVILLE,",CA,95667,,,,,,,,1902-01-06
A101995,J0SHUA,SINGH,CHAHAL,1525,COLDSPRINGS,RD.,#,8,Placerville,,95667-,,,,,,,070-401342,
A103817,JOSHUA,,SINGH,1525,COLD SPRINGS,,,,PLACERVILLE,CA,95667,,,,,,,070-40-1342,1902
A105008,JOSHUA,S.,C H A H A L,240,BARDIN,RD,,,Salinas,Ca,93905,P O BOX,131,1931,SALINAS,CA,93092,070-40-1342,01/06/1902
A100594,JOshua,,Chahal,240,Bardin Rd,,,,salinas,CA,93905,POBOX.,,1931,salinas,CA,93905,,19020106
A103097,J.,,Chahal,240,BARDEN,RD,,,SALINAS,CA,93905,,131,,,,,070401342,
A100720,Josh S.,,Chahal,0240,BARDIN,RD,,,Salinas CA,,93905,PO BOX,13I,I931,SALINAS,CA,93905,070-40-1342,1902
A101151,DEBORAH,,CHAHAL,10211,ORCHID,DR.,,,Port Richey,FL,34668,PO BOX,8650,40,"Port,Richey",FL,34673-,070-38-7781,18-07-1903
A101641,D. Chahal,,,10211,Orchid,DR,,,PORT RICHEY,FL,34668,,,,,,,,07/18/1903
A102234,DEBORA,,CHAHAL,10211,ORCHID,,,,PORTRICHEY,FL,34668-,POBOX,8650,40,Port Richey,fl,34673,070-38-7781,
A105342,DEBRA,,CHAHAL,1021-1,ORCHID,DR,,,PORT RICHEY,FL,34668,PO BOX,8650,,,,,070387781,1903
A103030,JOSHUA,SINGH,CHAHAL.,10211,ORCHID,DR,,,"PORT RICHEY,",FL,34668,PO BOX,8650,40,PortRichey,FL,34673,070-40-1342,1902-01-06
A100425,J.S. CHAHAL,,,10211,ORCHID DR,,,,PORT RICHEY,FL,34668-,POBOX,8650,040,port richey,fl,34673,070401342,
A100747,JOSH,,CHAHEL,10211,O R C HID,DR,,,PORT RICHEY,,34668,,,,,,,,19020106
A103381,JOSHUA,,SINGH,10211,ORCHID,DR,,,PORT RICHEY,FL,34668,PO BOX,,,PORT RICHEY,FL,34673,070-40-1342,1902
A106260,JoshuA S.,,Chahal,10 211,orCHID,Dr.,,,Port-Richey,FL,34668,POBOX,8650,40,Port Richey,,,070-40-1342,1/6/1902
A105533,J. Chahal,,,10211,Orchid,Dr,,,"PORT,RICHEY",FL,34668,PO BOX,,40,,FL,34673,070-40-1342,
A106409,Debra,,Williams,5544,MCCulloch,Ave,Apt,8,Temple City,CA,91780,,,,,,,053-77-7317,1909-02-05
A107103,DEBRAH,,WILIAMS,5544,MCCULLOCH,AVE,#,08,TEMPLECITY,CA,91780-,,,,,,,053777317,02/05/1909
A102322,D. Williams,,,5544,MCCULLOCH AVE,,,8,"TEMPLE, CITY",CA,91780,,,,,,,,1909
A106891,Deborah,,Williams,19156,DIPLOMAT,Ave,,,Corona,CA,92881,,,,,,,053-77-7317,1909-02-05
A103997,DEBRA,,WILLIAMS.,19156,DIPLOMAT,AVE,,,CORONA,CA,92881-,,,,,,,053777317,19090205
A105282,D.,,Williams,19156,DIPLOMAAT,AVE,,,corona,CA,92881,,,,,,,,02/05/1909
A101960,Debra,,Willliams,19156,DIPLOMA,,,,CORONA,CA,92881,,,,,,,053-77-7317,1909
A107026,Mario,Craig,Scherer,2166,Montclif,Rd.,,,San Diego,CA,92139,P.O.Box,2233,45236,San diego,CA,92145,053801705,1917-05-04
A106758,mario craig,,scherer,2166,montcliff,rd,,,san diego,CA,92139,PO bx,,,SAN DIEGO,CA,92145,,19170504
A104798,james,,herandez,21666,M0NTCLIFF,RD,,,SAN DIEGO,CA,92139,POBX,2233,,"san ,diego",CA,92145-,053-80-1705,05/04/1917
A103802,M. CRAIG,,SCHERER,2166,MONTCLIFF,,,,SAN DIEGO,Ca,92139,Po Box,2233,45236,SAN DIEGO,CA,,053-80-170,
A102724,MariO,C.,Scherer,2166,Montcliff,RD,,,san diego,CA,92139,,,,,,,,19170504
A100099,Debra,,Scherer,2654,Florida,St,,,west palm beach,fl,33406,PoBox,44375,,West Palm Beach,FL,33416,053-77-7317,1909-02-05
A101541,Debra,,SHEERER,2564,FLORADA,ST,,,WEST PALM BEACH,FL,33406,,44375,19053,"West,Palm,Beach",FL,33416,053777317,19090205
A101622,D. SCHERER,,,2654,FLORIDA,ST,,,W PALM BCH,FL,33406,PO BX,,,,,,,19090205
A100874,CHAD,,GOMEZ,2654,FLORIDA,,,,WEST PALM BEACH,FL,33406,PO BOX,44375,19053,,Fl,33416A,053-77-7317,190902
A105544,DEBRA,,SCHERER,,FLORIDA,ST,,,WEST PALM BCH,FL,334O6,PO B0X,44375,19053,WEST PALM BEACH,FL,33416,,19090205
A106863,Michael,,Lopes,2654,FLORIDA STREET,,,,"WEST,PALM,BEACH",FL,33406,,,19053,WEST PALM BEACH,FL,,053-77-7317,
A100502,Mario,,Scherer,2654,Fl0rida,St.,,,West Palm Beach,FL,33406,PO BOX,44375,19053,West Palm Beach,FL,33416,053801705,1917-05-04
A102801,MARIO C.,,SCHERER,2654,FLORIDA,ST,,,W PALM BCH,FL,33406,POBX,44375,,W PALM BCH,FL,33416,,19170504
A101606,MARIO,CRAIG,SCHERER,2645,FLORIDIA,ST,,,"WEST,PALM,BEACH",FL,33406,,44375,19053,WEST PALM BEACH,FL,33416A,053-80-1705,05/04/1917
A100799,MARIO CRAIG,,SCHERRER,2654,FLORIDA ST,,,,WEST PALM BEACH,FL,33406,,,,,,,053-80-170,
A103666,DEBRA,,SCHERER,8127,WILSHIRE LAKES,BLVD.,,,NAPLES,FL,34109,,,,,,,053777317,19090205
A106171,debra,,scherer,8127,wilshire lks,BLVD,,,naples,fl,34109,,,,,,,,1909-02-05
A106116,D. SCHERER,,,8127,WILSHIRE LAKES BLVD,,,,NAPLES,FL,34109,,,,,,,053-77-7317,
A100518,Deborah,,SCHERER,8127,WLSHIRE LK,BLV,,,Napls,FL,34109,,,,,,,053-77-7317,190902
A105927,DEBRA,,SCHERER,8127,WILSHIRE LAKES,BLVD,,,NAPLES,Fla.,3410,,,,,,,053-77-7317,19090205
A106586,MARIO,CRAIG,SCHERER,8127,WILSHIRE LAKES,BLVD,,,NAPLES,FL,34109-,,,,NAPLES,FL,,053801705,19170504
A106809,MARIO C.,,SCHERER,8127,WILSHIRE LAKES BLV,,,,NAPLES,FL,34109,,,,,,,053-80-1705,1917-05-04
A106105,MARIO,CRAG,SHERER,8127,WILSHIRE LAKES,BLVD,,,NAPLES,FL,34109,,,,,,,,05/04/1917
A102024,Mario Craig,,SCHERER,8127A,WILSHIRE LAKES,BLVD,,,"NAPLES,FL",,34109,,,,,,,053801705,
A100370,Debra,,Scherer,3001,18th,Ter,LOT,5,Ft Lauderdale,FL,33315,,,,,,,,1909-02-05
A104414,DEBRA,,SCHERRER,3001,18 TH,TER,Lt,05,FT LAUDERDALE,FL,33315,,,,"FT,LAUDERDALE",FL,,053-77-7317,19090205
A100269,Deborah,,SCHERER,3001,18th Ter,,,,FT. LAUDERDALE,FL,33315,,,,,,,053-77-7317,1909
A100603,Mario,Craig,Scherer,3001,18th,Ter.,lot,5,Ft Lauderdale,FL,33315,,,,,,,053801705,1917-05-04
A102788,MARIO C.,,SCHERER,3001,18TH,TER,LOT,5,FT LAUDERDALE,FL,33315,,,,,,,,19170504
A102889,MARIO,CRAIG,SCHERRER,3101,18TH,TER,LOT,5,FT LAUDERDALE,FL,33315,,,,FT LAUDERDALE,FL,33315 ,053-80-1705,05/04/1917
A104324,Mario Craig,,Scherer,300 1,18 th,TER,L0T,5,FT LAUDERDALE,FL,333I5,,,,,,,053801705,
A106178,M. CRAIG SCHERER,,,3001,18TH TER,,,,FT. LAUDERDALE,FL,33315,,,,FT LAUDERDALE,FL,,,191705
A103616,MARIO,,SCHERER,3001,18TH,TER,,,"FT,LAUDERDALE",FL,33315,,,,,,,053-80-1705,19170504
A101405,Debra,,Williams,2299,Tam O'Shanter,Ave,,,Bishop,CA,93514,,,,,,,053-77-7317,1909-02-05
A105406,DEBRA,,WILLIAMS,2299,TAM-O-SHANTER,AVE,,,BISHOP,CA,93514,,,,,,,,19090205
A106587,Deborah,Scherer,Williams,2299,Tam O SHanter,,,,"Bishop,CA",,93514,,,,,,,053-77-7317,
A104119,Debra,Scherer,Williams,3109,Adrin,Way,,,Santa Ana,CA,92704 ,,,,,,,053-77-7317,19090205
A103884,richard,,Hansen ,3109,ADRRIN,WAY,,,SANTA ANA,CA,92704,,,,,,,053777317,1909-02-05
A101018,D. Williams,,,3109,Adrin Way,,,,"Santa,Ana",CA,92704,,,,,,,053-77-7317,
A105145,Deborah,SCHERER,Williams,3108,Adrin,WY,,,Snta Ana,CA,92704,,,,,,,,190902
A106519,DEBRA SCHERER,,Williams,,ADRRIN,WAY,,,SANTA ANA,CA,927O4,,,,,,,053-77-7317,19090205
A104387,Debra,SCHERER,Williams,3109,Adrin,,,,"Santa Ana,CA",,92704,,,,,,,053-77-7317,1909-02-05
A100057,Debra,Scherer,Williams,7250,Milton,Ave,Apt,17,Whittier,CA,90602,,,,,,,053-77-7317,1909-02-05
A103158,DEBRA,SCHERER,WILLIAMS,7250,MILTON,AVE,APT.,17,WHITTIER,CA,90602,,,,,,,,19090205
A103851,Deborah,,Williams,725O,Milton,AVE,APT,17,WHITIER,CA,906O2,,,,,,,053777317,
A104909,D. WILLIAMS,,,7250,Milton Ave,,APT,,"Whittier,CA",,90602,,,,,,,053-77-7317,19090205
A104564,Mario,Craig,Scherer,418,Beech,St,Apt,1,Redwood City,CA,94063,PO BOX,3249,2145,"Redwood,City",CA,94064,053-80-1705,1917-05-04
A105254,MARIO C.,,SCHERER,418,BEECH,ST.,APT.,01,REDWOOD CITY,CA,94063,P O BOX,3249,2145,,CA,,053801705,19170504
A101320,MARIO,CRAIG,SCHERRER,418,BECH,ST,APT,1,REDWOOD CITY,CA,94063,,,,REDWOOD CITY,CA,94064,,
A100682,M. C. SCHERER,,,418,Beech St,,,,"Redwood City,CA",,94063,PO BOX,3249,2145,,,,053-80-170,19170504
A101287,Angel,A.,ChristopherSon,2385,11th,St,,,Riverside,CA,92507,PO Box,8926,52661,Riverside,CA,92517,053-80-1705,1917-05-04
A105421,MARIO,CRAIG,SCHERRER,2386,11TH,ST.,,,RIVERSIDE,CA,92507,P0 BOX,8926,52661,RIVERSIDE,CA,92517,053801705,19170504
A105950,mario c.,,scherer,2385,11 th,ST,,,riverside,ca,92507-,POBX,,52661,RIVERSIDE,CA,92517,,191705
A104389,MARIO,,SCHERER,2385,11TH,ST,,,"RIVERSIDE,CA",,925O7,,8926,,,CA,,053-80-1705,17
A106811,MARIO CRAIG,,SCHERER,2385,11TH ST,,,,Riverside,CA,92507,,,52661,,,92517,053-80-170,
A106940,M. SCHERER,,,2385,11TH,ST,,,River Side,CA,92507,PO BOX,,,,,92517,053-80-1705,1917-05-04
A106386,Mario,C.,SCHERER,527,FaxINA,Av,,,La Puente,CA,91744,,,,,,,053801705,05/04/1917
A104380,MARIO,CRAIG,SCHERRER,527,FAXINA,AVE,,,LA PUENTE,CA,91744,,,,,,,053-80-7015,1917-05-04
A101214,M. Craig,,Scherer,0527,Faxina,Ave,,,"LA,PUENTE",CA,91744-,,,,,,,,191705
A105758,mario craig,,schrer,527,Faxia,,,,la puente,CA,9174A,,,,,,,053-80-170,1917
A102795,MARIO C.,,SHEARER,527,FAXINA,AVE,,,LA PUENT3,CA,91744,,,,,,,053-80-1705,
A100711,Jen,,WALKER,504,CoventRI,Dr.,,,Stockton,CA,95207,P O BOX,25730,,STOCKTON,CA,95267,066-61-0710,01-01-1900
A100399,DEB,,WILLIAMS,504,COVENTRY,DR,,,STOCKTON,CA,95207,POBOX,25730 7644,,STOCKT0N,CA,95267,066-61-071,1900
A105377,Debra.,,Willams,054,Coventry,,,,Stockton,CA,95207,po box,,,stockton,CA,95267,,190001
A104776,D. Williams,,,504,COVENTRY DR,,,,S T O C K T O N,CA,952O7,,2573O,7644,stockton,CA,95267,,
A104808,DEBRA,,WILLIAMS,504,COVENTRY,DR,,,Stockton,CA,95207,PO BX,25730 ,7644,STOCKON,CA,95267,066610710,1900-01-01
A105386,DEBRA,,WILLIAMS,14658,RINCON,RD,,,APPLE VALLEY,CA,92307,PO BOX,15736,474,APPLE VALLEY,CA,92307,066.61.0710,19000101
A104267,Debra,,Wiliams,14658,RINCON,ROAD,,,Apple Valley,CA,92307,P.O. Box,15736,,apple valley,CA,92307-,066-61-710,1900
A102656,D. Williams,,,14658,RINCN,RD,,,APPLE VALLEY,CA,92307,,,,,,,066610710,
A104599,DEBRA,,WILLIAMS,14658,RINCON,RD,,,"APPLE,VALLEY",CA,923O7,PO BOX,15736,474,APPLE VALLEY,CA,92307,066-61-0710,01/1900
A102778,Claudio,,GarZa,827,CleonE,Ln,,,Eureka,CA,95503,,,,,,,066/61/0710,01-01-1900
A107113,D.,,WILLIAMS,827,CLEONE,,,,EureKa,CA,955O3,,,,,,,,1900
A105539,DEB,,WILIAMS,00827,Cleone,LN,,,EUREKA,CA,95503,,,,,,,066-61-0710,
A104579,DEBRA WILLIAMS,,,827,CLEONE LN,,,,EUREKA,CA,95503-,,,,,,,066610710,19000101
A104829,James Peter,,DEMELIS,34655,Avenue H,,,,YUCAIPA,CA,92399,,,,,,,066-61-2642,29.04.1902
A104650,J. P.,,Demelis,34655,AVE H,,,,yucaipa,CA,92399,,,,,,,066612642,1902/04/29
A105023,Maria,,Robbins,34655,Avenue H,,,,YUCAIPA,CA,92999,,,,,,,,
A105528,JAMES,P.,Demelis,1720,ELSINOR,CIR,,,OXNARD,CA,93035,,,,,,,066.61.2642,1902-04-29
A101474,J,,DEMELIS,1720,ELSINORE,,,,OXNARD,CA,93035,,,,,,,066612642,19020429
A106789,James Peter,,DE MELIS,01720,Elsinore,CIR,,,OXNARD,CA,93035-,,,,,,,066-61-2642,
A103819,JAMES,,DEMELIS,1720,ELSINORE,CIR,,,Oxnard,CA,9303S,,,,,,,066-61-2462,1902
A103613,DEBRA,,DEMELIS,600,Town Oaks,Cir,,,KILgore,TX,75662,P.O. BOX,4604,,KILGORE,TX,75663,066-61-0710,19000101
A103562,Deb,,DE MELIS,00600,TownOaks,CIR,,,KILGORE,TX,75662,PO BX,4604,1126,KILG0RE,TX,75663,066-61-071,1900
A101096,DEBRA,,DEMELIS,600,TOWN OAKS CIR,,,,Kilgore,TX,75662,"po,box",,,"kilgore,",TX,7566A,,190001
A100648,D.Williams,,,600,TOWN OAKS,CIR,,,KILGORE,TX,75662,PO BOX,,,,,,066610710,
A100898,DEBRA,,DEMILS,600,TOWN OAKS,CIR,,,KILGORE,TX,75626,P O BOX,4604,1126,KILGORE,TX,75663,,19000101
A105193,Debra,,Demelis,600,Town Oaks,Cir,,,KILGORE,TX,75662,PO Box,4604,1126,kilgore,Tx,75663,066-610710,
A100644,DONALD,P.,Johson,600,TOWN OAKS,CIR,,,KILGORE,TX,75662-,PO BOX,4604,1126,KILGORE,TX,75663,066612642,1902
A100674,James Peter,,DeMelis,600,Town Oaks Cir,,,,KILGORE,TX,75662,,4604,,Kilgore,TX,75663,066-61-2462,1902-04-29
A105586,J.,,DEMELIS,600,TOWNOAKS,CIR,,,kilgore,TX,75662,PO BX,4604,1126,KILGORE,TX,75663,,29-04-1902
A101093,James,,DE MELIS,0600,TOWN OAKS,CIR,,,KILGORE,TX,75662,P.O. BOX,4604,1126,KILGORE,TX,75663,066/61/2642,19020429
A104313,JAMES P.,,Demelis,600,Town Oaks,Cir,,,KILGORE,TX,75662,,,,kilgore,TX,75663,066-61-2642,
A106509,DENNIS,,HERNANDEZ,4102,DECLARATI0N,DR,,,LAREDO,TX,78046,PO BOX,40672,451224,LAREDO,TX,78045,091-32-2844,10/07/1953
A104759,Jose,,MendOZA,004102,Declaration,Dr.,,,laredo,TX,78046,POBOX,40672,451224,Laredo,TX,78045,091322844,19530710
A102520,Dennis,,HERNANEZ,4102,Declaration,DR,,,LAREDO,TX,78046,P O BOX,40672,,Laredo,TX,78045,091-32-284,1953
A102278,DENNIS HERNANDEZ,,,4102,DECLARATION DR,,,,LAREDO,TX,7804A,PO BOX,40672,451224,LAREDO,tx,78045,091-32-2844,
A104198,D,,HERNANDEZ,4102,DECLARATION,,,,LAREDO,TX,78046,PO BX,,,,,,,195307
A102013,DENNIS,,HERNANDEZ,214,2nd,Street,,,BURKBURNETT,TX,76354,,,,,,,091-32-2844,1953/07/10
A101251,D.,,Hernandez,214,2ND,ST,,,Burkburnett,TX,76354,,,,,,,091322844,19530710
A101757,Dennis,,HERNANDEZ,00214,2ND,ST,,,BURKBURNETT,TX,76354,,,,,,,091-32-284,
A102601,DENNIS,,HERNANDEZ,309,SHADOWWOOD,TRL,,,OVILLA,TX,75154,,,,,,,091-32-2844,10-07-1953
A101272,JOYCE,,BONILA,00309,SHADOWWOOD,TRL,,,Ovilla,TX,75154,,,,,,,091322844,1953
A106694,Denis,,HERNANDEZ,309,SHADOWWOOD,,,,OVILA,TX,75154,,,,,,,,195307
A107170,D.,,HERNANDEZ,309,SHAD0WWOOD,TRL,,,OVILLA,TX,75154-,,,,,,,091-32-2844,
A106953,DENNIS,,HERNANDEZ,309,SHADOWWOOD TRL,,,,OVILLA,TX,7515A,,,,,,,091/32/2844,
A107181,DENNIS,,HERNANDEZ,14635,REFORMA,DR,APT,635,DALLAS,TX,75254,,,,,,,091-32-2844,19530710
A105694,D.,,Hernandez,014635,Ref0rma,DR,APT.,0635,DALLAS,TX,75254,,,,,,,091322844,1953
A103799,david ,, DIAS,14635,REFORMA,DR,APPT,635,DALLAS,TX,75254,,,,,,,,195307
A104138,Dennis Hernandez,,,14635,REFORMA DR,,APT,635,DALLAS,TX,7525A,,,,,,,091/32/2844,
A102043,DENNIS,,HERNANDEZ,14635,REFORMA,,APT,635,DALLAS,TX,75254-,,,,,,,091-32-284,19530710
A103557,Dennis,,hernanedez,909,parkstone,dr.,,,houston,tx,77076,p o box,4857,280034,Houston,TX,77228,091-32-2844,1953-07-10
A101668,D.,,Hernandez,909,Parkstone,Dr,,,HOUSTON,TX,77076,POBX,4857,280034,"HOUSTON,",TX,77228,091322844,19530710
A103422,dennis ,,hernandez,909,parkston,,,,HOUSTON ,TX,7707Z,pobox, 4857,,HOUSTON,TX,77228,091-32-2824,195307
A104054,Deniz,,HERNANDEZ,909,PARKSTONE DR,,,,houston,tx,77076, ,4857,28003L,houston,tx,7722B,,07/10/53
A101147,Dennis,,Hernandez,909,PA RKSTONE,DR,,,Houston,TX, ,P0 BOX,04857, 280034 ,H0USton,TX,7728,091-32-2844,
A100409,cecilia ,,MASSIMILLO,909,parxtone,Drive,,,Houston,TX,77076,PO BOX,,280034,HOUSTON,TX,,091-323-2844,1953
A103518,Pamla,,Batepolaa,1199,VISTA PALEMO,,,,Lake Elsinore,CA,92532,"po,bo",15517,1228 ,"lake,elsinore",CA,92531,113-58-4052,1933/07/28
A103184,PAMELA,,BATEPOLA,1199,VISTA PALEMO,,,,LAKE ELSINORE,CA, ,PO BOX,15517,1228,LAKE ELSINORE,CA,9253I,113-58-4052,07-28-1933
A102326,P. ,,Batepola,1199,VistaPalemo,,,,LAKE ELSINORE,CA,92532,PO BOX , 15517,,LAKE ELSINORE,CA,92531,113584052,
A105246,pamela,,Batopola,1199,Vista Palmeo,,,,LakeElsinore,CA,92532, po box,,1228,LakeElisinore,ca,92532,113-58-405,193307
A100868,Pamela,,Bteepola ,1199,VIsta palemo,,,,"LAKE,ELSINORE",CA,92532,,,1228,,,,113-58-4052,1933
A102830,Pamela ,,Batepola,821,16 th,St,,,oakland,CA,94607,,,,,,,,1933-07-28
A103033,PAMELA,,BatepolA,821,16TH,,,,OAKLAND,CA,946O7,,,,,,,113-58-4052,
A100542,Pam. ,,Batepol,821,16th,ST.,,,Oakland,CA,94607,,,,,,,113584052,07/28/33
A100633,Denis,,Hernandes,3175,PALM DALE,AV,,,Pensacola,FL,32526,POBX,7530,3522 ,PENSAC0LA,FL,32516,113 59 8080,1929-05-25
A105331,D.,,hernandez,3175,palmdale,ave,,,Pensacola,FL,32526,P O BOX,7530,3522,pensacola,fl,32516,,05/25/1929
A104053,Dennis,,HERNANDEZ,31715,PALMDALE,AVE,,,PENSACOLA,FL,32526,,7 530,,Pensacola,FL,3256,113598080,19290525
A103433,dennis,,HERNANDEZ ,5227,ANCH0R,AVE.,,,jacksonville,fl,32244,,,,,,,113-59-8080,05-25-29
A104096,Dennis,,Hernandez,5227 ,ANCHOR,,,,JACKSONVILLE,FL, ,,,,,,,113598080,19290525
A103051,D.Hernandez,,,5227,ANCOR,AVE,,,Jacksonville ,Fl,32244,,,,,,,,1929-05-25
A103767,Denis,,HERNANDEZ,5227,Anchor,Ave,,,"jacksonville,",FL,32244,,,,,,,113-59-808,
A102831,Dennis,,Herandez,5227,ANCRHOR,AVE,,,JAKSONVILLE,FL,32244,,,,,,,113-59-8080,19-29-05-25
A100417,Dennis ,,HERNANDEZ,558 1,MONTECARLO,PL,,,margate,fl,33068,,,,,,,113-5-98080,192905
A101194,DENNIS,,hernandez,5581,MONTE CARLO,,,,Margate,FL,33068,,,,,,,, 
A102500,WILLIAM,,Villarreal,5581,Monte Carlo,PL.,,,MARGATE,FL,33068,,,,,,,113-59-8080,1929-05-25
A103135,D.Hernandez,,, 5581,montecarlo,PL,,,MARGATE,fl, 33068 ,,,,,,,113598080,19290525
A105064,Pamela,,HERNANDEZ,7847,STALMER,ST,Apt,B ,san diego ,ca,92111,PO BOX,2233 , 45236,san diego,CA,92145,113-58-4052,1933/07/28
A105730,Pam. ,,Hernandz,7847,STALMER ST,,APT, B,SAN DIEGO,CA,9211I,POBX,2233,45236,SAN DIEGO,CA,92145,113584052,19330728
A100209,Pamela,,hernandez,7847,Stalmr,St,,,"San,Diego",CA,92111,P O BOX, 2233 ,45236,San Diego ,CA, 92145 ,113-58-4052,
A101953,P.Hernandez,,,7847,STALMER,ST,APT,B,SAN DIEGO,CA,92111,PO BOX,,,,,,,1933-07-28
A102357,Pamla,,HERNANDEZ, 7847,stalmer,st.,apt,b,SanDiego,CA,92111,,2233,45326,San Diego,CA,92145,113-58-4052,193307
A101603,DENNIS,,hernandez, 7847,STALMER,ST,APT,B,SAN DIEGO,CA,92111,PO BOX,2233,45236,SANDEIGO,CA,92145 ,113-59-8080,1929-05-25
A105077,D.,,Hernandez,7847,STALMER,st.,,,San Diego,CA,92111,pobox, 2233 ,45236,SanDiego,CA,92145,113598080,19290525
A106364,Dennis,,HERNANDEZ,7847,STALMER,,APT,B,"SAN DIEGO,",CA,92111,PO BX,,,,,,,05/25/29
A104386,Pamella,,Hernandez,2073,WINDRIVER,,,,El Cajon,ca,92019,,,,,,,,19330728
A100055,PAMELA,,HERNANDEZ ,2073,WIND RIVER,RD,,,"EL,CAJON",CA,92019,,,,,,,113-58-4052,
A105204,Pam. ,,herandez,2073 ,WINDRIVER,rd,,,El Cajon,CA, 92019,,,,,,,113584052,1933-07-28
A102327,Dennis,,HERNANDEZ,2073,WINDRIVER,,,,EL CAJON,CA,92109,,,,,,,113-59-8080,192905
A103569,Denis,,Hernandez,2073,Wind River,Rd,,,ElCajon,CA,92019,,,,,,,113-59-808,
A101304,DENNIS,,HERNANDEZ,2073 ,WIND RIVER,rd,,,"EL CAJON,",CA,92019,,,,,,,113598080,19290525
A106128,D.Hernandez,,,2073,WIND RIVER,RD,,,ELCAJON,CA,92019,,,,,,,113-59-8080,
A102504,DENNIS,,hernandez,2073,WIND RIVER,RD.,,,EL CAJON,CA,92019,,,,,,,,05/25/29
A105255,Denis,,HERNANDEZ,2073,WINDR,RD,,,EL CAJON,CA,92019,, ,,,,,113-59-8080,1929-05-25
A103288,PAMELA,,HERNANDEZ,4272,ETHELDA,PL,,,SAN DIEGO,CA,92116,PO BOX ,2233 ,45236,SAN DIEGO,CA,92145,113-58-4052,1933-07-28
A102311,Pamela,,Hernadnez,4272,Ethelda,PL,,,San Diego,CA,92116,POBX,2233,45263,San Diego,CA,92145,113584052,193307
A105233,Pam. ,,HERNANDEZ,4272,ethelda,Pl.,,,"SAN DIEGO,",CA,92116,PO BOX,,45236,,,,,07/28/33
A105555,Pamela,,HERNANDEZ,,Etheltda,PL,,,SanDiego ,CA,92116,PO BX,2233,45236,San Diego,CA,92145,113-58-4052,
A106117,P.Hernandez,,, 4272,ETHELDA,PL,,,SAN DIEGO,CA,92116,PO BOX,2233,,,,,113-58-4052,1933
A102548,dennis,,hernandez,4272,ethelda,PL,,,sandiego,ca,92116,po box,2233,45236,sandiego,ca,92145,113598080,19290525
A104186,DENNIS ,,HERNANDEZ,4272,ETHELDA PL,,,,SAN DIEGO,CA,92116,,2233,45236,SAN DIEGO,,92145,,1929-05-25
A102634,D. Hernandez,,,4272,ETHELDA,PL,,,"San,Diego",CA,92116,POBX,,,,,,113-59-8080,
A106472,Denis,,HERNANDEZ,4272,ETHELD A,Pl.,,,"SAN DIEGO,",CA,92116,PO BOX, 2233,45236,SAN DIEGO,CA,92145,113-59-8080,192905
A100778,STEPHEN,,PORTILLO,,ETHELDA,PL,,,SAN DIEGO,CA,92116,,,,,,,,25-05-1929
A102081,Maria,,Savoi,1,meadowlane,Cir.,,,harrison,AR,72601,,,,,,,093583743,1964-01-30
A102430,Whitny,CL.,GRAHM,1,MEADOLANE,CR,,,HARISON,AR,7260,,,,,,,093-58-3743,19640130
A101410,W.,,GRAHAM,01,MEADOWLANE,,,,HARRISON,AR,72601,,,,,,,09358-3743,196401
A104936,whitney,,graham,1,MEADOW LN,,,,"HARRISON,",ar,72601-,,,,,,,,
A100606,WHITNEY CLIFFORD,,GRAHAM,1 ,MEADOWLANE,CIR,,,HARRISON,AR,72601,,,,,,,093583743,1964/01/30
A100960,whitni,,grahsm,l,meadowlane,CIR,,,harris0n,AR,726O1,,,,,,,093-58-3743,
A101398,DONALD,,hernandez,1022,sonata,Ln,,,"apollo,beach",FL,33572,PO box,74438, 3291 ,apollo beach,FL,33572,093-58- 5398,65-05-02
A104689,DON.,,HERNANDEZ,1022,SONATA,LN,,,APOLLO BEACH,FL,33572-,P O BOX,74438,329I,APOLLO BEACH,FL,33572,093585398,196505
A106560,Donald,,HERNANDEZ,1022,SONATA,,,,Apollo Beach,FL,33572,POBOX,74438,,ApolloBeach,,33572,,
A106208,DONALD,,HERNANDEZ,335,CHATHAM P,,,,WEST PALM BEACH,fl,33417,PO BOx,44375 ,19053,"WEST,PALM BEACH",FL,33416,093-58-5398,1965/05/02
A101492,D.,,Hernandez,335,CHATHAMP,,,,WEST PALM BCH,FL,33417,POBOX, 44375,I9053,WEST PALM BEACH,FL,33416-,093585398,19650502
A105844,DONALD,,HERNANDEZ, 335,CHATHAM P,,,,WESTPALMBEACH,FL,334I7,PO BOX,44-375,19053,WEST PALM BEACH,FL,33416,093-58-539,1965
A100554,DONALD,,HERNANDEZ,335,CHATHAM P,,,,West Palm Beach,FL,33417,,,,,,,093-58-5398,05/02/1965
A102101,Donald,,HERNANDEZ,335,CHATHAM P,,,,W PALM BEACH,FL,3341,PO BOX,44375,19053,W PALM BEACH,FL,33416,,1965-05-02
A101773,DENISE,lynn,ALGARIN,335,CHATHAMP,,,,WEST PALM BEACH,FL,33417,PO BOXX,44375,19053,W PALM BEACH,FL,33416,09358-5398,65-05-02
A104614,WHITNEY,CLIFFORD,HERNANDEZ,3420,market,st.,Apt,10,San Francisco,CA,94114,,,,,,,093-58-3743,19640130
A100555,W.,Clifford,hernandez,342O,MARKET,st,APT.,lO,SAN FRANCISCO,cA,941I4,,,,,,,093583743,1964
A103649,WHITNEY CLIFFORD,,Hernandez, 3420,Market,ST,APT,10,SAN FRANCISCO,CA,94114,,,,,,,,19640130
A104342,Whitney,C.,HERNANDEZ,3420,MARKET,ST,,,SanFrancisco,CA,94114,,,,,,,093-58-3743,
A103141,DONALD,,hernandez,3420,MARKET,St,apt,10,SAN FRANCISCO,CA,94114,,,,,,,093-58-5398,1984-05-26
A104917,Donld,,HERNANDEZ,342O,MARKET,St.,APT,l0,SAN FRANCISCO,C A,94I14,,,,,,,093585398,1965
A105020,D.,,HERNANDEZ,3420,Market,,,,San Francisco,CA,94114,,,,,,,,19650502
A102448,DONALD,,Hernandez,3420 ,MARKET,ST,APT,10,San Francisco,CA,94114-,,,,,,,093-58-5398,
A100752,DONALD,,HERNANDEZ,3420,MKT,ST,APT,10,SAN FRANCISCO,CA,94114,,,,,,,093-58-5398,1965-05-02
A105803,WHITNEY,CLIFORD,HERNANDEZ,31265,ORTEGA,HWY,,,SAN JUAN CAPISTRANO,CA,92675,POBOX,48735,748,San Juan Capistrno,CA,92693,093583743,19640130
A103060,whitney,,hernandez,31265,ortega,,,,sanjuan capistrano,ca,92675,po box,48735 ,748,san juan capistrano,ca,92693,,
A106285,W. CLIFFORD,,HERNANDEZ,31265,ORTEGA,HWY,,,SAN JUAN CAPISTRANO,CA,92675,PO BOXX,,748,,,,093-58-3743,64-01-30
A105971,C HERYL,,LOPEZ,31265,ORTEGA,Hwy,,,San Juan Capistrano,CA,92675,PO BOX,48735,748,San Juan Capistrano,CA,92693,093-58-5398,1965-05-02
A103550,rebecca,ELVIN,WAERS,31265,Ortega,HWY,,,san juan capistrano,CA,92675,po box,48735, 748,san juan capistrano,CA,92693,09358-5398,19650502
A103231,D.,,HERNANDEZ,31265,ORTEGA,HWY,,,SANJUANCAPISTRANO,CA,9267,"PO,BOX",48735,,,,92693,,
A102365,Nancy,,Fowler,"31,265",ORTEGA,HWY,,,San Juan Capistrano,CA,92675-,PO BOX,48735,748,San Juan Capistrano,CA,92693,,1965-05-02
A106593,Don.,,HERNANDEZ,31265,ORTGA,HWY,,,SAN JUAN CAPISTRANO,CA,92675,PO B0X,48735,748,SAN JUAN CAPISTRANO,CA,92693,093585398,1965
A103157,DONALD,,Hernandez,31265,ORTEGA,HWY,,,San Juan Capistrano,CA,92675,,,,,,,093-58-5398,
A106959,denise,lynn,algarin,23526,COSO,,,,MISSION VIEJO,CA,92692,,,,,,,113796739,1980-08-26
A100171,Den.,Lynn,ALGARIN,23526,C0S0,,,,MISSION-VIEJO,CA,92692-,,,,,,,113-79-6739,198008
A106815,D.,L.,ALGARIN,23526,COSO,,,,MISSION VIEJO,CA,9269,,,,,,,,1980
A105308,DENISE,lynn,ALGARIN,20700,OAKGLEN,CT,,,TEHACHAPI,CA,93561,,,,,,,113-79-6739,19800826
A100501,D.,L.,ALGARIN,20 700,OAK GLEN,,,,TEHACHAPI,CA,93651,,,,,,,,80-08-26
A105943,DENISE,LYNN,ALGARN,20700,OAK GLEN,CT,,,TEHACHPI,CA,93561,,,,,,,113-79-6739,8/26/1980
A101800,Denise Lynn,,ALgArIn,20700,OAK GLEN,CT,,,TEHACHAPI,ca,93561,,,,,,,113-79-6739,
A100872,DONALD,,HERNANDEZ,333O,LE BLANC,ST,,,SAN ANTONIO,TX,78247,,,,,,,113-79-8392,19840426
A105587,donald,,hernandez,3330,LEBLANC,,,,san antonio,tx,78247,,,,,,,,1984-04-26
A105561,D.,,HERNANDEZ,3330,LE BLANC,St.,,,SAN ANTONIO,TX,78 247,,,,,,,113798392,
A102753,J S WILEY,,,3330 ,LE BLANC,ST,,,SanAntonio,TX,78247-,,,,,,,113-79-8392,04/26/1984
A105309,D0NALD,,HERNANDEZ,3330,LE BLANC,ST,,,SAN ANTONIO,TX,78247,,,,,,,113-79-8392,19840426
A106420,DONALD,,HERNANDEZ,5509,9TH,AVE,APT,805,AMARILLO,TX,79106,PO BOX,8091,1985,AMARILLO,TX,79105,113-79-8392,19840426
A100215,donald,,hernandez,5509,9th,av,apt.,805,amarillo,tx,79106-,po box,809l,l985,amarillo,tx,79105,113798392,1984-04-26
A100248,D.,,HERNANDEZ,5509,NINTH,AVE,,,amarillo,TX,791O6,"PO,BOX",8091,1985,AMARILLO,TX,79105,,19840426
A101080,DONALD,,HERNANDEZ,5509,9TH,AVE,APT,805,AMARILLO,TX,79106,POBOX,8091 ,,,,,113-79-8392,
A103459,Don.,,Hernandez,5509,9th,AVE,Apt,805,AMARILLO,TX,79106,PO BOX,8091,1985,AMARILLO,TX,79105,113-79-8392,84-04-26
A104410,DONALD,,HERNANDEZ,5509,NINETH,AVE,APT,805,AMARILLO,TX,79106,PO BOX,8091,1985,AMARILLO,TX,791O5,113-79-8392,19840426
A104745,DENISE,LYNN,HERNANDEZ,228,CORONADO,AVE,,,ROSEVILLE,CA,95678,PO BOX,4262,852,ROSEVILLE,CA,95661,113-79-6739,19800826
A106722,Denise,Lynn,hernandez,228,CORONADO,AV,,,Roseville,CA,95678,POBOX,4262,852,Roseville,CA,95661,113796739,1980-08-26
A103587,J.Mendoza,,,228,CORONADO,,,,ROSEVILLE,CA,9567,"PO,BOX",4262,,,,,,80/08/26
A104840,DONALD,,HERNANDEZ,228,coronado,ave.,,,roseville,ca,95678,PO BOX,4262,852,ROSEVILLE,CA,95661,113798392,1984-04-26
A103675,Don,,HERRANDEZ,228,CORANADO,AV,,,ROS EVILLE,CA,95678,PO .BOX,4262,852,roseville,ca,95661,113-79-8392,19840426
A105801,D.,,Hernandez,0228,Coronado,,,,roseville,CA,95678-,po box,4262,0852,Roseville,CA,95661,113798392,19840426
A106847,DONALD,,HERNÁNDEZ,228,CORONADO,AVENUE,,,"ROS,EVILLE",CA,9567,POBX,4262,852,Rose ville,CA,95661,113-79-8392,
A106668,donald,,hernandez,228,coronado,AVE,,,ROSEVILLE,CA,95678,PO Box,4262,,ROSEVILLE,CA,9566I,,1984
A102462,DONNA,,K1NG,343,Madeira,AVE,,,Salinas,CA,93905,P.O. Box,131,1931,Salinas,CA,93902,072-23-4739,1972/11/07
A104315,DONA,,GONZALES,343,MADEIRA,AV,,,salinas,ca,93905,"po,box",113,1931,Salinas,CA,93902,072234739,19721107
A101750,Donna,,Gonzalez,343,madiera,,,,SALINAS,CA,93905,POBOX,131,,SALINAS,CA,939O2,,1972-11-07
A102993,DONNA,,GONZALEZ,0343,Madeira,Ave.,,,SALINAS,CA,93905,,,,,,,072-23-4739,72/11/07
A104221,DONNA,,GONZALEZ,343,MADERA,AVE,,,Sa linas,CA,93905,PO BOX,131,1931,SALINAS,CA,93902,072-23-4739,
A104309,Donna,,GONZALEZ,616,ADLE R,AVE,,,FRESNO,CA,93727,PO BOX,5502,5991,FRESNO,CA,93755,072-23-4739,19721107
A101957,DONNA,,GONZALES,616,ADLER,AVE.,,,fresno,ca,93727,P.O.Box,5502,991,FRESNO,CA,93755,072234739,1972-11-07
A102645,D.G.,,GONZALEZ,0616,ADLER,,,,FRESNO,CA,93727,,5502,5991,FRESNO,CA,93755,,1972
A105313,DONNA,,GONZALEZ,1206,68th,st,,,"Los,angeles",CA,90044,,,,,,,072-234739,1972/11/07
A106513,Donna,,Gonzales,1206,68TH,ST.,,,los angeles,ca,90044,,,,,,,,72-11-07
A101634,DONNNA,,GONZALEZ,1206,68Th,,,,LOS ANGELES,CA,9004,,,,,,,072-23-4739,19721107
A100534,D.,,GONZALEZ,1206,68TH,ST,,,LOS ANGELES,CA,90044,,,,,,,072-23-4739,
A100116,DONNA,,GONZALEZ,01206,68TH,ST,,,Los Angeles,CA,90044,,,,,,,,1972
A101588,NELSON,GALE,KING,631,59th,ST,,,Fort Lauderdale,FL,33334,P O BOX,13748,22952,FORT LAUDERDALE,FL,33335,072235014,1982-11-23
A102399,NELSON G.,,KING,0631,59TH,,,,FORTLAUDERDALE,FL,33334,P0 B0X,13748,22952,FORT LAUDERDALE,FL,33E35,,19821123
A102532,Nelson,,KING,631,59TH,St.,,,Ft. Lauderdale,FL,33334,POB.,13748,22952,"FORT,LAUDERDALE",FL,33335,072-23-5014,1982/11/23
A104180,NELSON,,KING,631,59TH,ST,,,FORT LAUDERDALE,FL,33334,PO BOX,13748,,FORT LAUDERDALE,FL,33335,,82
A104359,NELZN,,KING,631,59TH,ST,,,FORT LAUDERDALE,FL,33334,PO BOX,13748,22952,FT LAUDERDALE,FL,33335,072-23-5014,19821123
A103104,NELSON,GALE,KING,921,Diplomat,PKWY,,,"CAPE, CORAL",FL,33993,PO BOX,6480,150706,Cape Coral,FL,33915,072-23-5014,1982-11-23
A101827,NELSON G.,,KING,921,DIPLOMAT,PKWY,,,CAPE CORAL,FL,33993,P O BOX,648O,150706,CAPE CORAL,FL,33915,072235014,19821123
A100525,Nelson,,King,0921,Diplomat,Pkwy.,,,Cape Coral,FL,33I93,P.O.BOX,6480,1507O6,Cape Coral,FL,33915,,1982/11/23
A106944,GLENN,,MARTINEZ,921,DIPLOMAT,PKY,,,CAPECORAL,FL,33993,POBX,6480,,Cape Coral,FL,33915,072-23-5014,1982-11
A100988,NELSN,,KING,921,DIPLOMAT PKWY,,,,CAPE CORAL,FL,33993,PO BOX,6480,150706,CAPE CORAL,FL,3391S,072-23-5014,
A104079,N.,,KING,921,DIPLOMAT,PKWY,,,CAPE CORAL,FL,33993,PO BOX,6480,150706,CAPE CORAL,FL,,,1982
A106426,DONNA,,KING,13413,2nd,Ct.,,,Ocala,FL,34473,PO BOX,1198,2152,OCALA,FL,34478,072-23-4739,19721107
A106410,D. KING,,,13413,2ND,CT,,,OCALA,FL,34473,p o box,1198,215,OCALA,FL,34478,072234739,1972-11-07
A101582,DONNA,,KING,134I3,2ND,CT,,,OCALA,FL,34473,PO BOX,1198,2152,,,,072-23-4739,
A103301,DON KING,,,13413,2ND COURT,,,,Ocala,F L,34473,PO BOX,1198,2152,OCALA,FL,3447B,,1972
A105118,nancy joann,,brown,13413,2ND,CT,,,OCALA,FL,34473,,,,,,,072-23-4739,19721107
A106391,NELSON,GALE,KING,13413,2nd,ct,,,ocala,fl,34473,p o box,1198,2152,ocala,fl,34478,072-23-5014,1982-11-23
A103578,NELSON G.,,KING,13413,2ND,CT,,,OCALA,FL,34473,P O BOX,1198,2152,OCALA,FL,34478,072235014,19821123
A102147,N.,,KING,13413,2ND,CT,,,OCALA,FL,34473,PO BOX,1198,,OCALA,FL,34478,,82/11/23
A106078,NELSON,,K1NG,134I3,2ND,CT,,,OCALA,FL,34473,POBX,1198,2152,OCALA,FL,34478,072-23-5014,19821123
A107054,NELSON,,KING,13413,2N D,CT,,,OCALA,Fl,34473,PO BOX,1198,2152,Ocala,FL,3447B,,1982
A104117,NELSON,GALE,KING,13413,2ND,COURT,,,OCALA,FL,34473,PO BOX,1198,2152,,,,072-23-5014,16/82/11/23
A101545,DONNA,,SAHINOVIC,15731,LARCH,AVE.,,,Lawndale,ca,90260,,,,,,,163532082,1944-03-11
A103605,Donna,,Sahinovic,15731,LARGH,AVE,,,LAWN DALE,CA,90260-,,,,,,,163-53-2082,
A103350,D. SAHINOVIC,,,015731,LARCH,,,,lawndale,CA,90260,,,,,,,,44/03/11
A102469,DONNA,,SAHINOVIC,15731,LARCH AVE,,,,LAWNDALE,CA,90260,,,,,,,163-53-2082,19440311
A103333,PAMELA,,BatepolA,15731,LARCH,AVE,,,laWndale,CA,90260,,,,,,,163-53-2082,19440311
A103003,ANTHONY,,KING,719,RoGeRs,ST,,,houston,tx,77022,PO BOX,4857,280034,HOUSTON,TX,77228,163-53-3502,19530525
A102174,ANTONHY,,KING,719,ROGERS,St.,,,HOUSTON,TX,7702,P.O.BOX,4857,280034,HOUSTON,TX,77228,163-53-3502,53-05-25
A101973,ANTHONY,,KING,719,ROGERS,STREET,,,HOUSTON,TX,77022,PO BX,4857,,HOUSTON,TX,77228A,163533502,1953-05-25
A106954,A. KING,,,719,ROGERS,ST,,,HOUSTON,TX,77022,PO BOX,04857,280034,HOUSTON,TX,77228,,
A103115,ANTHONY,,KING,2421,14TH,AVE,,,AMARILLO,TX,79107,P O BOX,8091,1985,AMARILLO,TX,79105,163-53-3502,1953-05-25
A105360,A. KING,,,2421,14TH AVE,,,,Amarillo,Tx,79107,PO BOX,8091,,amarillo,TX,79105,163533502,19530525
A103985,ANTHONY,,KING,02421,14TH,AVE.,,,AMARILLO,TX,79107,P.O.BOX,8091,1985,AMARILLO,TX,791O5,,53/05/25
A106486,ANTHNY,,KING,2421,14TH,AVE,,,AMARILLO,TX,79107,PO BOX,8091,1985,AMARILLO,TX,79105,163-53-3502,
A100472,DONNA,,KING,1655,Western,Ave,APT,235,Los Angeles,CA,90027,,,,,,,163-53-2082,1944-03-11
A104238,Donna,,KING,1655,WESTRN,AVE.,#,235,LOS ANGELES,CA,90027,,,,,,,,44/03/11
A105858,D. KING,,,1655,WESTERN AVE,,,235,"Los,Angeles",CA,90027,,,,,,,163-53-2082,19440311
A106512,JAMES,W,MARTIN,1655,WESTERN,AV,#,0235,LOS ANGELES,CA,90027,,,,,,,163-53-2082,
A103595,DONNA,,K1NG,1655,WESTERN,AVE,,235,los angeles,CA,9002,,,,,,,163532082,19440311
A101028,DONNA,,KING,1655,WESTERN,AVE,#,,LOS ANGELES,CA,90027,,,,,,,163-53-2082,1944
A105218,ANTHONY,,KING,1655,WESTERN,AVE,#,235,LOS ANGELES,CA,90027,,,,,,,163-53-3502,19530525
A103496,Anthony,,King,1655,Western,Ave,APT,235,LOS ANGELES,CA,90027,,,,,,,163533502,1953-05-25
A102078,tony,,king,1655 ,western,AVe,,235,"los,angeles",CA,9002,,,,,,,163-53-3502,
A105468,A. KING,,,1655,WE5TERN,AVE,#,253,L0S ANGELES,CA,90027-,,,,,,,163-53-5302,19530525
A103825,ANTHONY,,KING,1655,WESTERN AVE,,,235,LOSANGELES,CA,09027,,,,,,,163533502,195305
A102069,ANTONY,,KING,1655,WESTERN,AV,APT.,235,los ANgeles,ca,9OO27,,,,,,,,19530525
A103212,DONNA,,KING,1078,SAINT ANDREWS,DR,,,EL SOBRANTE,CA,94803,,,,,,,163-53-2082,19440311
A102207,Donna,,King,1078,St ANDREWS,Dr.,,,El sobrante,CA,9480,,,,,,,,1944-03-11
A101152,D.KING,,,1078,ST ANDREWS,,,,ELSOBRANTE,CA,94803-,,,,,,,163532082,19440311
A100529,DON A,,KING,1078,SAINT ANDRES,DR,,,"EL, SOBRANTE",CA,94803,,,,,,,163-53-2082,
A101424,ANTHONY,,KING,1078,SAINT ANDREWS,DR,,,EL SOBRANTE,CA,94803,,,,,,,163-53-3502,19530525
A102271,A. KING,,,1078,St Andrew's,DR.,,,"El, SOBRANTE",CA,94803,,,,,,,163533502,1953-05-25
A104406,TNY KING,,,1078,San Andres,DR,,,ELSOBRANTE,CA,948o3,,,,,,,163-53-3052,195305
A105441,Anthony,,King,01078,Saint Andrewz,DR,,,ElSobrante,CA,94803,,,,,,,,19530525
A103424,ANTHONY,J,KINGS,1078,SAINT ANDREWS,DR,,,EL SOBRANTE,CA,94803,,,,,,,163-53-3502,
A101987,DONNA,,KING,1177,RANCHERO,DR,,,SALINAS,CA,93905,PO BOX,131,1931,SALINAS,CA,93902,163-53-2082,19440311
A104676,JENNIFER,,JOHNSON,1177,RANCHERO,DR.,,,Salinas,CA,93905-,P O BOX,131,1931,SALINAS,CA,93902,163532082,1944-03-11
A102368,DON King,,KING,,RANCHERO,DR,,,salinas,CA,093905,"po,bo",131,1931,SALINAS,,939O2,163-53-2082,19440311
A102894,DANNA,,KING,1177,RANCHARO,DR,,,"SALINAS,CA",CA,93905,P0 B0X,0131,1931,SALINAS,CA,93902,,19440311
A102436,DONNA,,KING,1177,RANCHERO,,,,SALINAS,CA,93905,PO BOX,131,,Salinas,CA,93902,163-53-2082,
A105073,,,KING,1177,RANCHERO,DR,,,SALINAS,CA,93905,,,,,,,,19440311
A100526,ANTHONY,,KING,1177,RANCHERO,DR,,,SALINAS,CA,93905,PO BOX,131,1931,SALINAS,CA,93902,163-53-3502,19530525
A100856,LAURA JONES,,JONES,1177,RANCHERO,DR.,,,SALINAS,CA,93905-,P.O.BOX,131,1931,SALINAS,CA,93902,163533502,1953-05-25
A102116,A KING,,,1177,RAN0ERO,DR,,,"salinas,CA",CA,903905,PO BOX,0131,1931,SALINAS,CA,93902,,19530525
A100167,DORA,ANN,PEREZ,3852,BULLS BAY,HWY,,,JACKSONVILLE,FL,32220,PO BOX,4285,5314,JACKSONVILLE,FL,32247,038-21-3432,19680312
A102279,Dora,A.,Perez,3852,Bullsbay,HWY,,,jacksonville,FL,32220,P0 B0X,4825,5314,Jax,Fl,32247,038213432,1968-03-12
A103211,D. PEREZ,,,3852,BULLS BAY HWY,,,,JACKSONVILLE,FL,3222O,PO BOX,4285,,JACKSONVILLE,FL,32247,038-21-3432,19680312
A100875,Dora Ann,,Perz,3851,BULLS-BAY,HWY,,,JACKSONVILLE FL,FL,32220,PO BOX,4285 ,5314,JACKSONVILLE,,32247,,19680312
A101130,DOA,ANN,PEREZ,3852,BULS BAY,HW,,,JACKSONVILLE,FL,32220,PO BOX,4285,5314,,FL,32247,038213432,
A100636,DORA,ANN,PEREZ,6440,CHESHIRE,CT,,,WESLEY CHAPEL,FL,33545,,,,,,,038-21-3432,19680312
A103951,Dora Ann,,Perz,6440,Chesire,Ct,,,"Wesley Chapel,FL",FL,33545,,,,,,,038-21-3432,
A105442,D.PEREZ,,,6440,CHESHIRE,,,,WESLEYCHAPEL,FL,33455,,,,,,,038-21-3432,19680312
A100194,DOA,ANN,PEREZ,6440,CHESHIRE,CT.,,,WESLEY CHAPEL,FL,33545,,,,,,,,1968-03-12
A107161,D. Perez,,,640,CHESIRE,CT,,,wesleychapel,FL,33545,,,,,,,,
A103145,MOISES,L,ROBERSON,10536,EAGLESTONE,WAY,,,EL PASO,TX,79925,PO BOX,1957,27096,EL PASO,TX,79926,038-22-2399,19620906
A102209,Moises L.,,Robersen,10536,Eaglestone,Way,,,El Paso,Tx,79295,P0 BOX,1957,27096,El Paso,TX,79926,038222399,1962-09-06
A101100,M. ROBERSON,,,10536,EAGLSTONE,WY,,,ELPASO,TX,79925-,PO BOX,1957,,EL PASO,TX,79926,,19620906
A104150,MOISES,L,ROBESON,10536,EGGLSTONE,WAY,,,EL PASO,TX,79925,PO BOX,1957,27096,EL PASO,,79926,038-22-2399,
A103576,MOISES,L,ROBERSON,1619,SADDLE CREEK,CIR,APT,1334,ARLINGTON,TX,76015,PO BOX,4727,300806,ARLINGTON,TX,76007,038-22-2399,19620906
A100751,MOISES,,ROBERTSON,1619,SADDLE CRCEK,CIR.,Apt.,1334,"Arlington,TX",TX,76015-,PO Box,4727,300806,ARLINGTON,TX,76007,038222399,1962-09-06
A106187,M.L. R.,,,,SADDLE CREEK,CIR,,1334,ARLINGTON,Tx,76015,PO BOX,4727,,ARLINGTON,TX,76007,,19620906
A101409,MOISES,L.,ROBERSON,1619,SADLLE CREEK,CR,APT,1334,arlington,TX,76015,POBOX,4727,300806,ARLINGTON,,76007,038-22-2399,
A104419,MOISES,L,ROBERSON,1619,SADDLE CRK,,APT,,ARLINGTON,TX,7601S,PO BOX,427,300806,ARLINGTON,TX,76007,038-22-2399,19620906
A101863,MOSES,L,ROBESON,1619,SADDLE CREEK,CIR,APT,1334,ARLiNGTON,TX,76015,PO BOX,4727,300806,ARLINGTON,TX,76007,038-22-2399,19620906
A103366,MOISES,L,ROBERSON,6422,JEFFERSON,ST,,,HOUSTON,TX,77023,PO BOX,4857,280034,HOUSTON,TX,77228,038-22-2399,19620906
A105288,Moises,L.,Roberson,6422,Jeffreson,St.,,,"Houston,TX",TX,77023,P0 B0X,4857,280034,Houston,TX,77228,038222399,1962-09-06
A102440,JOHN,,LOPEZ,6422,JEFFERSON,,,,HOUSTON,TX,77023,PO BOX,4857,280034,HOUSTON,,77228,,19620906
A105167,MOISES,L,ROBERSON,,JEFFERSON,ST,,,houston,TX,77023,PO BOX,4857,28O034,HOUSTON,TX,77228,038-22-2399,
A106234,MOISES,,ROBESON,6422,JEFFERSON,ST,,,HOUSTON,TX,77228,,,,,,,038-22-2399,19620906
A106053,JARROD,,MESNARD,2326,WEBSTER,AVE,,,LONG BEACH,CA,90810,,,,,,,038-21-3432,19680312
A102329,D. ROBERSON,,,2326,WEBSTER AVE,,,,"LONGBEACH,CA",CA,90810,,,,,,,,19680312
A107077,DORA,ANN,RBRSON,2326,WEBSTER,AVE,,,LONG BEACH,CA,9081O,,,,,,,038-21-3432,
A105361,Dora Ann,,Roberson,,Webster,Ave,,,Long Beach,CA,90810,,,,,,,038213432,19680312
A106058,D.ROBESON,,,2326,WEBSTER,AVE,,,LONG BEACH,CA,90810,,,,,,,038-21-3432,1968-03-12
A102940,DOA,ANN,ROBERSON,2326,WBSTER,AVE,,,longbeach,ca,90810,,,,,,,,19680312
A103147,MOISES,L,ROBERSON,2326,WEBSTER,AVE,,,LONG BEACH,CA,90810,,,,,,,038-22-2399,19620906
A107212,M. L. ROBERSON,,,2326,WEBSTER,AVE,,,"LONG BEACH, CA",CA,9081O,,,,,,,,19620906
A100018,Moises L,,Roberson,02326,Webster,Ave.,,,LongBeach,CA,90810,,,,,,,038222399,1962-09-06
A107069,MOISES L ROBESON,,,2326,WEBSTER,AV,,,LONGBEACH,CA,90810,,,,,,,038-22-2399,
A101965,MOISES,,ROBESON,2326,WEBESTER,AVE,,,LONG BEACH,CA,90810,,,,,,,038-22-2399,19620906
A104352,MOSES,L,ROBESON,2326,WEBSTER,AVE,,,"Long Beach,CA",CA,90810,,,,,,,038-22-2399,19620906
A101596,CARL0S,A,RAMOS,2604,El Camino Real,,#,B299,carlsbad,CA,92008,,,,,,,038213432,1968-03-12
A103687,d. ann,,robereson,2604,elcamino Real,,Apt.,b299,Carlsbad,CA,9208,,,,,,,038-21-3432,
A101895,DORA ANN,,ROBISON,2604,EL CAMINO R.,,,B299,CARLSBAD,CA,92008,,,,,,,038-21-3432,19680312
A101516,DORA,,ROBERTSON,02604,EL CAMINO REEL,,#,B-299,CARLS BAD,CA,92008a,,,,,,,038213432,12/03/1968
A104642,D ann,,ROBESON,2604,ElCaminoReal,,#,B299,CARLSBAD,CA,92008,,,,,,,038-21-3432,196803
A105945,DORA,Ann,ROBERRSON,2604,EL CamIno Real,,,,CARLSBAD,Ca,092008,,,,,,,038-21-3432,
A105911,Moises,,ROBERTSON,2604,El Camino Real,,#,b299,CARLSBAD,CA,92008,,,,,,,038222399,1962/09/06
A102176,MOISES,L.,ROBERSON,2604,EL CAMINO RL,,APT,B299,"Carlsbad,",CA,92008-,,,,,,,038-22-2399,62-09-06
A102058,M L,,ROBERSON,2604,ElCaminoReal,,,B299,CARLSBAD,CA,92008,,,,,,,038-22-239,19620906
A106313,Moises,L,ROBERNSON,02604,EL-CAMINO,,#,B299,Carlsbad,Ca,9200a8,,,,,,,038-22-2399,
A101465,Dora Ann,,ROBESON,1580,Whisper,DR,,,ChulaVista,CA,91915,,,,,,,038213432,1968-03-12
A103344,D. A.,,ROBERSON,158O,whisper dr,,,,CHULA VISTA,CA,91915,,,,,,,038-21-3432,196803
A100337,Dora,A,ROBERTSON,1580,WHISPER,DR,,,"Chula, Vista",CA,91815,,,,,,,038213432,19680312
A103614,DORA,ANN,ROBISON,1580,WhispeR,Dr.,,,CHULA VISTA,CA,91915,,,,,,,038-21-3432,03/12/1968
A102757,JENIFER ,,davies,1580,wisper,DR,,,CHULA VISTA,CA,91915a,,,,,,,038213432,19680312
A101101,Dora,,ROBERSON,1580,WHISPER DR,,,,CHULAVISTA,CA,91915,,,,,,,,19680312
A101076,Moises,L,ROBERSON,1580,whisper dr,,,,"CHULA, VISTA",CA,91915,,,,,,,038-22-2399,19620906
A106903,MOISES,,ROBERTSON,1580,WHISPER,DR,,,chula vista,CA,91951,,,,,,,038222399,1962-09
A101430,M. L.,,ROBERSON,01580,whispr,DR.,,,CHULA VISTA,CA,91915,,,,,,,,19620906
A101803,Moises,,ROBERON,1580,WHISPER,DR,,,"CHULA, VISTA",CA,91915,,,,,,,038-22-2399,19620906
A102543,Crystal,,Gill,421,Angel Oak St.,,,,AUSTIN,TX,78748,,,,,,,135647899,1915-07-21
A105036,C GILL,,GIL,0421,"Angel,Oak",ST,,,austin,tx,78448,,,,,,,135-64-7899,07/21/1915
A102922,CRYSTAL,R,GILL,421,ANGELOAK,,,,Austin,TX,78748,,,,,,,,
A103026,crystal r,,gill,928,fenway,ln,,,saginaw,TX,76179,,,,,,,135-64-789,19150721
A102761,CR .GILL,,GILL,928,FNWAY,LN,,,SAGINAW,TX,76197,,,,,,,,1915-07-21
A101812,Crystal,R,Gill,928,fen way,LN,,,SAGINAW,Tx,76179,,,,,,,135647899,191507
A101554,Chrystal,R,GIL,928,FENWAY,LN,,,SGINAW,TX,76179a,,,,,,,135-64-7899,
A104523,C. R.,,GILL,0928,Fenway Lane,,,,Saginaw,TX,76179,,,,,,,135-64-7899,19150721
A104148,Crystal,,Gill,3010,NASA PKWY,,APT,804,Seabrook,TX,77586,,,,,,,135-64-7899,19150721
A101739,C R GILL,,GIL,03010,NASA PKWY,,Apt.,804,SEABROOK,TX,77568,,,,,,,135647899,21/07/1915
A107125,CRYSTAL R,,GIL,3010,NASSA PKWY,,APT,804,Seaborok,TX,77586a,,,,,,,135-64-7899,191507
A100578,Crystal,R,Gill,3010,NASA,PKWY,APT,,SEABROOK,TX,77586,,,,,,,,19150721
A104156,C. Gill,,Gill,3010,Nasapkwy,,,804,SEABROOK,TX,77586,,,,,,,135-64-7899,
A107101,George,,Hernandez,12830,Turnstone Ct,,,,Hudson,FL,34669,,,,,,,135675518,19230609
A101379,george,,hernan dez,12830,Turnston ct,,,,"HUDSON,",FL,34669,,,,,,,,1923-06-09
A105156,IMELDA,YESENIA,LVARADO,12830,TURNSTONE,CT,,,HUDSON,FL,34696,,,,,,,135-67-5518,
A106400,NIGEL,,PADRID,1164,waterview blvd,,,,Lakeland,FL,33801,,,,,,,135675518,1923/06/09
A102558,G. Hernandez,,HERNANDEZ,01164,WATERVIEW,BLVD,,,"LAKELAND,",FL,33801,,,,,,,135-67-5518,19230609
A106496,george,,hernandez,1164,watrview Blvd,,,,lakeland,FL,3381,,,,,,,135-67-5518,23-06-09
A102291,GEORGE,,HERNADES,1164,WATERVIEW,BLVD,,,LAKELAND,FL,33801,,,,,,,,
A101328,George,,Hernadez,3860,CENTRALAVE,,APT,105,Fort Myers,FL,33901,,,,,,,135-67-5518,19230609
A101397,G HERNANDEZ,,HERNANDEZ,3860,CENTRAL,AVE,,105,FORT MYERS,FL,33910,,,,,,,135675518,09/06/1923
A103118,George,,HERNANDEZ,03860,CENTRAL,AV,apt,105,Ft Myers,FL,33901,,,,,,,,19230609
A106014,george,,hernandes,3860,CENTRAL,AVE.,APT,015,FORT MYERS,FL,3390a1,,,,,,,135-67-5518,192306
A103896,G.,,HERNANDEZ,3860,CENTRAL AVE,,,,FORT MYERS,FL,33901,,,,,,,135-67-5518,
A106458,Crystal,,Hernandez,24394,LARCHMONT,CT,APT,60,LAGUNA HILLS,CA,92653,P O BOX,20075,2025,Laguna Hills,ca,9265a4,135-64-7899,1915-07-21
A103450,C. HERNANDEZ,,HERNADES,24394,LARCHMONT CT,,#,060,"Laguna,Hills",CA,92653,POBOX,20075,,Laguna Hills,,92654,135647899,19150721
A103131,MARIA,,LEWIS,024394,LARCHMONT,CT,#,60,LAGUNA HILLS,ca,92653,POBX,020075,2025,,CA,92654,,
A101917,C HERNANDEZ,,HERNANDEZ,24394,LARCHMONT,CT,#,60,Laguna Hills,CA,92653,"po,box",,2025,LAGUNAHILLS,Ca,92654,135-64-7899,19150721
A102807,GEORGE,,HERNANDEZ,24394,larchmont ct,,#,60,LAGUNA HILLS,CA,92653,PO BOX,20075,2025,Laguna Hills,CA,92654,135-67-5518,19230609
A102130,G. HERNANDEZ,,HERNANDES,24394,LARCHMONTCT,,#,0060,LagunaHills,CA,92635,P OBOX,020075,,LAGUNAHILLS,CA,92654,,23-06-09
A102989,George,,HERNANDEZ,024394,LARCHMONT,Ct,#,60,"LAGUNA HILLS,",Ca,92653,POBOX,20075,2025,Laguna Hills,CA,92654a,135-67-5518,
A102387,george,,hernandez,24394,Larchmont,CT,#,60,LAGUNAHILLS,CA,92653,po box,20075,2025,"LAGUNA, HILLS",CA,92654,135675518,19230609
A103430,Crystal,R.,herandez,8528,BLUEBERY,Ct,,,Elk grove,CA,95624,POB.,14882,581385,ELK GROVE,CA,9575a,135-64-7899,1915-07-21
A100152,C RYSTAL,R,Hernandez,8528,blueberry,CT,,,ELK GROVE,CA,95624,PO BOX,14882,581385,Elkgrove,CA,95758,135647899,19150721
A101300,C. Hernandez,,,8528,BLUEBERRY,CT,,,elk grovE,CA,95624,po box,14828,518385,"ELK,GROVE",CA,95758,,1915/07/21
A102836,crystal,,hernandez,08528,Blueberri,ct.,,,ELK GROV,CA,,POBOX,,581385,,CA,95758,135-64-7899,
A105750,GEORGE,,HERNANDEZ,8528,BLUEBERRY,Ct,,,"ELK,GROVE",CA,95624,POBOX,14882,581385,ELK GROVE,Ca,95758,135675518,1923-06-09
A106346,P.,A,Moriera,8528,BLUEBERY,CT,,,elk grove,CA,95624,PO BOX,14882 ,518385,ELKGRove,CA,95758,135-67-551,23/06/09
A103970,GEORGE,,HERNANDES,8528,BLUEBERRY,,,,Elk Grove,CA,9562B,po.box,14882,,ELK GROVE,CA,95758,,
A106068,Crystal,R.,Hernandez,2246,Cabo bahia,,,,"CHULA,VISTA",CA,91914,PO BOX,9010,1657,CHULA VISTA,CA,91912,135-64-7899,21-07-1915
A101877,C. R. Hernandez,,,2246,CABO BAHIA,,,,Chulavista,CA,91914,POBX,9010 ,1675,,CA,91912,,19150721
A105579,Crystal,,hernandez,02246,CABOBAHIA,,,,CHULA VISTA,CA,,PO box,9010,1657,CHULA VISTA,CA,9192,135647899,
A101735,GEORGE,,hernandez,2246,cabo bahia,,,,Chula Vista,CA,9191l,PO BOX,9010,1657,"CHULA,VISTA",CA,91912,135-67-5518,19230609
A107252,George,,HERNANDES,2246,CABO BAHIA,,,,CHULA VISTA,CA,91914,P O BOX,9010,6571,CHULA VISTA,,91912,135675518,09/06/1923
A106924,G. Hernandez,,,2246,CABOBAHIA,,,,Chula vista,CA,91914,PO BOX,,1657,,CA,91912,,
A107229,George,,HHERNANDEZ,2246,CABO BAHIA,,,,chula vista,CA,91914,PO BOX,9010,1657,CHULA VISTA,CA,,135765518,19230609
A100840,Suzanne,,Rivera,513,Daisy ,AVE,,,SANTA ANA,CA,92703,PO-BOX,36516,10014,SantaAna,CA,92711,198094046,1959-02-10
A105125,SUSAN,,Rivera,513,DASY,AVE.,,,"Santa, Ana",CA,97203,PO BOX,36516,100414,SANTA ANA,CA,92711,198-09-046,19590210
A104875,Martha,,Watsoon,513,DAISY,AV,,,SANTA ANA,CA,92703,,36516,,SANTA ANA,,92711,,
A103647,Suzan,,Rivera,0513,DAISY,AVE,,,SANTAANA,CA,92703,POBOX,,10014,SANTA ANA,CA,,198-09-4046,59/02/10
A102961,Suzanne,,Riveira,513,Daisy,AVE,,,SANTA ANA,CA,92703,PO BOX,36516,10014,SANTA ANA,CA,92712,198-09-4046,
A106006,JAMES,,CHAUNCEY,513,DAISY,AVE,,,SANTA ANA,CA,92703,PO BOX,36516,10014,SANTA ANA,CA,927I1,198-09-4046,19590210
A105382,SUSAN,,RIVERA,6451,SOUTHWORTH,RD,,,VALLEY SPRINGS,CA,95252,POBOX,41886,53,VALLEY SPRINGS,CA,95252,198-09-4046,1959-02-10
A103217,Suzanne,,RIVERA,6541,SOUTWORTH,RD.,,,Valley Springs,CA,95252,PO BOX,41886,35,VALLEYSPRINGS,CA,95252,198094046,19590210
A103057,S. Rivera,,,6451,SOUTHWORTH,RD,,,"Valley, Springs",CA,95252,,41886,53,,CA,95252,,
A106522,SZANNE,,RIVERA,474,BASALT,DR,,,VALLLLEJO,CA,94589,,,,,,,198-09-4046,19590210
A100482,SUZANNE,,RIVERA,474,BASALT,DR,,,Vallejo,CA,94589,,,,,CA,94598,198094046,
A105773,Suzane,,RIVERA,474,BASALT,DR.,,,VALLEJO,CA,94589,,,,,CA,94589,198-09-4046,1959-02-10
A107078,S. Rivera,,,474,BASALT,DR,,,VALLEJO,CA,94589,,,,,CA,94589,,19590210
A104845,Suzanne,,RIVERA,474,BASALT,Dr,,,vallejo,CA,94589,,,,,CA,945B9,198-09-4046,
A105610,Suzanne,,RIVERA,474,BASALT,DR,,,VALLEJO,CA,94589,,,,,,,198-09-4046,19590210
A103117,George,,Hernandez,4825,MARTINIQUE,WY,,,NAPLES,FL,34119,PO BOX,19935,11593,NAPLES,FL,34101,198-09-4326,1968-01-25
A102284,G.,,Hernandez,4258,MARTINIQE,WAY,,,Naples,FL,34119,P O BOX,19953,11593,NAPLES,FL,34101,198-09-4362,25/01/1968
A100740,George,,HERNANDES,4825,MARTINIQUE,WAY,,,NAPLES,FL,34119,POBX,19935,11953,NAPLES,FL,341O1,198094326,19680125
A102547,GAYLA,CAMILLE,MURPHY,4825,Martinique,WAY,,,Naples,FL,34119,PO BOX,19935,,NAPLES,,34101,,
A105764,GEORGE,,HERNANDEZ,4825,MARTINIQUE,WAY,,,NAPLES,FL,34119,POBOX,,,,FL,,198-09-4326,19680125
A101475,George,,hernandez,04825,MARTINIQUE,WAY,,,NAPLES,FL,34119,PO BOX,19935,11593,NAPLES,FL,34101,198-09-4326,
A100801,Suzanne,,Hernandez,1425,2nd,Ave,SPC,82,CHULA VISTA,CA,91911,PO BOX,9010,1657,CHULA VISTA,CA,91912,198-09-4046,1959-02-10
A104107,Sue Hernandez,,,1425,2ND,AVE,SPC,82,"Chula,Vista",CA,91911,POBX,9010,1657,CHULA VISTA,CA,91912,198094046,02/10/1959
A100488,Suzanne,,HARANDEZ,1425,2ND,AVE,SPC,82,chula vista,CA,91911,P O BOX,,1657,CHULA VISTA,CA,,,19590210
A102480,S. Hernandez,,,1425,2nd,ave,spc,82,CHULA VISTA,CA,91911,PO BOX,9010,,CHULA VISTA,CA,91912,,
A102191,George,,Hernandez,1425,2ND,AVE,SPC,82,CHULA VISTA,CA,91911,PO BOX,9010,1657,CHULA VISTA,CA,91912,198-09-4326,19680125
A104320,GEORGE,,hernandez,1425,2ND,AVE,SPC,82,chula vista,CA,91911,P.O. BOX,9010 ,1675,"CHULA,VISTA",CA,91912,198094326,1968-01-25
A105157,Geo. Hernandez,,,1425,2ND,AVE,SPC,82,CHULA VISTA,CA,9191l,PO BOX,9010,1657,CHULA VISTA,,91912,,
A105363,G. Hernandez,,,01425,2ND,AVE,SPC,28,CHULA VISTA,CA,91911,,,,CHULA VISTA,CA,91912,198-09-4326,
A105236,George,,Hernandez,1425,2ND,AVE,spc,82,CHULA VISTA,CA,91911,PO BOX,,1657,,CA,91912,,68/01/25
A103777,G. HERNANDEZ,,,1425,2ND,AVE,SPC,82,CHULA VISTA,CA,91911,P O BOX,9010,16S7,CHULA VISTA,CA,91912,,19680125
A101269,ROBERT,,RAMIREZ,16,TRADITION,LN,,,Rancho Santa Margarita,CA,92688,POBOX,4691I,80345,"RANCHO,SANTA MARGARITA",CA,92688,198-09-4046,19590210
A105060,Sue Hernandez,,,16,TRADITION,LN,,,RANCHO SANTA MARGARITA,CA,92688,PO BOX,46911,80435,RANCHO SANTA MARGARITA,CA,92688,,59/02/10
A102616,S. Hernandez,,,16,TRADITION,LN,,,Rancho Santa Margarita,CA,92688,po box,,80345,RANCHO SANTA MARGARITA,CA,,,
A101889,SUZANNE,,Hernandez,016,TRADTION,LN,,,RANCHO SANTA MARGARITA,CA,9268B,POBOX,,80345,RANCHO SANTA MARGARITA,CA,92688,198094046,
A105158,Suzanna,,Hernandez,16,TRADITION,Ln,,,Rancho Santa Margarita,CA,92688,PO BOX,46911,,,CA,92688,198-09-4046,19590210
A100992,Suzanne,,Hernandez,16,TRADITION,LN,,,"RANCHO,SANTA MARGARITA",CA,92688,PO BOX,46911,80345,RANCHO SANTA MARGARITA,CA,92688,,1959-02-10
A105631,GEORGE,,HERNANDEZ,16,TRADITION,LN,,,Rancho santa Margarita,CA,92688,P O BOX,46911,80345,RANCHO SANTA MARGARITA,CA,92688,198-09-4326,1968-01-25
A104901,G. Hernandez,,,16,tradition,LN,,,RANCHO SANTA MARGARITA,CA,92688,POBOX,46911,,,CA,92688,,68/01/25
A106535,Geo Hernandez,,,16,TRADTION,LN,,,Rancho Santa Margarita,CA,9268B,PO BOX,46911,80345,RANCHO SANTA MARGARITA,CA,92688,198094326,
A104989,George,,HERNANDEZ,016,TRADITION,LN,,,RANCHO SANTA MARGARITA,ca,92688,PO BOX,46911,80345,RANCHO SANTA MARGARITA,CA,,198-09-4326,19680125
A101297,GEORGE,,HERNANDES,16,TRADITION,Ln,,,19388,CA,92688,PO BOX,46911,80345,RANCHO SANTA MARGARITA,CA,92688,,
A107177,G.,,Hernandez,16,TRADITION,LN,,,RANCHO SANTA MARGARITA,CA,92688,,,,,,,,
A102638,Suzanne,,hernandez,16994,Loma-Vista,Ct,,,fontana,ca,92337,,,,,,,198094046,1959-02-10
A105686,SUSAN,,HERNANDEZ,16994,loma vista,COURT,,,F0NTANA,CA,9233Z,,,,,,,198-09-4046,19590210
A101387,S. Hernandez,,,16994,Loma Vista,CT,,,Fontana,CA,,,,,,,,198.09.4046,
A106484,SUZZANE,,Heranadez,16994,LOMA VSTA,Ct.,,,Fontna,CA,92337,,,,,,,,1959
A100638,G.,,HERNANDEZ,16994,Loma Vista,CT,,,Fontana,CA,92337,,,,,,,,1968-01-25
A105102,George,,Hernandes,16994,LomaVista,Ct,,,FONTANA,CA,92337,,,,,,,198-09-4326,68/01/25
A105733,GEORGE,,HERNANDEZ,16994,LOM VISTA,,,,Fontana,Ca,92337,,,,,,,198094326,
A102512,Jorge,,HERNANDEZ,1699 4,Loma Vista,Ct.,,,Fonttana,CA,92337-,,,,,,,198-09-4326,1968
A107033,Gloria,C,Johnson,902,132TH,St.,,,COMPTON,CA,90222,PO BOX,1914,5124,COMPTON,CA,90224,006-07-6887,06/23/1945
A102190,GLORIA C.,,JOHNSON,902,132th,ST,,,Compton,ca,90222,Po box,1914,,Compton,,90224,006076887,19450623
A100062,GloRIA,,JOHNSTON,902,132Th,Street,,,COMPT0N,CA,9022,P O BOX,1914,5124,Compton,CA,90224,,
A101404,Jeramie,A.,Ulch,1106,15th,Ave,,,largo,fl,33770,PO b0x,14929,315,Largo,FL,33779,006078310,1944-06-17
A106886,JERMY,ANNE,ULCH,1106,15th,ave.,,,LARGO,FL,3377O,po box,14929,315,,FL,33779,006-07-8310,06/17/44
A101137,J. Anne,,Ulch,110 6,15TH,,,, Largo ,Fl,33770,P.O. Box,14929,,Largo,,33779,,
A101102,Jerami,ANNE,Ulch,300,Sheoah,BLV,APT,604,WINTER SPRINGS,FL,32708,,,,,,,006-07-8310,19440617
A100232,JERAMIE,,ULCH,300,SHEOAH,BLVD,,,WinterSprings,FL,32708-,,,,,,,006078310,1944/06/17
A105200,Jerramie,,ULCH,300,Sheoah,BLVD,APRT,064,Wnter Springs,FL,3278,,,,,,,,19440617
A106842,J. Ulch,,,300,SHEOAH,BLVD,,,WINTER SPRINGS,FL,32708,,,,,,,006-07-8310,
A105933,Jeramie,Anne,Ulch,300 ,SHEOA H,BLD,APT.,604,WINTER SPRNGS,FL,32708,,,,,,,006-07-8310,44
A103292,Jeramie,,Ulch,03 0,Sheoah,BLVD,APT,64,Winter Springs,fl,32708,,,,,,,,19440617
A101905,GLORIA C,,Ulch,2215,Laurel River,Bnd,,,HOUSTON,TX,77014,PO BOX,4857,280034,Houston,TX,77228,006-07-6887,06-23-1945
A102264,Gloria,C.,Ulch,2215,Laurelriver,Bnd,,,Houston,Tx,77014,po box,4857,280034,,,,006-07-6887,
A102628,GLORIA,,ULC,2215,LAURAL RIVER,,,,HOUST0N,TX,77014,P O BOX,4857,,HOUSTON,TX,7722,006076887,19450623
A101321,MARIA,,WOOTEN,2215,Laurel River,BND,,,Houston,TX,77014,,,,,,,006-07-6887,1945
A105669,Jeramie,Anne,Ulch,2215 ,Laurel River,BND,,,"Houston,",TX,77014,POBOX,4857,280034,HOUSTON,TX,77228,006-07-8310,19440617
A106823,JERMIE,,ULCH,2215,LAUREL R.,BND,,,HOUSTON,TX,77014,PO BOX,4857,280034,HOUSTON,TX,77228,006-07-3810,44/06/17
A106021,JERAMIE,A.,ULCH,2215,LAUREL RIVER,,,,Houston,TX,77014-,P O BOX,4857,280034,Houston,,77228,,
A106831,J. Ulch,,,2215,Laurel River,BND,,,Houston,TX,77014,PO Box,4857,,,,,006078310,1944-06-17
A104155,GLORIA,C,ULCH,1518,Murphy,DR,,,ROCKWALL,TX,75087,PO BOX,8200,782,ROCKWALL,TX,75087,006-07-6887,1945-06-23
A106343,ARMANDO,RENEE,JUMPER,1518,Murphie,Dr.,,,Rockwall,TX,7508 7,P O BOX,8200,782,ROCKWALL,TX,75087,006076887,19450623
A102510,Glory,C,Ulch,1518,MURPHY,DR,,,rockwall,TX,75087,PO BOX,8200,,,,,,45
A104813,G. Ulch,,,1518,Murphy,,,,ROCKWALL,TX,,POBOX,8200,782,ROCKWALL,TX,75087,006-07-6887,
A100653,GLOIRA,C.,ULCH,1518,MURPY,DR,,,R0CKWALL,TX,7508,P.O. Box,8200,782,Rockwall,TX,75087,006-07-6887,06/23/45
A105019,GLORIA C ULCH,,,1518,Murphy,DR.,,,ROCKWALL,TX,75087A,PO BOX,8200,782,ROCKWALL,TX,75087,,1945/06/23
A101202,Jeramie,Anne,Ulch,1518,MURPHY,DR,,,ROCKWALL,TX,75087,PO BOX,8200,782,ROCKWALL,TX,75087,006-07-8310,19440617
A104526,JERRAMIE,A.,ULCH,1158,Murphy,Drive,,,Rockwall,Tx,75087,P O BOX,8200,782,Rockwall,TX,75087,006078310,1944-06-17
A102000,J. Ulch,,,1518,MURPHY,,,,rOCKWALL,TX,,PO BOX,8200,,rockwall,TX,75087,,
A102238,GLORIA,C,ULCH,8615,FORK,DR,,,san antonio,tx,78250,,,,,,,006-07-6887,1945-06-23
A100079,Gloria,,Ulch,8165,Fork,Dr.,,,San Antonio,TX,78250,,,,,,,,19450623
A100460,G. Ulch,,,8615,FORK,DR,,,"SAN,ANTONIO",TX,78250,,,,,,,006-07-6887,
A106230,GLORIA,C.,UCH,8615,F0RK,DRV,,,SAN ANTONIO,TX,78250a,,,,,,,006076887,19450623
A105637,Jeramie,Anne,Ulch,8615,Fork,DR,,,SAN ANTONIO,TX,78250,,,,,,,006-07-8310,19440617
A106384,JEREMIE,,ULCH,8615,FORK,DR.,,,San Antonio,TX,7825O,,,,,,,,1944/06/17
A103706,J. Ulch,,,8615,Fork,,,,SAN ANTONIO,TX,,,,,,,,006078310,
A100329,GLORIA,C,JOHNSON,824,ROYAL,TER,,,Hurst,TX,76053,,,,,,,183-03-6461,19530426
A101638,Glory,,Johnson,824,Royal,Ter,,,hurSt,Tx,76053,,,,,,,183036461,1953-04-26
A102771,G. Johnson,,,824,ROYAL,,,,"hur,st",TX,76053,,,,,,,,
A101317,GLORIA C.,,JOHNSON,824,Royal,Ter.,,,HURST,TX,76053A,,,,,,,183-03-6461,19530426
A100934,GloRIA,C.,JOHNSTON,824,ROYAL,TER,,,HRUST,TX,76053,,,,,,,183-03-6461,1953
A104461,Gloria,C,Johnson,824,Royal ,TER,,,Hurst,TX,,,,,,,,183-03-6461,26/04/1953
A100457,gloria,C.,JOHNSTON,1586,stony Valley,dr,,,PONDER,Tx,76259,,,,,,,183036461,1953-04-26
A102582,GL0RIA,,JOHNSON,1586,STONYVALLEY,DR.,,,PONDER,TX,76259,,,,,,,183-03-6461,19530426
A105079,SUSAN,,HARRIS,158 6,stony-valley,,,,PoNDER,TX ,76259-,,,,,,,183.03.6461,
A100172,G. JOHNSON,,,1586,stoni valley,DR,,,PONDER,TX,76259,,,,,,,,1953
A101099,T0NY,ANNE,WHITE,57844,Primrose,AV,,,TEMPLe City,CA,91780 ,,,,,,,,63/06/14
A104232,TONY,A.,WH1TE,57 844,PRIMROSE,AVE.,,,TEMPLE CITY,CA,91780,,,,,,,183045865,1963-06-14
A105802,T.,,WHITE,57844,PRIMROZE,,,,TEMPLE CITY,CA,,,,,,,,183-04-5865,196306
A101617,Tony Anne,,White,57844,Primrose,Avenue,,,Temple CITY,Ca,9178O,,,,,,,,
A105202,T.A. WHITE,,,57844,PRIMROSE,AVE,,,TEMPLECITY,CA,91780,,,,,,,183-04-5865,
A107051,TONY,ANNE,white,57844,PRIMROSE,AVE,,,TEMPLE CITY,Calif.,91780,,,,,,,183-04-5865,19630614
A104587,GLORIA,C.,WHITE,2135,14th,ST.,,,DELRAY BEACH,FL,33445,po box,14496,460483,DELRAY BEACH,fl,33448,183-03-6461,19530426
A102205,g!oria,K.,wHITE,2l35,14TH STR,,,,DELRAY-BEACH ,FL,33445,P O BOX,14469,460483,DELRAY BEACH ,FL,33448,,
A104483,G.C.WHITE,,,2135,14TH,ST,,,DELRAY BEACH,FL,33445,P0 B0X,14496,,DELRAY BEACH,fl,33448,183.03.6461,53/04/26
A103267,Gloria,,White,2135,14TH,ST,,,"Delray,Beach",FL,33445,POBOX,"14496,",460483,DELRAYBEACH,FL ,33448-,183-03-6461,1953
A103142,G. White,,,2135,14th,St,,,DELRAY BEACH,FL,,,,,,,,,1953-04-26
A100130,TONY,ANNE,WHITE,2135,14TH,st,,,DELRAY BEACH,Fl,33445,p o box,14496,460483,Delray Beach,FL,33448,183-04-5865,19630614
A106306,Tony,Ann,White,2135,14TH,STREET,,,Delray Beach,Fl,33445,PO BOX,14496,460483,DELRAY BEACH,fl,33448,183045865,1963-06-14
A105987,T.A. WHITE,,,2135,14TH,ST,,,DELRAY BEACH,FL,33445,P0 B0X,14496,460483,DELRAY BEACH,FL,33448,183-04-5865,
A105620,tony,A.,WH1TE,2135,14th,ST,,,DEL RAY BEACH,FL,33445-,POBOX,14496,460483,DELRAY BEACH,FL,33448,,63/06/14
A104042,Tony Anne,,White,2135,14TH,ST,,,"Delray,Beach",FL,33445,PO BOX,14496 ,460483,DELRAY BEACH,FL,33448 ,,1963
A103679,T. White,,,2135,14TH,ST,,,DELRAY BEACH,FL,,PO BOX,14496,460483,DELRAY BEACH,FL,,183-04-5865,
A103867,ISELA,E,FL0RES,140,RAMONA,AV,,,S SOUTH SAN FRANCISCO,CA,94080,P O BOX,97348,5093,SOUTH SAN FRANCISCO,CA,94083,093-75-6690,19460624
A102592,Isela,,Flores,140,ramona,AVE.,,,South San Francisco,CA,94080 ,POBOX,97348,,SOUTH SAN FRANCISCO,CA,94083,,1946-06-24
A102511,fady,,evans,140,RAMONA,AVE,,,SOUTH SAN FRANCISCO,CA,94080,p0 b0x,97348,5093,south san francisco,ca,94083,093756690,
A106060,Isela E.,,Flores,I40,ramona,AVE,,,SOUTH SAN FRANCISCO,CA,94O8O,PO BOX,"97348,",5093,"SOUTH,SAN,FRANCISCO",CA,94083-,,1946
A106352,I. Flores,,,140,Ramona,,,,South San Francisco,CA,,PO BOX,97348,5093,SOUTH SAN FRANCISCO,CA,94083,093-75-6690,194606
A102741,I.FLORES,,,140,Ramona,AVE,,,SOUTH SAN FRANCISCO,CA,94080,,,,,,,,1946/06/24
A106955,ISELA,E.,FLORES,167O6,SAMGERRY,DR.,,,LA PUENTE,CA,91744 ,POBOX,68909,3671,LA PUENTE ,CA,91744,093-75-6690,19460624
A105286,Isela,,Flores,16706,Samgerry,DR,,,La Puente,ca,91744,P O BOX,68909,3671,LA PUENTE,CA,91744-,,1946-06-24
A105261,I.E. FLORES,,,16706,SAMGERRY,,,,LAPUENTE,CA,91744,p0 b0x,68909,3671,la puente,ca,91744,,194606
A105853,Isela E,,Florres,16706,SAMGERY,DR,,,LA PUENTE,CA,91I44,PO BOX,"68909,",3671,"LA,PUENTE",CA,91744,093756690,1946
A101135,ANGELA,EDWARD,HERNANDDEZ,16706,Samgerry,Dr,,,LaPuente,CA,,PO BOX,68909,3671,LA PUENTE,CA,91744,093-75-6690,
A104019,I.FLORES,,,16706,SAMGERRY,DR,,,LA PUENTE,CA,91744,,,,,,,,1946/06/24
A102931,ISELA,E.,FLORES,245,QUINTARD,ST,Apt,C108,CHULA V1STA,CA,91911 ,,,,,,,093-75-6690,19460624
A105632,Isela,,Flores,245,Quintard,ST.,APT.,C108,Chula Vista,CA,9191I,,,,,,,,
A104695,I.E. FLORES,,,245,QUINTARD,,APT,C 108,CHULAVISTA,CA,91911,,,,,,,093756690,1946/06/24
A101825,susan,ANN,VASQUEZ,245,QUINTARD,ST,APT,C108,CHULA VISTA,CA,,,,,,,,,1946
A106404,JAYMES,,HERNANDEZ,303,AZALEA,St,,,"PANAMA, CITY BEACH",FL ,32407,,,,,,,,1940-03-23
A102865,JAMES,,HERNANDEZ,3O3,Azalea,ST,,,Panama City Bch,FL,32407,,,,,,,093-78-7214,19400323
A105661,J. HERNANDEZ,,,303,AZALEA,ST,,,PANAMACITYBEACH,FL,32407,,,,,,,,194003
A101070,JAMES,,HERNANDEZ,303,azalea,ST.,,,PANAMA CITY BEACH,FL,,,,,,,,,1940
A101455,J. Hernandez,,,303,AZALEA,,,,Panama City Beach,FL,32407,,,,,,,093-78-7214,
A103754,James,,Hernandez,303,AZALEA,ST,,,PANAMA CITY BEACH,FL,324O7,,,,,,,,1940/03/23
A107111,ISELA,E.,HERNANDEZ,61,59th,Ter,,,Miami,FL,33137 ,,,,,,,093-75-6690,19460624
A103686,Isela,,Hernendez,61,59th,TER.,,,miami,fl,33137,,,,,,,,1946-06-24
A105160,I.E. HERNANDEZ,,,6 1,59TH,TER,,,MIAMI,FL,33137,,,,,,,093756690,194606
A103337,M.,,Ramirez ,61,59th,TER,,,MIAMI,FL,33137,,,,,,,093-75-6690,1946
A106717,I. Hernandez,,,61,59TH,,,,MIAMI,FL,,,,,,,,093-75-6690,
A105767,ISELA,,HERNANDEZ,61,59TH,TER,,,MIAMI,FL,33l37,,,,,,,,1946/06/24
A100267,JAMES,,HERNANDEZ,61,59TH,TER,,,MIAMI,FL,33137,,,,,,,093-78-7214,19400323
A102855,J. HERNANDEZ,,,61,59th,Ter,,,Miami,FL,33137 ,,,,,,,,1940-03-23
A106124,James,,Hernandez,61,59TH,TER.,,,MIAMI,fl,33137,,,,,,,093-78-7214,
A104699,JAM3S,,HERNANDEZ,61,59th,TER,,,MIAMI,FL,3313I,,,,,,,,194003
A106168,JAMES,,HERNANDEZ,61,59TH,,,,MIAMI,FL,33137,,,,,,,,1940
A100866,ISELA,E.,HERNANDEZ,6831,FOUNTAIN,Ave,,,Tampa,FL,33634-,,,,,,,,19460624
A103071,Isela,,Hernández,6831,fountain,AVE,,,TAMPA,fl,33634,,,,,,,093-75-6690,1946-06-24
A101222,I.E. HERNANDEZ,,,6831,FOUNTAIN,AVE.,,,TAMPA,FL,3363I,,,,,,,093756690,194606
A103497,I. Hernandez,,,6831,Fountain,,,,TAMPA,FL,33634,,,,,,,093-75-6690,
A101390,JAMES,,HERNANDEZ,6831,FOUNTAIN,AVE,,,TAMPA,FL,33634,,,,,,,093-78-7214,19400323
A106357,James,,Hernandez,6831,Fountain,Ave.,,,tampa,FL,,,,,,,,,1940-03-23
A106388,JAMES,,HERNÁNDEZ,6831,FOUNTAIN,AVE.,,,TAMPA,FL,33634,,,,,,,093-78-7214,
A101402,J. Hernandez,,,6831,Fountain,,,,Tampa,FL,33634,,,,,,,093-78-7214,1940/03/23
A104542,J4MES,,HERNANDEZ,6831,FOUNTAIN,AVE,,,TAMPA,FL,3363I,,,,,,,,1940
A103250,Isela,E.,hernandez,901,West winds,drive,,,Davenport,fl,33837,,,,,,,093756690,1946-06-24
A105913,I. E.,,HERNANDEZ,901,WESTWINDS,DR.,,,DAVENPORT,FL,33837-,,,,,,,093-75-669,19460624
A106728,isella,,hernndez,901,westwind,dr,,,DAVEN PORT,FL,33837,,,,,,,,1946/06/24
A100096,Isela,E,Hernandez,0901,Westwinds,DR,,,davenport,Fl,33837,,,,,,,093.75.6690,06-24-1946
A100272,Isela E,,HERNADEZ,901,WESTWINDS DR,,,,Davenprt,FL,3383Z,,,,,,,093/75/6690,
A100621,E. Isela,,Hernandez,901,Westwins,DR,,,DAVENPORT,FL,,,,,,,,093-75-6690,19460624
A101169,ANNA,A,BECKER,901,Westwinds,Dr,,,DAVENPORT,fl,33837,,,,,,,093-78 7214,1940/03/23
A106545,james,,HERNANDEZ, 901 ,WESTWINDS,DR,,,davenport,FL,3383,,,,,,,093787214,194003
A101526,J. Hernandez,,,901,West Winds,,,,Davenprt,FL,33837,,,,,,,,03-23-1940
A106548,james,,herandez,901,westwins,dr,,,DAVENPORT,FL,33837A,,,,,,,093-78-7214,
A100683,melynda,P.,luzader,25,HomeStead,st.,unit,b,SF,CA,94114-,,,,,,,097537028,1969-04-07
A104524,M. P.,,LUZADER,025,HOMESTEAD,ST,#,B,"San,Francisco",ca,9411Z,,,,,,,,196904
A102904,melinda,P,Luzader,25,Homestead,Street,APT,B ,SAN FRANCISCO,CA,94114,,,,,,,097 53 7028,04/07/1969
A107193,Melynda,Paul,LUZADER,,HOMESTEAD,ST,#,B,san francisco,ca,94114,,,,,,,097 53-7028,1969
A100249,Melynda,P.,Luzader,25,Hoemstead,St,#,,SAN FRANCISCO,CA,9411,,,,,,,097-53-7028,
A103264,melynda,Paul,LUZADER,1975,lullabye,Ln,,,anaheim,ca,92804,,,,,,,097537028,1969/04/07
A100226,melinda,Paul,Luzader,1975,LULLABY,LN,,,ANAHEIM,CA,92084,,,,,,,097-53-7028,196904
A105089,Melynda P.,,LUZADER,1975,Lullby,LN,,,annaheim,CA,92804A,,,,,,,097-53-702,07-04-1969
A102309,Jon,,BROWAN,,LULLABY LN,,,,Anaheim,Ca,92804,,,,,,,,1969-04-07
A100024,Melynda,,Luzader,1975,LULABY,LN,,,ANAHEIM,CA,928004,,,,,,,,
A102991,"Paul, M.",,Luzador,1975,Lullaby,Ln,,,Anaheim,CA,92804,,,,,,,097-53-7028,19690407
A100003,melinda,P.,Luzader,3601,Anthea,St,,,Sacramento,CA,95834,PO BOX,12343,293357,SACRAMENTO,CA,95829,097537028,1969-04-07
A100809,MELYNDA,PAUL,LUZADER,3601,ANTHEA,ST.,,,Sacramento,ca,95834-,POB,12343,293357,sacramento,CA,9582Z,,196904
A104407,Melynda Paul,,LUZADER,3601,Antea,ST,,,"SACRAMENTO,",CA,95834,P.O. BOX,12343,,Sacramento,CA,95829,097-53-7028,1969/04/07
A102852,james,S.,wiley,920,nut wood,st,Apt,040,Anaheim,ca,92804,POBOX,11102 , 8242,ANAHEIM,CA,92812,097-55-8170,1970-12-19
A102017,JAMES S,,WILIY,0920,NUTWOOD,ST.,#,40,ANAHEIM,CA,92084,PO. BOX,11102,,Anaheim,CA,,,197012
A101648,J. Wiley,,,920,NUTWOOD ST,,APT,40,ANAHEIM,CA,9280A,P O BOX,11102,8242,Anaheim,ca,92812,097 55 8170,
A106923,James,S,Wyley,920,Nutwod,St,apt,40,anaheim,CA,92804,PO BOX,11102,8242,anaheim,CA,92812,097558170,12/19/1970
A105509,S. James,,Wiley,920,NUTWOOD,ST,,,ANAHEIM,CA,92804,,,,,,,097-55-8170,19701219
A106063,james,S.,wilei,3700,plaza,Drive,apt,A112,SANTA ANA,CA,92704,pobox,36516,10014,Santa Ana,ca,92711-,097558170,1970-12-19
A106322,J S,,WILEY,3700,PLAZA,DR.,#,A112,SANTA ANA,CA,,POB,36516,10014,SANTA ANA,CA,92711,097-55-817,197012
A100842,James S.,,Wiley,003700,Plaza,DR,APT,A112,"SANTA,ANA",CA,92704A,P.O. BOX,36516,10014,Santa Ana,CA,9271Z,,1970/12/19
A105135,james s,,wiley,3700,plza,dr,apt,,SANTA ANA,CA,92704,PO BOX,,10014,SANTA ANA,CA,92711,097-55-8170,
A106378,melinda,P,wiley,115,Normandi,Ave,#,9,LosAngeles,CA,90004,PO BOX,503,881605,"los,angeles",ca,90009,097 53 7028,19690407
A102123,August,,Brown,115,NORMANDIE AVE,,APT,09,LOS ANGELES,CA,9000Z,P.O.BOX,503,,LOS ANGELES,CA,90009,097-53-7028,07-04-1969
A103406,Melynda,,Wyley,115,Normandie,ave.,APT,9B,LOS ANGELES,CA,90004-,PO BOX,503,881605,LOSANGELES,CA,90009A,,1969/04/07
A100628,KENNETH,,thomass,,Normandie,Ave,APT,9,LOS ANGELES,CA,9004,POBOX,503,881605,Los Angeles,CA,,097-53-7028,196904
A102936,melinda,,wiley,115,Normandie,ave,,,los angeles,CA,90004,,,,,,,097537028,
A101483,JAMES A,,VERBENA,115,NORMANDIE,Ave,#,9,Los Angeles,ca,90004-,"po,box",503,881605,LOS ANGELES,CA,90009,097 55 8170,1970/12/19
A106753,J. S.,,Wiley,115,Normandie Ave,,APT,9 ,LOS ANGELES,CA,90004A,PO BOX,503,,Los Angeles,CA,90009,,12-19-1970
A100523,GLENN,,MARTINEZ,00115,Normandie,AVE,APT,9,LOSANGELES,CA,90004A,PO. BOX,503,881605,LOSANGELES,CA,9000Z,097-55-8170,197012
A102587,James S,,Wiley,115,Normandy,Ave,APT,9,Los Angeles,CA,90004,P0 B0X,503,881605,Los Angeles,CA,90009,,
A104543,james,S.,wily,115,normandie,ave.,apt,9,los angeles,CA,9004,PO BOX,503,881605,LOS ANGELES,CA,,097558170,19701219
A102513,HERSCHEL,L.,JOHNSON,4703,DIAMOND,ST,,,palmdale,ca,93552,po box,48390,901243,PALMDALE,CA,93590,097-53-7028,1969-04-07
A101319,MELYNDA,PAUL,WILEY,04703,Diamond,St.,,,PALMDALE,CA,95352,P.O.BOX,48390,,PALMDALE,CA,93590A,,04/07/1969
A100384,Melynda,,Wiley,4703,Diamnod,ST,,,Palm Dale,CA,93552A,PO BOX,48390,901243,Palmdale,ca,,,196904
A102105,M. Paul,,Wiley,4703,DIAMOND ST,,,,PALMDALE,CA,93552,P O BOX,48390,901243,PALMDALE,CA,,097-53-7028,
A106281,melynda,,wiley,,diamond,st,,,palmdale,CA,93552,,,,,,,097537028,
A101971,James,S.,Wiley,4703,DIAMOND,ST.,,,PALMDALE,CA,93552A,POBOX ,48390,901243,PALMDALE,CA,93590,097-55-8170,1970-12-19
A100262,j. wiley,,,4703,Diamond,St,,,palmdale,ca,95352,P O BOX,48390,,PALMDALE,CA,,,12/19/1970
A103974,james s,,wiley,,diamond,st,,,palmdale,CA,93552,,,,,,,,
A103921,Jennifer,J.,Conlon,1012,Hutchins,Street,Apt.,5,Lodi,CA,95240,,,,,,,106685744,1946-10-08
A100022,Jenniefer,,Conlin,1012,HUTCHINS,ST.,#,5,LODI,CA,95240-,,,,,,,,194610
A104665,GEORGE,,HERNANDEZ,001012,HUTCHINS ST,,APT,5,"Lodi,",ca,9524,,,,,,,,
A101873,jennifer,J,conlon,1012,hutchins,st,apt,,lodi,CA,95240,,,,,,,106-68-5744,
A106665,JORGE BELGICA,,O'CONNOR-SMITH,2830,ball,road,aprt,q48,Anaheim,CA,92804,,,,,,,106685744,1946-10-08
A103637,J . conlon,,,2830,BALL,RD,,,anaheim,CA,92084,,,,,,,106-68-5744,
A101175,Jen,Jay,Conlen,2830,BAL,RD.,apt,q48,ANAHEIM,CA,92804-,,,,,,,106-68-5744,08/10/1946
A103861,JENNIFER,J,CONLON,2380,BALL,RD,,Q-48,ANAHEIM,CA,92804,,,,,,,106-68-5744,19461008
A101163,jEnniFer J,,conlon,8930,LEMON,ave,,,LA MESA,CA,91941,,,,,,,106685744,1946/10/08
A103973,J CONLON,,,08930,LEMN,,,,la mesa,CA,91491,,,,,,,106-68-5744,
A103737,Jenifer,,CONLIN,8930,lemon,av,,,LaMesa,CA,9194I,,,,,,,,194610
A101555,JENNIFER J,,CONLON,8930,LEM0N,AVE,,,"LA, MESA",CA,91941,,,,,,,106-68-5744,19461008
A105475,JAMES, ,HERNANDEZ,6713,MABRAY,DR.,,,Plano,TX,75025,POBX,139I5,860105,PALNO,TX,75086,106-96-1692,1941
A105823,,,KING,7613,Mabry,,,,planO,Tx,075025,po box,13915,,plano,TX,75086,106691692,1941-05-01
A105061,Jim,,HERNANDEZ,7613,MABRAY,DR,,,PLANO,TX,75025,p o box,13915,860I05,PLANO,TX,7508O,106-69-1692,05/01/1941
A105534,JAMES,,HERNANDEZ,7613,MABRAY,DR,,,PLANO,TX,75025,P.O. Box,13915,860105,PLANO,TX,75086-,106-69-1692,19410501
A101313,JAMES,,Hernandez,7613,MABRAY,DR,,,plano,TX,75025,PO BOX,13915,860105,PLANO,TX,75086,,
A100912,J,,Hern,7613,MABRAY,DR,,,PLANO,TX,75025,po bx,13915,860105,PLANO,TX,75086,106-69-1692,
A105732,Jennifer,,Hernandez,803,Eisnhower,Dr,,,duncanville,TX,75137,PO BOX,33150,381937,DuncanVille,TX,75138,106685744,1946/10/8
A102198,J Hernandez,,,803,EISENHOWER,DR.,,,DUNCANVILLE,TX,75317,P O BOX,33150,,DUNCANVILLE,,75138,106-68-5744,
A101126,JENIFER,J.,HERNANDEZ,803,EISENHOWER,DR,,,DUNCANVILLE,TX,75137,po. box,33150,381937,DUNCANVILLE,TX,75138,,10-08-1946
A102615,DEBRA,,DEMILS,803,EISEN HOW ER,DR,,,DUNCANVILLE,TX,75137,POBX,33150,381937,DUNCANVILLE,TX,75138,106-68-5744,19461008
A105654,James, ,Hernandes,803,EISENHOWER,,,,duncanville,TX,75137,P0 BOX,33150,381937,DUNCANVILLE,TX,75138,106-69-1692,1941-05
A106575,J HERNANDEZ,,,803,EISENHOWER,DR,,,DUNCANVILLE,TX,175137,PO BX,33150,381937,DUNCANVILLE,TX,75138,,19410501
A103800,Jim,,HERNANDEZ,803,EISENHOWER,Drv,,,DuncanVille,Txt,75137,PO BOX,33150,381937,DUNCANVILLE,TX,75138,106-69-1692,
A101991,JAMES,,HERNANDEZ,803,EISENHOWER,DR,,,DUNCANVILLE,TX,75137,POBOX,33150,381937,DUNCANVILLE,TX,75138-,106-69-1692,19410501
A106970,B. VELASQUEZ,,,1668,MONTE VERDE,DR,,,Beaumont,CA,92223,PO BOX,96321,604,BEAUMONT,CA,92223,110889110,1922.08.25
A102269,C LOPEZ,,,1668,MonteVerde,,,,BEAUMONT,CA,92223-,p o box,96321-,604,BEAUMONT,CA,92223,,19220825
A106658,Karen,,RODRIGUEZ,1668,MONTE V.,DR,,,beaumont,CA,92223,POBX,96321,604,Beaumont,CA,92223,110-88-9110,1922/08/25
A103638,Karen,,Rodriguez,12365,DOMINGO,DR.,,,VictorVille,CA,92392,,,,,,,11088-9110,19220825
A100357,K RODRIGUEZ,,,12356,DOMING0,Dr,,,VICTORVILLE,CA,92329,,,,,,,110-88-9110,1922/08/25
A100097,KAREN,,RODRIGEZ,12356,DOMINGO,,,,VICTORVILLE,CA,92392-,,,,,,,,1922-08-25
A101035,karen,,Rodriguez,12356,DOMINGO,DR,,,Vctorvle,CA,92392,,,,,,,110.88.9110,1922
A100310,Karen,,RODRIGUEZ,12356,DOMINGO,DR,,,VICTORVILLE,CA,92392,,,,,,,110889110,19220825
A103000,KAREN ,,RODRIGUEZ,,DOMINGO,DR,,,VICTORVILLE,CA,92392,,,,,,,110-88-9110,
A103691,Karen,,Rodriguez,1051,24th,Street,,,oakland,CA,94607,po box,3636,18616,Oakland,CA,94619,110-88-9110,19220825
A102051,K RODRIGUEZ,,,1051,24TH,ST,,,OAKLAND,CA,94607,POBX,,18616,OAKLAND,CA,94619,,19220825
A104859,KAREN,,RODRIGUEZ,I051,24TH,ST,,,OAKLAND,CA,94607,po. box,3636,186I6,OAKLAND,CA,94619,110889110,1922/08/25
A100528,karen,,Rodrguez,1051,24TH,St,,,OAKLAND,CA,94607-,PO BOX,3636,18616,OAKLAND,CA,94619,,
A100182,Karen,,Rodriguez,1051,24TH,ST,,,Oakland,CA,94607,P0 BOX,3636,18616,OAKLAND,CA,94619,110-88-9110,1922-08-25
A104947,THOMAS,,hernaandez,1051,24BTH,ST,,,OKLAND,CA,94607,PO BOX,3636,186I6,OAKLAND,CA,94619,110-88-9110,
A105590,James,S.,WILEY,1123,24TH,ST,,,NorthLittleRock,AR,72114,po box,4160,94138,NORTH LITTLE ROCK,AR,72190,110901692,1932/10/04
A106702,J S WILEY,,,1123,24th,,,,"NORTH, LITTLE,ROCK",AR,71214,POBX,4160,,NORTH LITTLE ROCK,AR,72190,,19321004
A101219,JAMES,S,Wiley,1213,24TH,ST.,,,NORTH LITTLE ROCK,ar,72114,,4160,94138,NORTH LITTLE ROCK,AR,72190,110-90-1692,1932-10-04
A105205,jim,,WILEY,1123,24TH,ST,,,NORTH LITTLE ROCK,AR,72114-,PO BOX,4160,94138,NORTH LITTLE ROCK,AR,72190,110-90-1692,
A105566,JAMES S,,WILEY,1123,24TH,ST,,,N L R,AR,72114,PO BOX,4160,94138,NORTH LR,AR,72190,110-90-1692,19321004
A104339,KAREN,,WILY,3810,HOEN,AVE,,,Santa Rosa,CA,95405-,PO BOX,512,15031,SANTA ROSA,CA,95402,110-88-9110,1922.08.25
A107247,K WILEY,,,3810,H0EN,AVE,,,"SANTA, ROSA",CA,95405,po bx,512,I5031,SANTA ROSA,CA,95402,,19220825
A104610,Karen,,WILEY,3810,Hoen,Ave,,,SANTA ROSA,CA,95405,PO BOX,512,15031,SantaRosa,CA,95402,,
A104365,KAREN,,WILEY,3810,HOEN,AV,,,SANTA ROSA,CA,95405,PO BOX,512,15031,SANTA ROSA,CA,954O2,110-88-9110,1922/08/25
A100107,DORA,ANN,RBRSON,,HOEN,AVE,,,SANTA ROSA,CA,95405,PO BX,512-,15031,SANTA ROSA,CA,95402,110-88-9110,19220825
A104307,K WILEY,,,3810,HOEN,AVE,,,SANTA ROSA,CA,95405,PO BOX,512,15031,SANTA ROSA,CA,95402,110889110,19220825
A104392,James,S,WILY,3810,HOEN,AV.,,,Santa Rosa,CA,95405,po box,512,15031,SANTA ROSA,CA,95402,110-90-1692,19321004
A101769,J S WILEY,,,381O,HOEN,AVE,,,SANTA ROSA,CA,95405-,POBX,512,15031,SANTA ROSA,CA,95402,,1932/10/04
A106565,MARIO,,SCHERER,3810,Hoen,Ave,,,SantaRosa,ca,95405,PO BOX,512,15031,SANTA ROSA,CA,95402,110901692,10-04-1932
A103050,Jim,,WILEY,3810,HOEN,AVE,,,SANTA ROSA,CA,95405,p o box,512,15031,SANTA ROSA,CA,954O2,110-90-1692,1932/10
A100663,K Walker,,,,HOEN,AVE,,,SANTA ROSA,CA,95405,PO BOX,512,15031-,SANTA ROSA,CA,95402,110-90-1692,
A102600,J WILEY,,,3810,HOEN,AVE,,,SANTA ROSA,CA,954S5,PO BX,512,15031,SANTA ROSA,CA,95402,110-90-1692,19321004
A106126,Karen,,Wiley,1226,BAYSIDE,DR,Unit,F,San Francisco,CA,94130,PO BOX,3781,2809I1,San Francisco,CA,94128,110-88-9110,19220825
A107099,Maria,,Murillo,1226,BAYSIDE,DR,,,"SAN, FRANCISCO",CA,9413O,p o box,3781,280911,SAN FRANCISCO,CA,94128,,1922/08/25
A105782,KAREN,,WILEY,1226,BAYSYDE,,APT,F,SAN FRANCISCO,CA,94130,POBX,3781,280911,SAN FRANCISCO,CA,94128-,110889110,
A103434,JAMES,S.,WILEY,1226,BAYSIDE,DR,UNIT,F,san francisco,CA,94130,PO BOX,POB 3781,280911,SAN FRANCISCO,CA,94128,110901692,1932-10-04
A107189,James,S,WILEY,1226,BAYSIDE DR,,,F,SanFrancisco,CA,94130,POBOX,3781,,San Francisco,CA,9412A,110-90-1692,19321004
A101252,J.,S,WILEY,1226,BAYSIDE,DR,APT,F,SAN FRANCISCO,CA,94130,PO BOX,3781,280911,"SAN,FRANCISCO",CA,94128,110-90-1692,
A105075,Jim,,WILY,1226,BAY SIDE,DR.,UNIT,F,San Francisco,CA,94130,,,,,,,110-90-1692,1932/10/04
A100288,KAREN,,WILEY,634,San Andres,CIR.,,,Thousand Oaks,CA,91360,,,,,,,110-88-9110,1922-08-25
A104790,K WILEY,,,634,SANANDRES,CIR,,,THOUSAND OAKS,CA,9136O,,,,,,,110889110,19220825
A102136,karEn,,Willy,634,SAN ANDRES,CR,,,"Thousand,Oaks",CA,91360,,,,,,,,1922/08/25
A106721,KAREN,,WYLIE,634,SAN ANDRESS,CIR,,,Thousand Oaks,CA,91360,,,,,,,110-88-9110,
A105583,K.,,WILEY,634,SAN ANDRES,,,,THOUSAND OAKS,CA,91630,,,,,,,,1922
A101299,Karen,W.,WILEY,634,SanAndres,CIR,,,THOUSANDOAKS,CA,91360,,,,,,,,19220825
A106376,JAMES,S,WILEY,634,SAN ANDRES,CIR,,,THOUSAND OAKS,CA,91360,,,,,,,110-90-1692,19321004
A105174,JAMES,,Wily,634,San ANDRES,CIR,,,Thousand Oaks,CA,91360,,,,,,,110901692,1932-10-04
A102924,Jim S.,,WILEY,634,san andres,CR,,,THOUSAND OAKS,CA,91360,,,,,,,110-90-1692,193210
A106637,J.S. Wiley,,,634,SANANDRES,,,,"THOUSAND,OAKS",CA,9136O,,,,,,,,1932/10/04
A105078,James,S,WI LEY,634-,SAN ANDRES,CIR,,,THOUSAND OAKS,CA,91360-,,,,,,,110-90-1692,19321004
A101311,JAMES S,,WILEY,634,San Andress,CIR,,,THOUSAND OAKS,CA,91360,,,,,,,,1932
A105044,KAREN,,WILEY,2317,CAROLYN,ST,,,BLYTHEVILLE,AR,72315,P O BOX,18029,1046,BLYTHEVILLE,AR,72316,110-88-9110,19220825
A104779,Kenneth L.,,Newton,2317,CAROLIN,ST.,,,Blytheville,AR,7231S,POBOX,18029,,BLYTHEVILLE,ar,72316,110-88-9110,1922-08-25
A105635,Karen,,Wily,2317,CAROLYN,,,,BLYTHEVILLE,AR,,,,,,,,,19220825
A105029,THOMAS,,HERNANDEZ,210,DUDNEY,RD,,,MAGNOLIA,AR,71753,,,,,,,110-88-9110,19220825
A100258,K WILEY,,,210,Dudny,RD.,,,Magnolia,AR,71753,,,,,,,110889110,19220825
A106900,KAREN,,WYLY,210,DUDNEY,,,,MAGNOLIA,AR,71753,,,,,,,,1922-08-25
A104047,Karen,,WILEY,210,Dudney,RD,,,MAGNOLIA,ar,71753,,,,,,,110-88-9110,
A103143,K.,,WILEY,210,DUDNEY,RD,,,MAGNOLIA,AR,7175S,,,,,,,,19220825
A102683,Karen,,WILEY,210,DUDNEY,RD,,,Magnolia,AR,7175,,,,,,,110-88-9110,19220825
A102369,KAREN,,WILEY,15505,HIGHWAY 31,,,,WARD,AR,72176,,,,,,,110-88-9110,19220825
A106994,Karen,,Wyly,15505,HWY 31,,,,Ward,AR,72176,,,,,,,110889110,1922-08-25
A100813,K. WILEY,,,15505,HIWAY 31,,,,WARD,AR,7217G,,,,,,,,1922
A105340,KAREN,LEE,WILLEY,15505,HIGHWAY 31,,,,WARD,AR,72176,,,,,,,,19220825
A105621,K WILEY,,,15505,HIGHWAY31,,,,WARD,AR,,,,,,,,110-88-9110,
A103315,Karen,,WILEY,1550S,HIGHWAY 31,,,,WARD,AR,72176,,,,,,,,1922/08/25
A101994,LORI,R.,DOMINGUEZ,799,LAMBERT,RD.,,,Bismarck,ar,71929,PO BOX,79041,48,BISMARCK,AR,71929,119-44-4686,19780718
A105653,LORIE,,DOMINGUEZ,799,LAMBRRT,RD,,,BISMARCK,AR,71929,POBOX,79041,,BISMARCK,AR,7192Q,119444686,1978/07/18
A100550,L DOMINGUEZ,,,799,LAMBERT RD,,,,Bismarck,AR,71929,,,,,,,,
A102861,JAMES,W,MARTIN,9404,HOLDER,ST,,,cypress,CA,90630,PO BOX,5436,157,CYPRESS,CA,90630,,19760802
A104370,J. Martin,,,9404,HOLDER ST,,,,CYPRESS,CA,9063Q,POBOX,5436,,CYPRESS,CA,90630,119-46-1475,
A106485,JAMES W.,,MARTIN,9404,HOLDER,ST.,,,CYPRESS,CA,90630,PO BOX,5436,157,CYPRESS,ca,90630,119-46-1475,1976-08-02
A100583,James,W,MARTEN,9044,HOLDER,ST,,,CYPRESS,CA,90630,PO BOX,5436,157,CYPRESS,CA,90630,119-46-1475,19760802
A104940,JAMES W,,MARTIN,9404,Holder,ST,,,cypress,ca,90630,,,,,,,119461475,1976
A106527,JAMES,W,MARTIN,2904,SPALDING,AVE,,,FRESNO,CA,93703,,,,,,,119-46-1475,19760802
A104346,J. Martin,,,2904,SPALDNG,AVE.,,,Fresno,CA,9370S,,,,,,,119461475,1976-08-02
A106413,JAMES W.,,MARTIN,2094,SPALDING,AVE,,,Fresno,CA,93703,,,,,,,119-46-1475,
A102293,James,W,MARTEN,2904,SPALDING,AV,,,Fresno,CA,93703,,,,,,,,19760802
A103835,JAMES,,MARTIN,2904,SPALDING AVE,,,,FRESNO,CA,93703,,,,,,,119-46-1475,1976
A106996,LORI,RAFAEL,MARTIN,39798,BRANDY,LN,,,MURRIETA,CA,92563,,,,,,,119-44-4686,19780718
A100040,LORI R MARTIN,,,39798,BRNDY,LN,,,Murrieta,CA,9256S,,,,,,,,1978-07-18
A103658,L. Martin,,,39798,BRANDY LANE,,,,MURRIETA,CA,92563,,,,,,,119444686,
A101646,LORI,RAFAEL,MARTYN,39798,BRANDY,LN,,,MurrieTa,CA,92563,,,,,,,119-44-4686,19780718
A106685,LORI R.,,MARTIN,39798,BRANDY,LN.,,,Murrieta,CA,92563,,,,,,,119-44-4686,1978/07/18
A105427,LORI,RAFAEL,MARTIN,39798,BRANDY,LN,,,MURRIETA,CA,92563-,,,,,,,,197807
A103358,B.,,GARCIA,39798,BRANDY,LN,,,MURRIETA,CA,92563,,,,,,,119-46-1475,19760802
A105659,James W Martin,,,39798,BRNDY,LN.,,,Murrieta,CA,92563,,,,,,,119-46-1475,
A107045,J. MARTIN,,,39798,BRANDY,,,,Murrieta,CA,92563,,,,,,,119461475,1976-08-02
A101264,JAMES,W.,MARTYN,39798,BRANDY,LN,,,murrietA,CA,92563,,,,,,,119-46-1475,19760802
A106414,JAMES,,MARTIN,39798,BRANDY LANE,,,,MURRIETA,CA,92563,,,,,,,,1976
A102844,James,W,MARTIN,39798-,BRANDY,LN,,,MURRIETA,CA,92563,,,,,,,,19760802
A102843,LORI,RAFAEL,MARTIN,544,BENWOOD,ST,,,COVINA,CA,91722,,,,,,,119-44-4686,19780718
A100407,Lori,Rafael,Martyn,544,BENWOOD ST,,,,Covina,CA,91722,,,,,,,,1978-07-18
A106365,L. MARTIN,,,544,BENWOOD,ST.,,,Covina,CA,91722,,,,,,,119-44-4686,
A101451,LORI RAFAEL,,MARTIN,544,BENWOOD,ST,,,COVINA,ca,91722-,,,,,,,,197807
A100852,JAMES,W,MARTIN,544,BENWOOD,ST,,,Covina,CA,91722,,,,,,,119-46-1475,19760802
A104597,J. W.,,Martin,544,Benw00d,Street,,,COVINA,CA,9172,,,,,,,119461475,1976-08-02
A100394,JAMES.,,MARTIN,544  ,BENWOOD ,ST,,,covina,CA,91722,,,,,,,119-46-1475,197608
A103488,JAMES,W.,MERTIN,54,BENWOOD,ST,,,"COVINA,",CA,9172A,,,,,,,119-46-1475,19760802
A106141,Jim,,Martin,544,Benwd,ST.,,,COVINA,CA,91722,,,,,,,,1976
A102402, JAMES,W,MARTIN,544,BENWOOD,,,,COV INA,CA,91722,,,,,,,119-46-1475,
A105721,MARTHA,DAVID,FRAUSTO,5730,COYOTE PASS,RD,,,SHINGLE SPRINGS,CA,95682,,,,,,,122-78-0288,19190217
A105194,MARTHA DAVID,,FRAUSTO.,573O ,COYOTE PASS,RD,,,"Shingle,Springs",CA,95682-,,,,,,,122780288,1919-02-17
A100773,MARHTA,DAVID,FRAUSTO,5730,CYOTE PASS,RD,,,SHINGLE SPRINGS,CA,9582,,,,,,,,19190217
A105944,M. DAVID,,FRAUS TO,5730,COYOTE PASS,,,,Shngle Springs,CA,95682,,,,,,,122-78-0288,
A102502,MARTHA,DAVID,FRAUSTO,6601,BLUE OAKS,BLVD,APT,702,ROCKLIN,CA,95765,,,,,,,122-78-0288,19190217
A103983,MARTHA D.,,FRAUSTO,6601,BlueOaks,Blvd,APT.,702,rocklin,CA,95765,,,,,,,122-78-0288,1919-02-17
A106155,MARTHA,DAVID.,FRAUSTO,66001,BLUEOAKS,BLV,APT,72,ROCKLN,CA,9576,,,,,,,122-78-0288,191902
A101518,M.,,FRAUSTO,6601,BLUE OAKS,,APT,702,ROCKLIN,CA,95765,,,,,,,,19190217
A105131,MARTHA,,FRAUSTO,6601,BLUE OAKS,BLVD,APT,,ROCKLIN,CA,95765,,,,,,,122-78-0288,
A104931,MARTHA,DAVID,FRAUSTO,2613,MEDINAH,CT,,,MODESTO,CA,95355,,,,,,,122-78-0288,19190217
A104922,Martha,David,Frausto,261 3,MEDINNAH,Ct.,,,"MODESTO,",CA,95355,,,,,,,122780288,1919-02-17
A104804,MARHTA,DAVID,FRAUSTO,2613,MEDINA,CT,,,MODESTO,CA,95355,,,,,,,122-78-0288,
A101144,M. DAVID,,FRAUSTO,2613,MEDINAH,,,,MODESTO,CA,9535,,,,,,,,19190217
A107144,MARTHA.,DAVID,FRAUSTO,2613,MEDINAH,Ct,,,Modesto ,CA,95355,,,,,,,1 22-78-0288,1919
A100298,"Casillas, Maria",M.,,2613,MEDINAH,CT,,,MODESTO,CA,,,,,,,,122-78-0288,19190217
A106027,JAMES,W,MARTIN,300,27TH,ST,,,CAPE CORAL,FL,33904,,,,,,,122-79-0303,19240715
A104720,James W.,,Martin,300,27th,St.,,,cape coral,FL,33904-,,,,,,,122790303,1924-07-15
A100047,J.,,MARTIN,300,27TH,,,,"CAPE,CORAL",FL,33904,,,,,,,,19240715
A107162,JAMES,W,MARTIN,30O,27TH,ST,,,CAPE CORAL,FL,339O4,,,,,,,122-79-0303,1924
A102197,JAMES,,MRTIN,300,27 TH,ST.,,,CAPECORAL,FL,33904,,,,,,,122-79-0303,19240715
A103527,Jim,,Martin,300,27th,St,,,Cape Coral,FL,33904,,,,,,,122-79-0303,
A106375,JAMES,W,MARTIN,8802,RIVERSIDE,ST,,,TAMARAC,FL,33321,,,,,,,122-79-0303,19240715
A104271,J Martin,,,882,RIVERSIDE,,,,TAMARAC,FL,33321,,,,,,,122790303,
A102992,James,W.,MARTIN,8802,RIVERS1DE,ST.,,,TAMARAC.,FL,3332l,,,,,,,122-79-0303,1924
A105786,MARTHA,DAVID,MARTIN,615,GRAMERCY,PL,APT,200,LOS ANGELES,CA,90005,PO BOX,503,881605,LOS ANGELES,CA,90009,122-78-0288,19190217
A104793,Martha D.,,Martin,615,Gramercy,PL.,APT.,200,"los,angeles",CA,90005,P O BOX, 503,881605 ,Los Angeles,CA,90009 ,122780288,1919-02-17
A104805,MARTHA,DAVID,MARTN,615,GRAMER CY,PL,APT,2002,LOS ANGELES,CA,90005,POB0X,503,881605,LOS ANGELES,CA,90009,122-78-0288,191902
A102268,MICHAEL,A,WOOTEN,615,GRAMERCY,,APT,200,LO5 ANGELES,CA,90005,,,,,,,122-78-0288,19190217
A104160,RICHARD,,MURPHY, 615 ,GRAMERCY,PL,APT,,LOS ANGELES,CA,90005,PO BOX,503,881605,LOS ANGELES,CA,90009,122-78-0288,
A103910,Marhta,David,Martin,615,Grammercy,PL,APT,200,Los Angeles,CA,9005,PO BOX,5O3,881605,Los Angeles,CA,90009,,19190217
A101218,JAMES,W,MARTIN,615,GRAMERCY,PL,APT,200,LOS ANGELES,CA,90005,PO BOX,503,881605,LOS ANGELES,CA,90009,122-79-0303,19240715
A103160,James,W.,Martin,615 ,Gramercy,PL,Apt,200,"los,angeles",CA,90005,P.O. BOX,503,881605,Los Angeles,CA,90009,122790303,1924-07-15
A105142,Whitny,CL.,GRAHM,615,GRAMERCY,,APT,20O,LOS ANGELES,CA,90005,PO BOX,503 ,881605,LOS ANGELES,CA,90009,122-79-0303,
A105274,Jim,,Martin,615,Gramercy,PL,APT,200,Los Angeles,CA,90005,,,,,,,122-79-0303,19240715
A105298,JAMES,,MARTIN,615,GRAMERCY,PL,APT,,LOS ANGELES,CA,9005,PO BOX,503,881605,LOS ANGELES,CA,90009,,19240715
A105196,PATRICIA,,PIRONE,13326,COLOGNE,DR,,,HOUSTON,TX,77065,PO BOX,4857,280034,HOUSTON,TX,77228,126-94-9788,19131116
A101922,Patricia,,Pirone,13326,COLOGNE,Dr.,,,houston,TX,77065,P.O.BOX,4857,280034,Houston,TX,77228,126949788,1913-11-16
A105804,KENNETH,,THOMAS,13326,COLOGNA,DR,,,HOUSTON,TX,77065-,PO BX,4857 , 280034,"HOUSTON,",TX,77228-,126-94-9788,
A101417,PATRICIA,,PIRONE,13326,COLOGNE,DR,,,HOUSTON,TX,7765,P0 BOX,4857,280034,HOUSTON,TX,77228,,19131116
A104651,Pat,,Pirone,13326,COLONGE,DR,,,Houston,TX,77065,PO BOX,4857,280034,Houston,TX,77228,126-94-9788,1913
A106122,PATRICIA,,PIRONE,13326,COLOGNE,,,,HOUSTON,TX,77065,,,,,,,126-94-9788,19131116
A101279,JAMES,,FLORES,11824,SHOSHONE,AVE,,,GRANADA HILLS,CA,91344,PO BOX,56879,33821,GRANADA HILLS,CA,91394,126-95-0823,19110219
A103421,J. Flores,,,11824,SHOSHONE,AVE.,,,"Granada,Hills",CA,91344,P O BOX,56879,33821,Granada Hills,CA,91394,126950823,1911-02-19
A105636,James ,,Flores,11824,SHOSHONEE,AVE,,,GRANADA HILLS,CA,9134,PO BOX,56879,33821,GRANADA HILLS,CA,91394,,19110219
A102319,JAMES,,FLOREZ,11824,SHOSHONE,AVE,,,GRANADA HILLS,CA,91344,,,,,,,126-95-0823,
A100331,PATRICIA,,FLORES,8824,RAMSGATE,AVE,,,WESTCHESTER,CA,90045,,,,,,,126-94-9788,19131116
A105473,Maribel,DANYELE,PEREZ,8824,RAMSGATE,Ave,,,Westchester,CA,90045 ,,,,,,,126949788,1913-11-16
A104770,P.,,FLORES,882,RAMSGATE,AVE,,,WESTCHESTER,CA,9004,,,,,,,,19131116
A105711,RANDY,,CRILLY,8824,RAMSGATE,AVE.,,,"WESTCHESTER,",CA,90045,,,,,,,126-94-9788,
A105622,Pat,,Flores,8824,RAMSGATE,,,,WESTCHESTER,CA,90045,,,,,,,126-94-9788,1913
A104895,PATRICIA,,FLORES,8824,RAMSGATEE,AVE,,,WESTCH STR,CA,90045,,,,,,,126-94-9788,19131116
A101504,JAMES,,FLORES,8824,RAMSGATE,AVE,,,WESTCHESTER,CA,90045,,,,,,,126-95-0823,19110219
A102134,James,,Flores,8824,RAMSGATE,Ave.,,,westchester,CA,90045,,,,,,,126950823,1911-02-19
A102599,J,,FLORES,882,RAMSGATE,AVE,,,WESTCHESTER,CA,9004,,,,,,,,19110219
A107208,JAMES,,FLORESP,8824,RAMSGATE,,,,WESTCHESTER,CA,90045,,,,,,,126-95-0823,
A101870,Patrica,Flores,Pirone,1941,Maverik,Dr.,,,Plumas Lake,CA,95961,,,,,,,126949788,1913-11-16
A106583,P. F.,,Pirone,1941,Maverick,DR,,,plumas lake,CA,95961-,,,,,,,126-94-97 88,11/16/13
A100951,Patricia,F,PIR0NE,194 1,Maverick,,,,PlumasLake,CA,9596I,,,,,,,,19131116
A106890,JAMES,,FLOR3S,525,La Fayette Pk,PL,Apt.,213,"Los,Angeles",CA,90057,POBX,503,881605,LOS ANGELES,CA,90009,126950823,1911-02-19
A105385,Jas.,,Flores,525,LAFAYETTE PK,,APT,213,los angeles,CA,90057,P O BOX, 503 , ,Los Angeles,CA,90009,126-95-0823,02-1911
A102255,James ,,Florez,525,la fayett park,Pl,Apt,213,LosAngeles,CA,9OO57,"po,bo",503,881605,LOS ANGELES,CA,,126-95-08 23,
A101958,JAMES,,FLOR ES,52 5,LAFAYETTE PARK,PL,APT,213,LOS ANGELES,CA,90057,,,,,,,126-95-0823,19110219
A102868,James,,FLORES,525,LaFayette Park,Pl.,APT,,LOS ANGELES,CA, 90057,PO BOX,,881605,LOS ANGELES,CA,90009,126-95-823,1911/02/19
A104494,Jim,,Flores,525,Lafayette prk,,,213,LOSANGELES,,90057,POBOX,503,,,CA,90009A,126-95-0823,191102
A105924,Ruthy,A.,Gutierrez,8003,Mabelvale,PIKE,,,Little rock,AR,72209,POBOX,2506 , 165891,LITTLEROCK,AR,72216,141-39-5351,1931-02-28
A102577,Roberta Otto,,Schneller,8003,Mabelvale,PIKE,,,"LITTLE,ROCK",AR,72209,PO BOX,2506,165891,Little Rock,,72216,141395351,19310228
A103464,RUTHIE,ANN,GUTIERREZ,8OO3,MABELVALE,,,,LittleRock,AR,722O9,PO BOX,2506,165891,,AR,,,
A104644,D.,,PEREZ,1 9 2 4,Mountain Springs,Rd,,,CABOT,ar,72023,,,,,,,141-39-5351,19310228
A101561,RUTH A,,GUTIERREZ,1924,MTN SPRINGS,,,,Cabot,AR,72023-,,,,,,,141395351,1931-02-28
A104766,RUTH,A,GUTERREZ,1924,MOUNTAIN SPRNGS,RD.,,,CAB0T,AR,72023,,,,,,,,
A105693,Ruthie,A,Gutierrez,722,Highway 278,,,,Camden,AR,71701,PO BOX,31687,1107,CAMDEN,AR,71711 ,141-39-5351,19310228
A100693,R. A.,,Gutierrez,722,Hwy 278,,,,camden,ar,71701,POBX,31687,1107,Camden,AR,71711,141395351,1931-02-28
A106931,Ruthie,,Guitierrez, 722 ,Highway278,,,,Camden,A R,717O1,PO BOX, 31687,1107,CAMDEN,AR,7171 1,,
A104163,GEORGE,,HERNANDEZ,722,HWY278,,,,CAMDEN,AR,71701,P O BOX,,,,,,141-39-5351,19310228
A105159,Ruthy,Ann,Gutierrez,722,Highway 278,,APT, ,CAMDEN,AR,71701,P O BOX,31687,1107,CAMDEN,AR,,14139535,1931/02/28
A101306,R.A.,,GUTIERRES,722-,Hwy 278,,,,CAMDEN,AR,71701,POBOX,31687,1107,CAMDEN,AR,71711,141-395-351,28-02-1931
A106473,JAMES,,FLOREZ,202,BEAUDELAIRE,DR,,,WEATHERFORD,TX,76087,P0 BOX,75882 ,1473,Weatherford,TX,76086,141-42-4461,09-23-1938
A104920,Deborah,,Williams,202,BEAUDELAIRE,Dr.,,,weatherford,tx,76087,POBOX,,1473,WEATHERFORD,TX,,141424461,19380923
A104412,J. FLORES,,,202,Beaudelaire,,,,WEATHERFORD,TX,7608 7,PO BOX,75882,,WEATHERFORD,,76086,,1938-09
A105512,JAMES,,FLORES, 202,BEAUDELAIRE,DR,,,WEATHERFORD,TX,76087,,,,,,,141-42-4461,
A107265,Ruthie,A,Flores,1452,MYRTLE,AVE,,,"LIVE,OAK",FL,32064,,,,,,,141-39-5351,19310228
A106941,Ruth,,Flores-Gutierrez,1452,Myrtle,Av.,,,LIVE OAK,FL,32064,PO BOX,,,,,,141395351,1931-02-28
A104355,TIFFANY L.,,STRICKLAND, 1452 ,MYRTLE,AVE,,,LIVE OAK,,32064-,,,,,,,,1931/02/28
A105567,Ruthie,,Flores,1452,MYRTLE,,Unit,,Live Oak,FL,32064A,,,,,,,141-39-5351,193102
A101185,Ruthy,A,FLORES,O1452,MYRTLE,AVE.,,,LIVE OAK,FL,32064,,,,,,,,
A101418,Pamla,,HERNANDEZ, 1452,MYRTLE,AVE,,,LIVE OAK,FL,32064,,,,,,,14139-5351,1931-02-28
A107233,James,,Flores,1452,MYRTLE,AVE.,,,LIVE OAK,FL,32064,,,,,,,141-42-4461,19380923
A105350,Jm.,,FLOREZ,1452,MYRTLE,AVE,,,live oak,FL,32064,PO BOX,,,,,,141-42-4461,
A106017,James,,Flores, 1452 ,Myrtle,Ave,,,LIVE OAK,,32064,,,,,,,141424461,9/23/38
A103271,J.,,Flores,1452,MYRTLE,AVE,,,LIVE OAK,FL,32064 ,,,,,,,141-42-4461,1938-09-23
A104975,Ruthie,Flores,Gutierrez,6344,138th,PATH,,,Miami,FL,33183,PO BOX, 731,430115,MIAMI,FL,33243,141-39-5351,19310228
A101892,R FLORES,,Gutierrez,6344,138TH,path,,,miami,Fl,33183,POBX,731,430115,,,,,
A101161,Ruthy,Flores,Gutierrez,6344,138h,,,,MIAMI,FL,331 83,PO BOX,731,430115,MIAMI,FL,33243,141395351,1931-02-28
A104831,Ruthie,Flores,Gutierrez,4121,Sunny G Drivelen,,,,Lakeland,FL,33813,PO BOX,13901,2728,LAKELAND,FL,33806,141-39-5351,19310228
A106348,R. F.,,Gutierrez,412 1,SunnyG Drivelen,,,,lakeland,fl,33813,pobox, 13901,2728 ,LAKELAND,,338O6,,
A100076,Ruthie,F.,Gutierrez,4121,SUNNY G DRIVELEN,,,,Lakeland,FL,33813,"PO,BOX",13901,,LAKELAND,FL,,141395351,1931-02-28
A104559,MARIO C.,,SCHERER,4121,Sunny G Driveln,,,,LAKELAND,FL,33813,,13901,2728,Lakeland,F L,33806,,
A104087,R.F.G.,,,4121,Sunny G Drive Ln,,,,Lakeland,,3381 3,PO BOX,,,Lakeland,FL,33806,141-39-5351,1931/02/28
A100146,Ruthie,FLORES,Gutierrez,1551,Flagler,DR,APT,1209,West Palm Beach,FL,33401,PO BOX,44375,19053,WEST PALM BEACH,FL,33416,141-39-5351,19310228
A100895,R. F.,,Gutierrez,1551,FLAGLER,DR,apartment,1209,W.Palm Beach,Fl,33401,POBX,44375,19053,,,,141395351,
A100987,Ruthie F.,,GUTERREZ,155 1,Flagler,DR.,,,West Palm Beach,FL,334O1,,44375,19053,WEST PALM BEACH,FL,33416,141-39-5351,1931-02-28
A106835,Ruthy,Flores,Gutierrez,1551,Flagler,,APT,1209,WESTPALMBEACH,FL,33401,"po,box",44375,,West Palm Beach,FL,,,
A102261,R.F.G.,,,1551,Flagler Dr.,,,,West Palm Beach,FL,33401,PO BOX,,19053,WEST PALM BEACH,FL,33416A,141-39-5351,19310228
A104469,Ruth A,,Gutierrez,1551,Flaglr,DR,APT,1029,West Palm Beach,FL,33401,PO BOX,44375,19053,WEST PALM BEACH,FL,33416,,193102
A106980,JAMES,,Flores,331,Lake Sue,Ave,,,WINTER PARK,FL,32789,,,,,,,141-42-4461,19380923
A102426,J. Flores,,,331,Lake sue,AVE,,,"WINTER,PARK",FL,32789,,,,,,,141-42-4461,09/23/1938
A102955,JAMES,,FLOR ES,331,LAKE SUE,Ave.,,,Winter Park,FL,3278 9,,,,WINTER PARK,FL,32789,141-424-461,1938-09-23
A102663,James,,Flores, 331 ,Lake Sue,,,,WINTERPARK,FL,32789,,,,,,,,
A105890,James,,Flores,331,Lake Sue,AVE,,,WINTER PARK,,32789A,,,,,,,141-42-4461,19380923
A102791,JAMES,,FLORES,1017,AVON,RD,,,WEST PALM BEACH,FL,33401,PO BOX,44375,19053,"WEST,PALM,BEACH",FL,33416,141-42-4461,1938-09-23
A104521,james,,Flores ,1017,Avon,Rd.,,,West Palm Bch,fl,33401,PO box,44375,19053,west p bch,FL,33416-,141424461,09/23/1938
A102721,J. ,,florrs,1017,AV0N,RD,,,WESTPALMBEACH,FL,33401,"po,bo",44437,19053,W.P.BEACH,FL,3341G,141-42 4461,1938
A105355,Jim,,FLORRES,1017 ,AVON,,,,WEST PALMBEACH,FL,334O1,,,,,,,14142446,
A106123,JAMES,,FLORES,3028,CALDER,DR,,,JACKSONVILLE BEACH,FL,32250,,,,,,,141-42-4461,19380923
A103443,J. FLORES,,,3028,CALDER,DR,APT,2,Jax Bch,Fl,3225O,,,,,,,141-42-4461,1938-09
A104265,james,,Floores, 3028 ,Callder,Dr,,,"Jacksonvlle, Beach",FL,32250,,,,,,, ,19380923
A104548,JAMES,,FLORES,3028,CALDER,DR,,,JACKSONVILLE BEACH,FL,32250,PO box,44375,19053,"Jacksonville,Beach",FL,32251,,
A105925,ROBERT,,Perez,3028,CALDER,,,,JACKSONVLE BEACH,FL,3225,,,,,,,141 42 4461,1938/09/23
A105249,JIM,,FLORIS,3028,CALDER,DR.,,,JACKSONVILLE BCH,FLA,32250-,,,,,,,141-42-4146,09-23-1938
A102192,CAROL,,NGUYEN,127,OUACHITA 476,,,,CAMDEN,AR,71701,PO BOX,31687,1107,CAMDEN,AR,71711,163-19-0553,19360424
A106091,C. NGUYEN,,,127,OUACHIT476A,,,,Camdn,Ar,717O1,P O BOX,316789,1107,Camden,AR,71111,163-19-,1936
A100551,carol,,Nguyen , 127,Ouacchita 476,,,,CAMDEN,ar,71701,po box,31687,,,ar,,163190553,04/24/1936
A104301,KAROL,,NGUYEN,127,OUACHITA476,,APT,17,CAMDEN,AR,71701,,,,,,,163-19-0553,
A100121,C. N.,,,127,OUACHITA 476,,,,Camden,AR,71701,PO BX,32687,1107,CAMDEN,AR,71712,,1936042
A106325,CAROL,,NGUYEN,1313,HARELL ELLEN,,,,EL DORADO,AR,71730,PO BOX,7578,11291,EL DORADO,AR,71730,163-19-0553,19360424
A103182,carol,,Nguyen, 1313 ,Harrel Ellen,,,,el dorado,Ar,7173O,po boX,7578 ,11291x,Eldorado,AR,71730,163-19-0553,1936-04-24
A101835,Cecilia,,Gomez,1313,"HARELL,ELLEN",,,,ELDORADO,AR,71730,P.O.BOX, 7578,1129,"EL,DORADO",AR,7173O,163190553,
A100161,C NGUYEN,,,13131,HARELL ELLEN,,UNIT,B,El Dorado,AR,71731,,,,,,,,1936042
A106100,KAROL,,NGUYN,1313,HARELL ELLEN,,,,E L D O R A D O,AR,71730,POBOX,7578,11291,,AR,71730,163-19-0535,19360424
A103648,JAMES,,GONZALEZ,1202,B,ST,,,BARLING,AR,72923,,,,,,,163-19-7108,19391216
A102550,James,,gonazalez,1202,B,street,,,barling ,ar,72923,,,,,,,163197108,1939/12/16
A104275,J.,,Gonzalez,1202,B ST,,,,Bärling,AR,72923,,,,,,,163-19-7018,1939-12
A100650,Jim,,Gonzales, 1202,B,ST.,,,BARLING,AR,7292,,,,,,,,19391216
A105152,JAMES,,GONZALEZ,1202 ,B,,APT,B,BARLING,ARK,72923,,,,,,,163 19 7108,
A104930,J. GONZALEZ,,,1202,B,ST,,,Barling,AR,72923,,,,,,,163-19-7108,1939121
A101282,JAMES,,GONZALEZ,8320,PLEASANT VALLEY,RD,,,DECATUR,AR,72722,,,,,,,163-19-7108,19391216
A104220,JAMES,,Gonzalez ,832O,PLEASANT VALL3Y,RD,APT,8,Decatur,AR,72722,,,,,,,163-19-7108,1939/12/16
A105185,ROBERT,,LAXTON, 8320 ,PLEASENT VALLEY,,,,"Decatur,AR",AR,7272,,,,,,,,19391216
A105520,J. GONZALEZ,,,8320,PLEASANT VALLEY RD,,,,Decatur,AR,72722,,,,,,,163197108,
A105346,Jim,,GONZALES,8320,PLEASANTVALLEY,,,,DECATUR,ark,72722-,,,,,,,163-19-1078,1939-12
A106069,CAROL,,GONZALEZ,3317,MIER,ST,,,LAREDO,TX,78043,,,,,,,163-19-0553,19360424
A101952,car0l,,GONZALZ,3317 ,MIER,,,,LAREDO,Tc,78043,,,,,,,163-19-0553,1936-04-24
A101609,C. GONZALEZ,,,3317,"MIER,ST",,,,LAREDO,TX,78043,,,,,,,,19360424
A100713,Carla,,GONZALEZ,3317,MIERS,ST,APT,17,LAREDO,TX,78043,,,,,,,163190553,1936042
A104489,C GONZALEZ,,,3317,MIER,ST,,,LAREDO TX,TX,78043-,,,,,,,163-19-0553,
A101031,C. G.,,,3317,MIE R,,,,LAREDO,TX,78O43,,,,,,,163-19-0553,1936
A103689,JAMES,,GONZALEZ,3317,MIER,ST,,,LAREDO,TX,78043,,,,,,,163-19-7108,19391216
A107100,James,,gonzalez , 3317,MIERS,ST,,,laredo,Tx ,78043,,,,,,,163-19-7108,1939/12/16
A103486,J. GONZALEZ,,,3317,"MIER,ST",,UNIT,G,LAREDO,TX,78043-,,,,,,,,1939121
A106477,Jim,,Gonzales,3317,MIER,ST,,,"LAREDO,TX",TX,78043,,,,,,,163197108,1939-12
A105791,J.,,Gonzalez,3317,MIER,,,,LAREDO,TX,7804,,,,,,,163-19-7108,
A100749,CAROL,,GONZALEZ,3129,PUEBLO,TRL,,,FORT WORTH,TX,76135,PO BOX,4102,79373,FORT WORTH,TX,76179,163-19-0553,19360424
A106163,carol,,Gonzalez,3129,Pueblo,Trl,,,Ft Worth,Tx ,7613S,P0 Box,4102,79373,ft.worth,TX,76179-,163190553,04/24/1936
A105056,C. GONZALEZ,,,3129,PUEBLOTRL,,,,"FORT,WORTH",TX,76135,PO BOX,4102,,FortWorth,TX,76179,,1936042
A100699,JAMES,,GONZALEZ,3129,PUEBLO,TRL,,,FORT WORTH,TX,76135,PO BOX,4102,79373,FORT WORTH,TX,76179,163-19-7108,19391216
A102185,Jim,,GONZALES,3129,Pueblo,Trl,APT,3,Fort Worth,TX,76135-,P.O.BOX,4102,79373,FtWorth,TX,76179,163197108,1939-12-16
A101649,JAMES,,GONZALEZ, 3129 ,PUEBLOTRL,,,,FORT WORTH,tx ,76135,PO BOX,4102 ,7937,"FORT, WORTH",TX,7617O,163-19-7108,1939/12
A101471,J. GONZALEZ,,,3129,PUEBLO,TRL,UNIT,4B,Ft. Worth,TX,76135,POBOX,4102,79373,FORTWORTH,TX,76179-,163-91-7108,19391216
A100419,JAMES,,GONZALEZ,3129,PUEBLO,TRL,,,FORTWORTH,TX,76135,POBX,4102,79373,,,,,1939121
A100891,JAMWS,,GON2ALEZ,31291,PUEBLO,TRL,,,F0RT WORTH,TX,76136,PO BOX,4102,79373,FORT WORTH,TX,76179,163-19-1708,1939-12-16
A102621,CAROL,,GONZALEZ,1015,34TH,ST,,,WACO,TX,76710,,,,,,,163-19-0553,19360424
A106125,carol,,Gonzalez , 1015,34th,St.,,,waco ,tx,7671O,,,,,,,163190553,1936-04-24
A104293,C. GONZALEZ,,,1015,34 TH,ST,,,"WACO,TX",TX,76710,,,,,,,,1936042
A106261,JAMES,,GONZALEZ,1015,34TH,ST,,,WACO,TX,76710,,,,,,,163-19-7108,19391216
A100781,james,,Gonzales,1015,34th,Street,,,"waco,tx",TX ,7671O,,,,,,,163-19-1708,12/16/1939
A100402,J. GONZALEZ,,,1015,34THST,,APT,K,WACO,TX,7671,,,,,,,,193912
A107235,Laura,,Bryan,1945,piner,Rd.,space,#94,"Santa, Rosa",CA,95403,PO BOX,P O BOX 512,15031,Santa Rosa,Ca,95402,166313770,1913-02-10
A104425,L BRYAN,,Bryan,1945,Piner,RD,SPC,94,SANTA ROSA,CA,94503,POBOX,512,15031,SANTA ROSA,CA,94502,166 31 3770,19130210
A103913,THERESA,,VASQUEZ,1945 ,Piner,Rd,,,SantA Rosa,CA,95403,po box,512,,Santa Rosa,,95402,166313770,1913/02/10
A105491,laura.,,Bryon,1945,Piner,rD,spc,94,santa rosa,CA,9543,PO BOX,512,15031,santa rosa,CA,954O2,16631377O,19130210
A100612,L.BRYAN,,BRYAN,1945,PINER,,,94,SANTA ROSA,CA,95403,PO BOX,,,,,,,19130210
A100783,Laura,,Brian,237l,Pauline,DR,,,San Jose,CA,95124,POBOX,1820,640083,San Hose,CA,95164,166-313770,1913-02-10
A101283,L Bryan,,Bryan,2371,Pauline,Dr.,,,San Jose,ca,9512,PO BOX,P O BOX 1820,,San Jose,CA,95164A,166 31 3770,
A105655,Laura,,Bryan,2371,PAULlNE,DR,,,SAN JOSE,CA,95124,P0BOX,1820,64008B,SAN JOSE,,9516A,166-31-377,1913/02/10
A106977,laura,,BRYAN,2371,pAULINE,,,,"San,Jose",CA,95124,PO BOX,,640083,,CA,95164,166313770,19130210
A103161,james,,gonzales,2152,stanford,AVE,apartment,111,clovis,cA,93611,POBOX,8909,1496,Clovis,,93613,166322786,1917-07-07
A101705,J GONZALEZ,,GONZALEZ,2152,Stanford,Ave,APT,111,clovis,CA,93611,PO BOX,P O BOX 8909,1496,clovis,CA,93613,166-32-2786,
A100416,Jim,,Gonzalez,2152,Stanford,AVE,,,Clovis,CA,9361,,,,,,,166-322786,19170707
A103418,James ,,Gonzalez,1147,CLeghom,dr,,,Diamond.Bar,CA,91765,,,,,,,16632 2786,1917-07-07
A101872,ROBERT,,Diz,1147,Cleghorn,,,,Diamond Bar,CA,9176S,,,,,,,166-322786,19170707
A105831,james,,gonzalez,II47,CLEGHORN,DR,,,diamond bar,CA,91765,,,,,,,166-32-2786,
A104824,James,,Gonzalez,10772,Avenida Roberta,,,,Spring Valley,CA,91978,,,,,,,166-32-2786,1917/07/07
A100510,james,,gonalez,10772,Avda. Roberta,,,,spring-valley,CA,9197,,,,,,,166322786,19170707
A105059,J GONZALEZ,,GONZALEZ,10772,Avenida Roberta,,,,SPRING VALLEY,CA,91978,,,,,,,,19170707
A104739,Laura,,Gonzales,8417,Armenia,AVE,,505,Tampa,FL,33604,PO BOX,1885,76972,TAMPA,FL,33675,166-31-3770,1913-02-10
A106491,L. GONZALEZ,,GONZALEZ,8417,Armenia,Ave.,apt,505,tampa,Fl,336O4,P.O. BOX,1885,,tampa,,33675,166313770,19130210
A104667,LAURA,,GONZALEZ,8417,ARMENIA,AVE,APT,505,TAMPA,FL,33604,POBOX,PO BOX 1885,76972,TAMPA,FL,33675,166-313770,1913/02/10
A102595,Laurah,,GONZALEZ,8417,Armenia,Ave.,,505,Tampa,FL,33604,POBOX,1885 ,76972,Tampa,Fl,33675A,16631-3770,
A107117,James,,Gonzalez,8417,Armenia,Ave.,,505,Tampa,FL,33604,P O BOX,1885,76972,Tampa,FL,33675,166-32-2786,1917-07-07
A105032,J GONZALEZ,,GONZALEZ,8417,ARMENIA,AVE,APT,505,TAMPA,FL,33604,PO BOX,PO BOX 1885,,TAMPA,FL,33675,166322786,
A106947,Jamie,,Gonzalez,8417,Armenia,AVE,,505,Tampa,FL,33604,PO BOX,1885,76972,Tampa,FL,33675,1663-22786,19170707
A104193,james,,gonza1ez,8417,Armenia,Ave,,,Tampa,FL,33604A,POBOX,1885,76972,TAMPA,FL,,,1917/07/07
A103593,L GONZALEZ,,GONZALEZ,5131,Dancing Bay,Ln,,,"WESLEY,CHAPEL",FL,33543,,,,,,,166-31-3770,19130210
A102132,laura,,gonazlez,S131,Dancing Bay,Ln,,,wesley chapel,FL,3354,,,,,,,166313770,
A102103,Laura Gonzalez,,GONZALEZ,5131,Dancing Bay,,,,Wesley Chapel,FL,33543,,,,,,,,1913-02-10
A105772,JAMES,,GONZALEZ,5131,DANCINGBAY,LN,,,WESLEY CHAPEL,FL,33543,,,,,,,166-32-2786,19170707
A106231,J GONZALEZ,,GONZALEZ,5131,Dancing Bay,Ln.,,,"WESLEY,CHAPEL",FL,33543,,,,,,,166322786,
A101258,James,,Gonzales,5131,Dancing Bay,Ln,,,Wesley Chapel,FL,33543,,,,,,,,1917-07-07
A102969,Jamie,,Gonzalez,5131,DancingBay,,,,Wesley Chapel,FL,33543A,,,,,,,16632 2786,
A102072,Laura,,Gonzalez,2760,HAMBLE VLLAGE,LN,,,Palm Harbor,FL,34684,PO BOX,9902,2214,Palm Harbor,FL,34682,166-31-3770,1913/02/10
A100211,L. GONZALEZ,,GONZALEZ,2760,Hamble Village,LN,,,PALM HARBOR,FL,34684A,POBOX,PO BOX 9902,,PALM HARBOR,FL,34682,166313770,19130210
A105877,Laurah,,GONZALEZ,2760,Hamble Village,,,,"Palm,Harbor",FL,34684,PO Box,,2214,,FL,,,1913-02-10
A106140,laura,,gonzalez,,HAMBLE VILLAGE,LN,,,palm harbor,FL,3468,,,,,,,,19130210
A102987,James,,Gonzalez,2760,Hamble Village,Ln.,,,"PALM,HARBOR",FL,34684,PO BOX,9902,,PALM HARBOR,,34682,166-32-2786,19170707
A103705,J GONZALEZ,,GOZALEZ,2760,HAMBLE VILLAE,LN,,,Palm Harbor,FL,34684A,POBOX,PO BOX 9902,,Palm Harbor,FL,34682,166322786,1917-07-07
A105645,Jim,,Gonzalez,2760,hamble village,LN,,,palm harbor,FL,34684,,,,,,,166 32 2786,
A105115,JAMES,,GONZALEZ,2760 ,HAMBLE VILLAGE,,,,PALM HARBOR,FL,3468,,,,,,,166-32-2786,1917/07/07
A105214,Anita,S.,Cook,14100,Islamorada,DR,,,orlando,FL,32837,,,,,,,180-63-5836,1930-06-06
A106877,A COOK,,COOK,l4100,islamorada,Dr.,,,Orlando,FL,3283,,,,,,,180 63 5836,19300606
A100023,Anitta,Scott,Cook,14100,Islamorada,DR,,,ORLANDO,FL,32837A,,,,,,,180635836,193006
A103715,Anita S Cook,,COOK,14100,ISLAMORADA,,,,Orlando,FL,32837,,,,,,,,1930/06/06
A101316,Anita,Scott,Cooke,14100,Islamorada,DR,,,ORLANDO,FL,32837,,,,,,,180-63-5835,19300606
A103012,Anita,,Cook,14100,isla morada,DR,,,orlando,FL,32837,,,,,,,180-63-5836,
A100689,Anita,Scott,cook,119,SHILO,Ave,,,lady lake,fl,32159,POBX,15148,1615,LADY LAKE,FL,32158,180635836,1930-06-06
A104130,A. S.,,Cook,119,Shiloh,ave.,,,"Lady,Lake",FL,32159,P O BOX,15148,,lady lake,fl,32158,180-63-5836,
A104173,anitA,S.,COOK,119,SHIL0H,AVE,,,lady lake,FL,3215,POBox,,,LADYLAKE,FL,32158-,,06/06/1930
A104501,James,Glenn,Haynie,1035,LowRy Ranch,Road,,,CORONA,CA,92881,,,,,,,180642314,1924
A103522,JIM,,HAYNIE,1035,LOWRY RANCH,rd.,,,corona,ca,9288I,,,,,,,180-64-2314,19240331
A105418,JAMES GLENN,,HAYNIE,1035,LOWRAY RANCH,RD,,,"CORONA,CA",,92881,,,,,,,,1924-03-31
A106862,J. GLENN,,Haynie,1035,Lowry Ranch,,,,CORONA,CA,92881-,,,,,,,180-64-2314,
A103872,kurt,,espinoza,4731,ArrowRdge,WAY,,,clovis,CA,93619,,,,,,,180642314,1924-03-31
A100886,Jim G.,,HAYNIE,4731,ARROWRIDGE,Wy,,,"CLOVIS,CA",,93619,,,,,,,,1931.03.24
A105096,JAMES,GLENN,HAYNIE,4731,ARROW RIDGe,WAY,,,clovis,CA,9361,,,,,,,,
A105712,J glenn,,Haynie,4731,Arrow Ridge,,,,clovis,ca,93619,,,,,,,180-64-2314,
A103743,JAMES,GLENN,HAYNIE,4731,ARROW RDG,WAY,,,CLOVIS,CA,93619,,,,,,,,03-31-1924
A103465,JAMES G.,,HAYNE,4731,Arrow Ridge,WY,,,clovis,CA,93619,,,,,,,,19240331
A101188,anita,s.,HAYNIE,3279,MT. DIABLO,Ct,APARTMENT,32,lafayette,CA,94549,Po Box,69808,354,lafayette,ca,94549,180-63-5836,19300606
A106963,Anita S.,,Haynie,3279,MT Diablo,CT,APT,32,Lafa yette,CA,94549,P0 BOX,69808,,,,,,1930-06
A104258,A. SCOTT,,HAYNIE,3279,mt diabolo,CT.,aprt,32,lafayette,CA,9459,PO BX,69808,354,lafayette,CA,94549,,
A101107,AnitA,Scott,Haynie,3279,MT DIABLO,Ct,,,lafayette,CA,94549,,,,,,,180635836,19300606
A102336,ANITA,,HAYNIE,3279,MT. DIABLO,CT,APT,,LAFAYETTE,CA,94549-,PO BOX,69808,,LAFAYETTE,CA,9454,,1930
A102845,DAVID,,GALBVEZ,3279,MT DIABLO,CT,APT.,32,lafayette,CA,94549,P.O.BOX,69808,354,lafayette,CA,94549,180642314,1924/03/31
A105301,James Glenn,,Haynie,3279,Mt Diablo,Ct,apt,32A,Lafayette,CA,94549,PO BOX,69808,354,Lafayette,CA,,,1924-03
A100420,J. GLENN,,HAYNIE,3279,Mt Diablo,,APT,32,Lafayette,CA,9454,PO BOX,,,,,,180-64-2314,
A106399,CLAUDIA,,LAXTON,3279,Mt Diablo,Ct,ap.,32,L FAYETTE,CA,94549,POBOX,69808,354,L.FAYETTE,CA,94549,,31-03-1924
A100350,Jim Glenn,,Haynle,3279,MT DIABLO,CT,APT,32,lafayette,CA,94549-,PO BOX,69808,354,LAFAYETTE,CA,94549,180-64-2314,
A104171,ANITA,SCOTT,HAYNIE,2418,EL TORO,CIRCLE,,,"HEMET,CA",,92545,,,,,,,180635836,06-06-1930
A100730,A. SCOTT,,HAYNIE,2418,EL TORO,CIR,,,HEMET,CA,9254S,,,,,,,,193006
A106387,Anita,Scott,haynie,2418,el toro,Cir,,,hemet,CA,92545,,,,,,,180-63-5836,19300606
A104356,ANITA SCOTT,,HAYNIE,2418,ElToro,CIR,,,Hem et,CA,9245,,,,,,,180-63-5836,
A105150,James,Glenn,haynie,2418,EL TORO,CIR,,,hemet,CA,92545,,,,,,,180-64-2314,19240331
A100243,JIM G.,,HAYNIE,2418,EL TORO,CiR.,,,HEMET,CA,9254,,,,,,,180-64-2314,
A102317,J. GLENN,,Haynie,2418,ElToro,CIR,,,"hemet,CA",,92545,,,,,,,,03/31/1924
A102431,anita,scott,haynie,1785,honors,Ln,,,corona,CA,92883,,,,,,,180635836,1930-06-06
A106266,A. Scott,,Haynie,1785,HONORS,,,,"Corona,CA",,92883,,,,,,,,19300606
A101939,ANITA,,HAYNIE,1785,HNORS,LN,,,CORONA,CA,9288,,,,,,,180-63-5836,
A104702,A. Ray,,,1785,HONORS,LN,,,corona,CA,92883,,,,,,,,1930
A100405,James,Glenn,HAYNIE,1785,honors,Ln,,,corona,ca,92883,,,,,,,180-64-2314,19240331
A102608,J. GLENN,,Haynie,1785,HONOS,LN,,,"Corona,CA",,92883,,,,,,,,3/31/1924
A105347,Jim Glenn,,HAYNIE,1785,HONORS,,,,corona,CA,92883,,,,,,,,03-31-1924
A102937,JAMES G.,,HAYNIE,1785,HONORS,Ln,,,CORONA,CA,9288,,,,,,,180642314,
A103419,JAMES,GL,HAYINE,1785,ONORS,LN,,,CORONA,CA,92883,,,,,,,,1924-03-31
A103704,JAMES,GLENN,HAYNIE,3134,LAKE PINE,Way,APT,A3,tarpon springs,FL,34688,pobox,33524,2184,tarpon springs,fl,34688,180-64-2314,19240331
A101346,J. GLENN,,HAYNIE,3134,Lakepine,,APT.,A3,"TarponSprings,FL",,34688-,P O BOX,33524,,,,,,1924-3-31
A102424,JAMES G.,,HAYNIE,3134,LAKE PINE,WAY,,,TARPON SPRINGS,FL,3468,,,,,,,,
A106739,JAMES,GLENN,HAYNIE,5306,ROSECREST,CR,,,TAMPA,FL,33617,POB,1885,76972,TAMPA,FL,33675,180-64-2314,3/31/1924
A102121,J. Glenn,,Haynie,5306,ROSECREST,CIR,,,"tampa,FL",,33617,PO BOX,1885,76972,,,,,1924-03-31
A106482,P. L. RUSSELL,,,5306,ROSECRESST,CIR.,,,TAMPA,FL,33617,Po.Box,1885,76972,TAMPA,FL,33675,180642314,
A103059,maria,j.,la monte,6041,shirley,Ave,,,carmichael,ca,95608,pobox,49361,2212,carmichael,ca,95609,197338749,1906-10-19
A101473,MARIA J.,,LAMONTE,6041,SHIRLEY,AVE,,,"CARMICHAEL,CA",,9608,P O BOX,49361,,,,,,19061019
A102860,M. J.,,LAMONTE,6041,Shirly,AVG,,,carmichael,CA,95608,"po,bo",49361,2212,carmichael,CA,95609,,10/19/1906
A104621,Maria,J,Lamonte,6041,SHIRLEY,Ave,,,Carmichael,CA,95608-,PO BOX,49361,2212,CARMICHAEL,CA,9560a,197-33-8749,
A102560,MARIA,J.,LAMONTE,6041,SHRILEY,AVE,,,CARMICHAEL,CA,95608,P. O. BOX,49316,2122,CA,CA,95609,,
A100894,Maria,J.,Lamonte,1833,noche buena,st.,,,seaside,CA,93955,,,,,,,197338749,1906-10-19
A104366,MARIA,,LAMONTE,1833,NOCHE BUENA,St,,,Seasid,CA,93955,,,,,,,197-33-874,
A105705,M. J.,,Lamonte,1833,noche buena,,,,"SEASIDE,",CA,9395,,,,,,,197-33-8749,19061019
A105747,MAria,Joan,Lamonte,18333,NOCHE BUENA,ST,,,Seaside,ca,93955,,,,,,,,190610
A103926,MARI. J,,LAMONTE,1833,NOCHE BUENA,STREET,,,SEASIDE,CA,93955-,,,,,,,197338749,19061019
A102506,M.J.,,Lamonte,1833,NOCHE BUENA,ST,,,SEASIDE,CA,93955,,,,,,,197-33-8749,
A104270,maria,j,la monte,1011 1,BEACG,ST,APT,9C1,"los,angeles",ca,90002-,POB,503,881605,Los Angeles,CA,90009,197338749,1906/10/19
A106895,MARY,,LAMONTE,10111,BEACH,St,#,,LOSANGELES,CA,90002,PO BOX,503,,,,90009,,19061019
A102835,M.J.,,LAMONTE,10111,BEACH,ST,#,9C-1,LOS ANGELES ,CA,9002,PO BOx,503,881605,Los Angels,CA,90009,197-33-8749,
A101382,MARIA,J.,LAMONTE,10111,BEACH,,#,9-C1,LOS ANGELES,CA,0002,POBOX,503,,L.A.,CA,90009,197338749,1906-10-19
A103069,Marla,,LAMONT,10111,BEACH,ST,#,9C-1,LOS ANGELES,CA,90002,,,,,,,197-33-874,19061019
A102107,M. J.,,laMonte,10111,beach,ST.,UNIT,9-C1,los angeles,CA,90002,PO BOXX,503,881605,los-angeles,CA,90009,197-33-8749,1906/10/19
A106654,James,G.,Haynie,1082,birchwood,DR,,,OrangePark,FL,32065,,,,,,,197350260,1900-01-01
A105188,J.,,HAYNIE,1082,BIRCHWOOD,DRIVE,,,"orange,park",FL,32065-,,,,,,,197-35-026,19000101
A103322,JAMES GLENN,,HAYNIE,1082,BIRCHWD,DR,,,ORANGE PARK,FL,32065,,,,,,,,1900/01
A105923,Jaymes,Glenn,Hanyie,1082,BIRCHWOOD,DR,,,ORANGE PARK,FL,32065,,,,,,,197-35-0260,
A101997,JAMES,,HAYNIE,597,GROVE,av,,,Port St. Lucie,FL,34983,,,,,,,197-35-0260,19000101
A105928,J. G.,,Haynie,597,GROVE,AVE,,,PORTSTLUCIE,FL,34983,,,,,,,,1900-01-01
A101192,JAMES,GLEN,HAYNIE,597,GROVE,AVE,,,PORT ST LUECIE,FL,34938,,,,,,,197-35-026,
A106186,James,Glenn,Haynie,7720,8th,St.,,,PembrokePines,FL,33024,,,,,,,197-35-0260,19000101
A100698,J.,,HAYNIE,772O,8TH,ST,,,PEMBROKE PINES,FL,33024,,,,,,,,1900/01/01
A106976,M,,McBean-Yee,7720,8th,STREET,,,PEMBROKE PINES,FL,3302,,,,,,,197-35-026,
A102700,JAM3S,GLENN,HAYNIE,7720,8th,ST,,,Pembrook Pines,FL,33024,,,,,,,197350260,
A107268,MARIA,,HEYNI,607,MAHAN,ST,,,RICHWOOD,TX,77531,,,,,,,197-33-8749,19061019
A101063,M. J.,,Haynie,607,Mahan,,,,RICHWOOD,TX,7731,,,,,,,197338749,
A104233,Mary,J.,HAYNIE,607,MAHAN,ST,,,RICHWD,TX,77531,,,,,,,,19061019
A100546,James,G.,HAINEY,607,MAHAN,ST,,,richwood,TX,77531,,,,,,,197-35-0260,19000101
A103387,Carla,,GONZALEZ,607,Mahan,ST,,,RICHWOOD,Tx,77531,,,,,,,,1900-01-01
A103546,JAMES,GLENN,HAYNIE,607,MAHAN,,,,RICHWOOD,TX,7753,,,,,,,197350260,
A102983,JAM3S G,,HAYNIE,607,MAHAN,ST,,,RICHWOOD,TX,77531,,,,,,,197-35-026,19000101
A103023,James Glenn,,Hayine,607,MAHAN,ST,,,"RICHWOOD,",TX,77531,,,,,,,,
A101464,Debra,C.,Casanova,29,Coholt,LN,,,dover,AR,72837,p o box,23435,492,Dovr,AR,72837,004124813,1953-04-21
A102688,James,,Chauncey,29,COHL0T,,,,DOVER,AR,7283a,PO BOX,23435,,,,72837,,1953042
A101808,D. C.,,CASANOVA,29 ,COHOLT,LN,,,DOVER,AR,72837,POBX,23435,492,DOVER,AR,72837,004-12-4813,
A103336,ORSLYNNE,B,GRANT,512,Elm,St,,,Lepanto,AR,72354,PO BOX,9132,689,Le panto,AR,72354,004124813,19530421
A100315,D.,,CASANOVA,512,ELM,,,,LEPANTO,AR,7235,POBOX,9132,,,,72354,,1953-04-21
A104212,DEBRA,,CASNOVA,512,ELM,ST,,,LEPAN TO,AR,72354,P0 BOX,9132,689,LEPANTO,AR,72354,004-12-48l3,
A105991,Jason,,Gonzales,5701,COWELS MOUNTAIN,BLVD,APT.,W56,LA MESA,CA,91942,po box,21396,3544,LA-MESA,CA,91944,004-12-5066,1955/02/26
A107150,J. Gonzalez,,,5701,COWLES MTN,BLVD,APT,W56,LAMESA,CA,9194z,,,,,,,004-12-506,19550226
A103053,Jason,,GONZALEZ,5701,COWLES MOUNTAIN BLVD,,APT,W5G,LA MESA,CA,91942,POBOX,21396,3544,LA MESA,CA,91944,,1955-02-26
A106245,Jason,,GONZALEZ,5701,Cowles Mtn.,Blvd,UNIT,W56,la mesa,CA,91942,PO BOX,21396,3544,LaMesa,CA,91944,004125066,
A103261,JASON,,GONZALEZ,7501,COWLES MOUNTAIN,BLVD,APT,W56,LA MESA,CA,91942,POBOX,21936,3544,LA MESA,CA,91944,004-12-5066,19550226
A106222,RICHARD,L,GONZALEEZ,1980,WINDWARD OAKS,,,,kissimmee,fl,34746,,,,,,,004-12-4813,1953-04-21
A105266,D.,,GONZALEZ,1980,WINDWARD OAKS,CT,,,KISSIMMEE,FL,3474,,,,,,,,195304
A105641,DEBRA,,GONZALES,1980,WINDWARD OAKS,CT,,,KISSIMEE,FL,34746,,,,,,,004-12-4813,
A106894,DEBRA,C,GONZALEZ,1980,WINDWARD OAKS,CT.,,,KISSIMME,FL,34746-,,,,,,,004124813,1953/04/21
A103751,Debra,,Gonzalez,1980 ,Windward Oaks,Ct,,,KISSIMMEE,FL,,,,,,,,004-12-4813,19530421
A103963,D. C.,,Gonzalez,1980,WNDWARD OAKS,CT,,,KISSIMME,FL,34746,,,,,,,,
A101576,Jason,,Gonsalez,1980,Windward Oaks,Ct,,,KISSIMMEE,FL,34746,,,,,,,,19550226
A103674,Bertha,,Martinez,198O,WINDWARD OAKS,CT,,,KISSIMMEE,FL,3474,,,,,,,004-12-506,
A100938,J. Gonzales,,,1980,WINDWARD OAKS,CT,,,KISSIMEE,FL,34746-,,,,,,,004125066,
A104869,Jason,,GONZALEZ,1980,WINDWARD OAK,CT.,,,KISSIMMEE,FL,34746,,,,,,,004-12-5066,1955/02/26
A101008,JASON,,GONZALEZ,1980,WNDWARD OAKS,CT,,,KISSIMME,FL,34746,,,,,,,004125066,19550226
A105262,Debra,C.,gonzalez,1913,broad,Street,,,Tampa,FL,33610,po box,1885,76972,Tampa,FL,33675,004124813,1953-04-21
A104095,DEBRA,C,CONZALEZ,19131,BR0AD,ST.,,,tamapa,Fl,3361O,P O BOX,1885,76972,TAMPA ,FL,3367S,004-12-4813,19530421
A106203,D.C.,,Gonzalez,1913,BROD,ST,,,Tampa,FL,,"po,bo",1885,,TAMPA,FL,,004-12-4813,
A105884,JASON,,GONZÁLEZ,1913,broad,st.,,,TAMPA,fl,33610,P0 BOX,1885,76972,Tampa,FL,33675,004125066,26-02-1955
A106118,Jayson,,GONZALEZ,1913,BR0AD,ST,,,TAMPA,FL,3361O,POBOX,1885,76972,tamapa,FL,33675,004-12-5066,1955
A102333,J,,GONZALEZ,1913,BROAD,,,,T A M P A,FL,33610,PO B0X,1885,76972,Tampa,FL,,004125066,
A104885,JASON,,GONZALEZ,191 3,broad,ST,,,Tampa,FL,33610,PO BOX,1885 ,,,FL,33675,,1955-02
A103411,JASON,,GONZALEZ,,broad,St,,,"Tampa, FL",FL,33610-75,,,,,,,004-12-5066,19550226
A102938,DEBRA,C,GONZALES,3412,CAPLAND,AVE,,,CLERMONT,FL,3471I,POBX,172,138083,CLERM0NT,FL,34713,004-12-4813,19530421
A101594,Debra C.,,GONZALEZ,3412,CAPLAND AVENUE,,,,Clermont,FL,34711,PO BOX,172,138083,clermont,FL,34713,004-124813,
A105546,D. C.,,Gonzalez,3412,CAPLAND,AVE,,,CLERMONT,FL ,3471,P O BOX,172,,"CLERMONT,FL",FL,34713,,53-04-21
A101399,Jason,,GONZALEZ,3412,caplan,Ave,,,clermont,FL,34711,po box,172,138083,Clermont,FL,34713,004125066,1955-02-26
A100944,JASON,,GONZALEZ,341 2,CAPLAND,AVE,,,CLERMONT,FL,347113,P O BOX ,172,,CLERMONT,FL,34713,,1955
A105155,L.,,SINGH,3412,CAPLAND,AVE.,,,clermont,FL,34T11,POBOX,172,138083,CLERMONT,FL,,004-12-5066,19550226
A102650,J.,,GONZALEZ,3412,Caplnd,AV,,,"Clermont,FL",FL,34711,PO BOX,172,138083,Clermont,,34713,004-12-5066,
A106202,JASON,,GONZALEZ,,CAPLAND AVE,,,,CLERMONT,FL,34711,PO BOX,,138083,,FL,34713,004-12-5066,19550226
A100666,JASON,,GONZALEZ,3412,CAPLAND,AVE,,,CLERMONT,Fla.,3471,PO BOX,,138083,,,,004-12-5066,19550226
A102804,TERESA,,ANANYA,163,COUNTY RD 396,,,,jonesboro,AR,72401,PO BOX,9508,085,JONESBORO,AR,72403,048944756,03/12/1953
A106723,Teressa,,ANANYA,163,C0UNTY ROAD 396,,,,Jones-boro,ar,72401,PO BOX,9508,,JONESBORO,ar,72403,048-94-4756,1953
A106802,T. Ananya,,ANANYA,163,COUNTY RD396,,,,J0NESBORO,AR,724O1,P O BOX,9508,85,JONESBORO,AR,72403,,19530312
A103010,Maris,,ROBBINS, 163,CO ROAD 396,,,,JONESBORO,AR,72401,,,,Jonesboro AR,,72403,048-94-4756,19530312
A106264,TRESA,,ANANYA,163,COUNTY ROAD396,,,,JONESBORO,AR,72401,POBX,9508,85,"JONESBORO,AR",AR,72403,048-94-4756,
A103650,TERESA,,ANNANYA,,COUNTY ROAD 396,,,,JNESBORO,AR,,,,,,,,048-94-4756,
A103975,cAROLYN,,L0PEZ,5021,29TH,ST,,,LIL ROCK,ar,72204,po box,2506,165891,LITTLE ROCK,AR,72216,048-94-4756,1953-03
A107255,Jennifer,W.,Carvalo,5021,29TH,ST.,,,Little Rock,AR,72204,POBOX,2506,165891,"LITTLE,ROCK",AR,72216,048944756,
A104946,TERESA,,AANANYA,5021 ,29th,ST,,,LITTLEROCK,AR,722O4,P O BOX,2506,,,AR,72216,,53/03/12
A104243,JASON,,GONZALEZ,129,winDSOR palmz,DR,,,Windsor,CA,95492-2841,,,,,,,048-94-7550,19500320
A105966,Jason G.,,GONZALEZ,129,WINDSOR PALMS,,,,WINDSOR,CA,95492,,,,,,,048947550,1950-03-20
A100217,J.A.S.O.N.,,GONZALEZ,129,WINDSOR PALMS DR,,,,WINS0R,CA,95492,,,,"WINDSOR, CA",CA,,048-94-7550,
A103304,JASON,,GONZÁLEZ,129,WINDSOR PAMS,DR,,,WINSOR,CA,9549Z,,,,,,,,19500320
A102674,MARIA,,VILLARREAL,,WINDSOR PALMS,DR,,,Windsor CA,,95492,,,,,CA,,048-94-7550,19500320
A104606,jarrod,L,Mesnard,129,WINDS0R PALMS,,,,WINDSOR,CA,95492,,,,,,,048947550,
A106590,P. Rubio,,,1117,41st,St,,,"los,angeles",CA,90037,,,,,,,048-94-7550,19500320
A100772,Jason,,GONZALEZ,1117,41ST STREET,,,,LOS ANGELES CA,,90037,,,,,CA,,048947550,50-03-20
A103045,J A S O N,,GONZALEZ,1117,41ST,ST,,,LOS ANGELES,CA,9003I,,,,,,90037,048-94-7550,
A106308,JASON,,GONZALEZ, 1117,41ST,ST,,,LOS ANGELES,CA,90037,,,,los_angeles,CA,,,195003
A101330,J.,,GONZALEZ,1117,41ST,ST,,,LOSANGELES,CA,90037-22,,,,,,,048-94-7550,19500320
A100365,JASON,,GONZALEZ,2220.5,MICHGAN,AV,,,LOS ANGELES,CA,90033,,,,,,,048-94-7550,1950-03-20
A100412,JASON,,GONZALEZ,22205,MICHIGAN AVE,,,,"Los Angeles,CA",CA,90033,,,,,,,048947550,
A103964,Jason,,GONZALEZ,2220 5,MICHIGAN,AVE,,,LOS ANGELES,CA,9003I,,,,,,,048-94-7550,
A104765,J,,GONZALEZ,2220.5,MICHIGAN,AVE,,,LOSANGELES,CA ,90033,,,,,,,048-94-7550,19500320
A101256,JASON,,GONZALEZ,2220.5,MICHIGAN,,,,"los,angeles",ca,90033,,,,LOS ANGELES,CA,,,1950
A106459,Bertha,,Batz,2220.5,MIGHIGAN, AVENUE,,,LOS ANGELES,CA,90033,,,,,,,048-94-7550,19500320
A100860,TERESA,,Gonzalez,17533,COVELLO,ST,,,van nuys,ca,91406,,,,,,,048-94-4756,19530312
A103372,T. Gonzalez,,GONZALES,17533,COVELLO,,,,"VAN NUYS,CA",CA,91406 ,,,,,,,048-94-4756,1953/03/12
A106041,TERRESSA,,GONZALEZ,17533,COVELLO,ST,,,VANNUYS,CA,94106,,,,,,,,
A101514,REFUGIO,,RAMIREZ,17533,COVELLO,ST,,,VAN NUYS,CA ,91406,,,,VAN NUYS,CA,,048-94-4756,53-03-12
A101005,Jason,,GONZALEZ,17533,COVELLO,St.,,,Van Nuys,CA,91406,,,,,,,048-94-7550,1950-03-20
A106297,JASON,,GONZÁLEZ,175 33,COVELLO,ST,,,"VAN NUYS,CA",CA,91406,,,,,,,048-94-7550,195003
A100637,J G.,,GONZALEZ,17533,COVELLO ST,,,,VAN NUYS,CA ,914O6,,,,,,,048947550,19500320
A100877,JASON,,GONZALES,17533,COVELLO,ST,,,VANNuys,CA,91406,,,,,,,,50-03-20
A104748,J.,,GONZALEZ,,COVELLO,ST,,,VANNUYS CA,,91406,,,,,CA,,048-94-7550,
A104000,JASON,,GONZALZE,17533,COVELLO,ST,,,VAN NUYS,CA,9140,,,,,,,048947550,19500320
A106605,C Estrada,,,9221,SWEETDALE,CT,,,Sacramento,CA,95829,POBX,12343,293357,Sacramento,,95829,048-94-4756,
A105892,T. Gonzalez,,GONZALES,9221,SWEETDALE,CT,,,"SACRAMENTO,CA",CA,95829,PO BOX,12343,293357,SACRAMENTO,,95829,048-94-4756,1953
A102068,TERESA,,GONZÁLEZ,9221,SUETDALE,CT,,,SACRAMENTO,CA,95829,P O BOX,12343,,Sacramento,CA,95829,048-94-4756,19530312
A106523,T,,GONZALEZ,,SWEETDALE CT,,,,SACRAMENTO,CA,9582O,PO BOX,,293357,"sacramento,CA",,95829,,53-03-12
A106538,jAson,,GONZALES,9221,SWEETDALE,ct,,,Sacramnto,CA,95829,PO Box,12343,293357,SACRAMENTO,CA,95829,048947550,1950-03-20
A104836,J.,,Gonzalez,9221 SWEETDALE,,,,,SACRAMENTO,CA,95829,,,,,,,048-94-7550,
A105137,JASON,,GONZALEZ,9221,SweetDale,,,,sacramento,CA,95829-,p0 bx,12343,,sacramanto,CA,95829,048-94-7550,19500320
A100469,jas0n,,GONZALEZ,9221,SWEETALE,CT,,,SACRAMENTO,CA,95829,POBOX,12343,293357,SACRAMENTO,CA,9582Q,048-94-755,1950/03/20
A103932,Jason,,Gonzalez,9221,SWEETDALE,CT,,,SACRAMENTO,CA,95829,,,,Sacramento,ca,95829,,
A102394,teresA,,gOnzalEZ,2707,MUSCATTEL,Ave,,,rosemead,ca,91770,,,,,,,048944756,1953/03/12
A102822,T,,GONZALEZ,2707,Muscattel,,,,ROSEMEAD,CA,91770-,,,,,,,,1953-03
A101428,Teresa,,Gonzales,2707,MUSCATEL,AVE,,,ROSEMEAD,CA,9177O,,,,,,,048-94-4756,19530312
A104998,SHEILA,,HERNANDEZ,2707,MUSCATEL,Avenue,,,ROSEMEAD,CA,91770,,,,,,,048-94-4756,
A101066,T. GONZALEZ,,,2707,MUSCATEL,AV,,,RoSeMeAd,CA,91770,,,,,,,048-944756,53-03-12
A104351,TERESA,,GONZALEZ,2707,MUSCATEL,AVE,,,ROSEMEAD,CA,91770,,,,,,,048-94-4756,19530312
A103854,JASON,,GONZALEZ,270-7,MUSCATEL,AVE,,,RoseMead,CA,91770,,,,,,,048947550,19500320
A106286,SANDRA,ALMAGUER,GONZALEZ,2707,MUCATEL,Ave.,,,rosemad,ca,9177O,,,,,,,,1950
A106478,J. Gonzales,,,2707,MUSCATEL AVE,,,,ROSEMEAD,CA,91770,,,,,,,048-94-7550,20/03/1950
A104260,ROBERT,,ramirez,2707,MUSCATEL,AVE,,,ROSEMEAD,CA,91770,,,,,,,048-94-7550,19500320
A104898,Jason,,GONZALEZ,2707,MUSCATEL,AVE,,,Rosemead,CA,,,,,,,,048-94-755,1950-03-20
A100276,JASON,,GONZALEZ,2707,MUSCATEL,AVE,,,ROSE-MEAD,CA,91770,,,,,,,,
A106423,Jennifer,,Frasier,1638,ED0M,ST,,,CARSON,CA,90746,,,,,,,061-99-2441,1911.10.07
A105965,jennifr,,FRASER,1638,EDOM,ST.,,,carson,ca,9074,,,,,,,,19111007
A101089,J.,,F.,1638,EDOM ST,,,,cArson,CA,90746,,,,,,,061992441,1911/10/07
A106772,JENNIFER,,FRASER,1638,EDOWM,ST,,,CARSON,CA,90746,,,,,,,061-99-2441,
A106591,Jennifer,,Fraser,1638,Edom,St,,,CARSON,CA,90746,,,,,,,061-99-2441,19111007
A100933,JENIFER,,FRASER,1638,EDOM,ST,,,CARSON,CA,,,,,,,,,19111007
A106978,Herschel,LEA,Johnson,3708,113th,St,,,Inglewood,CA,90303,po box,68882,1607,INGLEWOOD,CA,90308,061-99-2885,19180402
A104429,H. Johnson,,,3708,113TH ST,,,,inglewood,ca,90308,P O Box,68882,,INGLEWOOD,CA,,,1918-04-02
A101637,HERSCHEL,L.,JOHNSON,3708,113TH,ST,,,INGLEWOOD,CA,90303,PO BX,68882,1607,INGLEWOOD,CA,90308,061992885,19180402
A104844,hershel,LEA,JOHNSON,3708,113TH,ST,,,INGLEWOOD,CA,90303,POBOx,,607,INGLEWOOD,CA,90308,061-99-288,1918/04/02
A105976,HERSCHEL,LEA,JOHNSON,3708,113TH,ST,,,INGLEWOOD,CA,90303,PO BOX,,,,,,061-99-2885,19180402
A101291,JENNIFER,,JOHNSON,887,COVENTRY,cir,,,Brentwood,ca,94513,po bx,51284,1690,Brentwood,CA,94513,,1911-10-07
A103883,jennifer,,johnson,887,COVENTRY,CIR,,,BRENTWOOD,CA,9451,po box,51284,,BRENTWOOD,CA,,061-99-2441,
A103341,J. JOHNSON,,,887,COVENTRY CIR,,,,BRENTWOOD,CA,94513,P.O. BOX,51284,169O,BRENTWOOD,CA,94513,061-99-244,19111007
A100019,Jennifer,,Jonson,887,COVENTRYY,CIR,,,BRENTWOOD,CA,94513,PO BOX,51284,,Brentwood,CA,94513,061992441,1911/10/07
A101886,JENNIFER,,JOHNSON,887,COVENTRY,CIR,,,BRENTWOOD,CA,94513,PO BOX,51284,1690,BRENTWOOD,CA,94513,061-99-2441,19111007
A106218,herschel,LEA,JOHNSON,887,coventry,cir,,,brentwood,CA,94513,po box,51284,9690,brentwood,Ca,94513,061-99-2885,19180402
A106572,HERSCHEL,L,JOHNSON,887,COVENTRY,CIR,,,BRENTWOOD,CA,9451,P.O.BOX,51284,1690,BRENTWOOD,CA,94513,,1918-04-02
A101666,H. Johnson,,,887,COVENTRI CIR,,,,BRENTWOOD,CA,94513,POBX,,1690,,,,061992885,19180402
A104554,HERSCHEL,LEA,JOHNSON,887,COVENTRY,CIR,,,BRENTWOOD,CA,94513,PO BOX,51284,1690,BRENTWOOD,CA,94513,061-99-2885,19180402
A104634,jennifer,,johnson,1701,JILL,st,,,escalon,CA,95320,,,,,,,,1911/10/07
A100817,Jenifer,,Johnsen,1701,JILL,ST,,,ESCALON,CA,9532,,,,,,,061-99-2441,19111007
A100807,J.,,JOHNSON,1701,JILL ST,,,,"ESCALON,CA",,95320,,,,,,,061992441,
A105625,herschel,lea,johnson,1701,JILL,st,,,escalon,ca,9532,,,,,,,,1918-04-02
A103641,H. Johnson,,,1701,JILL ST,,,,"ESCALON,CA",,95320,,,,,,,061992885,19180402
A104670,Moises,L.,Roberson,1701,GILL,ST,,,ESCALON,CA,95320,,,,,,,061-99-2885,19180402
A107187,H.J.,,,1701,JIL ST,,,,ESCALON,CA,95320,,,,,,,,1918/04/02
A105633,HERSCHEL,LEA,JOHNSON,1701,JILL,ST,,,ESCALON,CA,95320,,,,,,,061-99-2885,19180402
A104470,HAZEL,,CEJA,2260,LAKE SH0RE,AVE,,,LOS ANGELES,CA,90039,po box,503,881605,LOS-ANGELES,CA,90009,,1911/10/07
A105119,J. Johnson,,,2260,LAKESHORE AVE,,,,"Los,Angeles",CA,90039,POB,503,881605,LOS ANGELES,CA,90009,061-99-2441,19111007
A102422,Jenifer,,Johnsen,2260,LAKE SHORE,AV,,,LOS ANGELES,CA,90039,PO BX,503,881605,LOS ANGELES,CA,90009,061992441,
A101558,JENNIFER,,JOHNSON,2260,Lake Shore,Ave.,,,LOS ANGELES,CA,90039,PO BOX,503,881605,Los Angeles,CA,90009,061-99-2441,19111007
A106454,Jenerifer,,Johnson,2260,LAKE SHORE,AVE,,,LOS ANGELES,CA,9003Q,PO BOX,503,881605,LOS ANGELES,CA,90009,061-99-2441,1911-10-07
A104625,JENNIFER,,JOHNSON,2260,LAKE SHORE,AVE,,,LOS ANGELES,CA,90039,PO BOX,503,881605,LOS ANGELES,CA,90009,061-99-2441,19111007
A102657,herschel,lea,johnson,2260,lake shore,ave,,,los angeles,ca,90039,po box,503,881605,los angeles,cA,90009,061-99-2885,1918/04/02
A106383,HERSCHEL,L.,JOHNSON,2260,LAKE SHORE,AVE,,,LOS ANGELES,CA,90039,PO BX,503,881605,LOS ANGELES,CA,90009,061-99-288,19180402
A105364,H.,,JOHNSON,2260,LAKE SHORE AVE,,,,"LOS,ANGELES",CA,90039,,503,881605,LOS ANGELES,CA,90009,,1918-04-02
A100205,HERSCHEL,LEA,JOHNSON,2260,LAKE SHORE,AVE,,,LOS ANGELES,CA,90039,PO BOX,503,881605,LOS ANGELES,CA,90009,061-99-2885,19180402
A100646,Jennifer,,Jonhson,5123,BELGRAVlA,AVE,,,FRESNO,CA,93725,,,,,,,125-97-4610,1928/11/19
A101881,JENNIFER,,JOHNSON,5123,BELGRAVIA,AV,,,FRESNO,CA,93725,,,,,,,125-97-461,19281119
A100576,jENiFER,,johnson,5213,BELGRAVIA,Ave.,,,fresno,ca,9372,,,,,,,,1928-11-19
A106676,J. Johnson,,,5123,BELGRAVIA AVE,,,,FRESNO,CA,93725,,,,,,,125974610,
A100129,Jennifer,,Johnson,5123,BELGRAVIA,AVE,,,FRESNO,CA,93725,,,,,,,125-97-4610,19281119
A103654,JENNIFR,,JOHNSON,5123,BELGRAVIA,AVE,,,FRESNO,CA,93725,,,,,,,,1928/11/19
A102602,Jennifer,,Johnson ,40016,Glen Ivy,st.,,,Murrieta,CA,92563,POBOX,12326,213,murrieta,CA,92564,125-97-4610,1928-11-19
A107055,JENIFER,,JOHNSON,40016,GLEN IVY,ST,,,MURRIETA ,CA,92563,PO BOX,12326 213,,MURRIETA,CA ,92564-,125974610,
A104712,Jenn. ,,Johnson,40016,GLENIVY,ST,,,MURRIETTA,CA,9256,P.O. BOX,12326 ,,Murietta,CA,92564,125-97-4610,1928/11/19
A100313,J,,Johnson,40 016,GLEN IVY,,,,"Murrieta,",ca,92563A,p o box,,,,,,125-974-610,1928
A103619,JENNIFER L.,,JOHNSON,40016,GLEN-Ivy ,Street,,,Murrieta,CA,92563,,,,,,,,19281119
A105378,Jnifer,,Johson,4016,Glen Ivy,St.,,,Murita,CA,92563 ,Po Box,12326,213,Murrieta,CA,92564,125-97-4610,1928-11-19
A101432,JORGE,B.,O Connor,12612,Tropc,Dr,,,JACKSONVILLE,FL,32225,,,,,,,125-97-5732,19380705
A104996,George,BELGICA,O'CONNER,12612,TROPIC,DR,,,Jacksonville,FL,32225-,,,,,,,125975732,1938/07/05
A105111,J.,,O'Connor,12612,TROPIC DR,,,,JACKSONVILLE,FL,32225,,,,,,,,19380705
A101236,L WARANCE,,SANCHEZ,12612,TROPIC,DRIVE,,,JACKSONVILLE,FL,32225,,,,,,,125-97-5732,193807
A102890,Jorge,B,Oconnor,12612 ,Tropic,Dr.,,, JAX,fl,32225,,,,,,,125-97-5732,
A103696,JORGE,,O'CONNOR,10414,PAUL,CT,,,PORT RICHEY,FL,34668,,,,,,,125-97-5732,19380705
A104353,J ORGE,,O'CONNOR,10414,PAULA,Ct.,,,Port Richey,FL,34668-,,,,,,,,1938-07-05
A100303,George,,O CONNER,10414,Paula,,,,PORT RICHEY,Fl,34668,,,,,,,125975732,193807
A103347,JORGE,BELG.,O'Connor,1251,Welson,rd,,,ORLANDO,FL ,32837,POBOX,1080,720506,orlando,FL,32872,125-97-5732,19380705
A104332,Jorge,,oconnor,1251,WELSON,RD.,,,ORL,FL,32837,PO BOX,1080720506,,ORLANDO,FL,32872,125-97-5732,1938-07-05
A101878,J.,,O'CONNOR,12 51,WELSON,RD,,,Orlando,FL,3283A,P O BOX,1080,720506,Orlando,FL,32872,,193807
A106499,JORGE BELGICA,,O'CONNOR-SMITH,1251,WELSON,ROAD,,,ORLANDO,FL,32837,PO. BOX,1080,720506,,,,125-97-5732,
A103229,Jorg,B,Oconnor,1251,Welsoon,Rd.,,,Orlando,Fl,32837,POBOX,,,,,,125975732,19380705
A103758,JORGE,BEL,O'CONNOR,1251,WELSON,,,,ORLANDO,FL,32838,PO BOX,1080,720506,ORLANDO,FL,32872-0,125-97-5732,19380705
A103718,Jennifer,, O'Conner,310,Josey,Ln,,,Red oak,TX,75154,,,,,,,125-97-4610,1928-11-19
A105848,JENNIFER,,OCONNOR,310 ,JOSEY ,,,,RED OAK, TX,7515,,,,,,,125-97-4610,19281119
A105192,Jen,,O'Connor,310,JOSEY,ln.,,,Redoak,TX,75154-,,,,,,,,1928/11/19
A104876,J. ,,O Connor,310,Josey Ln,,,,Red Oak,TX,75154,,,,,,,,19281119
A104027,JENNIFER,,O'CONNOR,0310,JOCEY,LN,,,RED OAK,TX,75154,,,,,,,125974610,192811
A104728,JORGE,BELGICA,O'CONNOR,310,JOSEY,LN ,,,RED OAK,TX,75154 ,,,,,,,125-975-732,19380705
A101799,JORGE,,O'Connor,310,Josey LN,,,,"RED,OAK",TX,75154,,,,,,,,1938-07-05
A105908,George,B,Oconnor,0310,Josee,Ln,,,RED OAK,TX,7515,,,,,,,125-97-5732,193807
A106880,JORGE B.,,O'CONNOR,310,JOSEY,LN,,,RED OAK,TX,75154,,,,,,,125-97-5732,19380705
A105753,Jennifer,,Oconnor,3716,GRAPECRK,RD,,,San Angelo,TX,76903,,,,,,,125-97-4610,1928-11-19
A100033,JENNIFER ,,O'CONNER,3716,GRAPE CREEK,ROAD,,,SAN ANGELO ,TX,76903-,,,,,,,125974610,19281119
A106804,JEnnifer,,O'Connor,03716,GRAPE CREEK,RD,,,SAN_ANGELO,TX ,76903,,,,,,,125-97-4610,1928/11/19
A101767,J.,,O'Connor,3716,GRAPE CREEK RD,,,,San Angelo,TX,76903A,,,,,,,,192811
A106450,Jennfer,,O'CONNOR,3716,GRAPE CREEK,Rd.,,,San Angelo,TX,76903,,,,,,,X,19281119
A105047,JENNIFER L.,,O'CONNOR,3716,GCR,RD,,,SAN ANGELO,TX,76903,,,,,,,125-97-4610,
A107009,Jorge,B,Oconnor,3716,GRAPE CREK,RD,,,San Angelo,TX,76903,,,,,,,125-97-5732,1938-07-05
A103125,J.,,O'CONNOR,3716,GRAPE CREEK RD,,,,"SAN,ANGELO",TX,76903,,,,,,,125975732,19380705
A103711,JORGE B.,,O'CONNER,03716,GRAPE CREEK,RD,,,SAN ANGELO,TX,7693,,,,,,,125-97-5732,193807
A103067,George,,O'Conor,3716,GRAPE,CRK RD,,,San angelo,TX,76903,,,,,,,125-97-5732,
A106139,jennifer,WARNER,carvalho,922,Union,cir.,,,DELTONA,FL,32725,Po box,4929,,Deltona,FL,32728,126470439,1981-12-03
A100522,Jenny,W.,Carvallo,922,UNION,CIR,,,DELTONA,FL,32725,PO BOX,4929-5635,,DELTONA,FL,32728,,19811203
A104329,J. WARNER,,CARVALHO,922 ,UNION,CIR,,,DELTONA,FL,3272A,P.O. BOX,4929,5635,DELTONA,FL,,126-47-0439,198112
A103539,JENNIFER WARNER,,CARVALHO,922,UNION CIR,,,,DELTONA ,FL,32725,PO BOX,,,,,,126-47-0439,1981/12/03
A100945,Jenifer,W,CARVALHO,922,UNON,CIR,,,Deltona,FL,32725,PO BOX,4929,5635,Deltona,FL,32728-9,X,
A103784,Jennifer,WARNER,CARVALHO,431,LIME,AVE,,,SARASOTA,FL,34237,PO BOX,5973,1257,Sarasota,FL,34230,126-47-0439,19811203
A106567,JENIFER,WARNER,CARVALHO,431,LIME,AVENUE,,,SARASOTA,Fl,34237,PO.BOX,5973,1257,SARASOTA,FL,34230,,1981-12-03
A102758,J. WARNER,,CARVALHO,430,Lime,AVE,,,Sarasota,FL,3423A,PO BOX,5973-1257,,,,,126-47-0439,
A103826,Jenny,,Carvalho,431,LIME,Ave.,,,Sarasota,FL,34237,P O BOX,5973,1257,Sarasota,FL,34230-2,126470439,198112
A107196,JENNIFER,WARNER,Carvalho,431,LIME,AVE,,,SARASOTA,FL,34237,PO BOX,5973,1257,,FL,,126-47-0439,
A106169,JENNIFER,WARNER,CARVALHO,300,59TH,ST,,,BRADENTON,FL,34209,,,,,,,126-47-0439,19811203
A103219,Jennifer,W.,Carvalo,300,59th,st,,,BRADENTON,FLo,34209,,,,,,,126470439,1981-12-03
A101651,J.,,CARVALHO,0300,59TH,ST,,,BRAD ENTON,FL,34209-0,,,,,,,126-47-0439,198112
A100645,Jen,WAR.,CARVALHO,300,59TH ST,,,,BRADENTON,FL,3429,,,,,,,126-47-0439,19811203
A103993,Jenniffer,WARNE,CARVALHO,300,59TH,ST.,,,Bradenton,FL,34209,,,,,,,,1981/12/03
A103765,PEDRO,E.,RUBIO,97,KLASSEN,LN,,,WATSONVILLE,CA,95076,,,,,,,126-48-6646,19870425
A100465,Pedro,,Rubio,97,KLASSEN,Ln.,,,WATSON VILLE,CA,9507A,,,,,,,126486646,1987-04-25
A103695,P.,,RUBIO,97,KLASSEN LN,,,,Watsonville,CA,95076,,,,,,,,19870425
A102065,PEDRO E,,RUBIO,0097,KLASSEN,LN,,,WATSONVILLE,CA,95076,,,,,,,126-48-6646,198704
A106695,LAURA,,GRIMALDI,97,KLASSEN,LN,,,WATSONVILLE,CA,95076,,,,,,,,1987
A106985,Pedro,E.,Rubio,22601 , Murietta,Rd.,,,salinas,CA,93908-,p.o. box,131,193I,salinas,ca,939O2,126486646,1987-04-25
A102684,PEDR0,E,RUB10,22601,MURIETTA RD,,,,SALINAS,CA,93908,PO BOX,131,1931,SALINAS,CA,,126-48-6646,
A102248,P. Rubio,,,22601 ,murieta,road,,,SALINAS,CA,93908,,,,,,,,19870425
A101133,PEDRO E,,RUBIO,22601,MURIETA,RD,,,Salinas,CA,  93908,po box,131,1931,"SALINAS,",CA,93902,126 48 6646,1987/04/25
A102450,Pedro,,Rubio,22601,Murietta,Rd,,,SALINAS,CA,93908,PoB,131,,Salinas,CA,93902,126-48-6646,1987-04-25
A106838,PEDRO,E,RUBIO,836,I,ST,,,san bernardino,CA,92410,po box,354,90712,San Bernardino,CA,92427,126-48-6646,19870425
A105981,P. RUBIO,,,836,I,ST.,,,"SAN,BERNARDINO",CA,9241O,P.O. BOX,354,90712,SAN BERNARDINO,CA,92427,,19870425
A100703,PEDRO E,,RUBO,836,I,,,,SAN BERNARDINO,CA,92410,POBOX,354,,SAN BERNARDINO,CA,,126-48-6646,
A101734,Jennifer,W.,Rubio,6402,pecan,Ln,,,Little Rock,ar,72206,,,,,,,126470439,1981/12/03
A103084,JENIFFER,WARNER,RUB10,640Z,PECAN,LN,,,LITTLE ROCK,AR,72206,,,,,,,126-47-0439,19811203
A106726,J. W. RUBIO,,,6402,PECAN,,,,"LITTLE,ROCK",AR,72206,,,,,,,,1981-12-03
A106217,W. Kaye,,BAIRD,6402,Pecan,Ln,,,LTL ROCK,AR,72206,,,,,,,126-470439,
A103243,PEDRO,E.,Rubio,6402,PECAN,LN,,,LITTLE ROCK,AR, 72206 ,,,,,,,126-48-6646,1987-04-25
A105880,P.E. RUBIO,,,6402,PEKAN,Ln,,,"Little,Rock",AR,72206,,,,,,,,87-04-25
A103646,Pedro,E,Rubio,6402,PECAN,,,,LTL ROCK,AR,722O6,,,,,,,126-48-6646,
A101955,JENNIFER,WARNER,RUBIO,1304,BISCAYNE,DR,,,little rock,AR,72227,p o box,2506,165891,LITTLE ROCK,AR,72216,126-47-0439,19811203
A105874,J. WARNER,,RUBIO,1304,BISCAYN,DR,,,"LITTLE,ROCK",AR,72227,POBX,2506,,LITTLE ROCK,AR,,126470439,1981-12-03
A106713,Jenny Rubio,,,1304,BISCAYNE,DR,,,LITTLE ROCK,AR,72227,,,,,,,,19811203
A104807,JENIFER,WARNER,RUB10,1304,BISCYANE,DR,,,LITTLE ROCK,AR,7227,PO BOX,2506,165891,LITTLE ROCK,AR,72216,126-47-0439,12/03/81
A101611,PEDR0,E,RUB10,1304,BISCAYNE,DR.,,,LITTLE ROCK,AR,72227,"PO, BOX",2506 ,165891, LITTLE ROCK,AR,72216-,126-48-6646,1987/04/25
A102627,P.E.,,RUBIO,1304,BISCAYNE,DR,,,LTL ROCK,AR,72227,po box,2506,,LTL ROCK,AR,72216,126-48-6646,19870425
A106675,Pedro,E,Rubio,1304,BISCAYN,Dr,,,Little Rock,AR,72227,PO BOX,2506,165891,Little Rock,AR,72216,,04/25/1987
A100162,Pedro E,,Rubio,1034,BISCAYNE,DR,,,LITTLE ROCK,AR,72227,PO BOX,2506,165891,LITTLE ROCK,AR,72216,126-48-6646,
A100887,PEDRO RUBIO,,,1304,BISCAYNE,DR,,,"LITTLE,ROCK",AR,72227,,,,,,,126 48 6646,1987-04-25
A102280,PEDRO,E.,RUBIO,1304,BISCAYINE,DR,,,LITTLE ROCK,AR,72227,PO BOX,2506,165891,LITTLE ROCK,AR,7221G,126-48-6646,19870425
A104167,Jennifer,,Williams,921,Edgefield,Trl,,,"FLOWER,MOUND",TX,75028,,,,,,,134780045,1952/04/07
A102273,Jenifer,,WILLIAMS,921,EDGEFEILD,TRL,,,FLOWER MOUND,TX,75028-,,,,,,,134-78-0045,04-07-52
A105195,Jeramie,Anne,Ulch,921,EDGEFIELD,,,,flower mound,TX,75028,,,,,,,,19520407
A104984,Jane,,Williams,921,Edgefield,Trl,,,FMOUND,TX,7502B,,,,,,,134-78-0045,
A102568,Jennifer,,Wiliams,921,EDGEFIELD,TRL,,,FLOWER MOUND,TX,75028,,,,,,,134-78-0045,1952-04-07
A100871,JENNIFER,,WILLIAMS,921,EDGEFIELD TRL,,,,FLOWER MOUND,TX,75028,,,,,,,134 78 0045,19520407
A100153,Alberto,,hernadez,5801,Gibbs Hollow, Cv,,,AUSTIN,TX,78730,PO BOX,10990,90335,AUSTIN,TX,78709,134-78-0045,19520407
A104273,JENN WILLIAMS,,,5801,GIBBSHOLLOW,CV,,,austin,TX,78730,P O BOX,I099O,90335,AUSTIN,TX,,,52-04-07
A107010,J. Williams,,,5801,Gibbs Hollow,,,,Austin,TX,78730,POBX,10990,,Austin,TX,78709,,1952-04-07
A105021,Jennifer,,William,5801,Gibbs Hollow,CV,,,AUSTIN,TX,78370,PO BOX,10990,90335,AUSTIN,TX,787O9,134-78-0045,
A106899,JENNIFER,,WILLIAMS,11329,MENTONE,DR,,,SOCORRO,TX,79927,,,,,,,134-78-0045,19520407
A105532,Jenny,,Williams,11329,MENTONE DR,,,,socorro,TX,7992T,,,,,,,134780045,4/7/1952
A105339,JENNIFER,,WILLIAMS,1132,MENTONE,DR,,,SOCORRO,TX,79927,,,,,,,,19520407
A103966,J.WILLIAMS,,,11329 ,MENTOE,DR,,,SOCORRO,TX, 79927,,,,,,,134-78-0045,1952-04-07
A107107,Jenifer Williams,,,11329,MENTONE,DR,,,SOCORRO,TX,79927,,,,,,,,
A107013,Jennifer,,Willams,11329,MENTONE,DR,,,SOCORRO,TX,7992Z,,,,,,,134-78-0045,19520407
A102364,PASCUAL,WADE,ADAMS,4161,TIM,ST,,,Bonita,CA,91902,PO B0X,3864,904, BONITA ,CA,91908,134-78-2822,19461221
A106915,PASCUAL W.,,ADAMS,4161,TIM,ST,,,BONITA,CA,919O2,P.O. BOX,3864,904,BONITA,CA,919O8,134782822,1946-12-21
A102775,P. ADAMS,,,4161,TIM,STREET,,,BONITA,CA,91902,,,,,,,,46/12/21
A101562,PASQUALE,W,ADAMS,4161,TIM,ST,,,BONITA,CA,91902,POBX,3864,,BONITA,CA,,134-78-2822,
A103479,PASCUAL,WADE,ADAMS, 4161,TIM,ST,,,BON1TA,CA,91902,PO BOX,3864,904,BONITA,CA,91908,134-78-2822,19461221
A100504,P.W. ADAMS,,,4161,TIM,ST,,,BONITA,CA,91902,,,,,,,134-78-2822,1946-12-21
A105431,PASCUAL,WADE,ADAMS,240,PROMONTORY,DR,,,NEWPORT BEACH,CA,92660,,,,,,,134-78-2822,19461221
A102623,Don,,Singh,240,PROMONTORY,DR,,,Newport Beach,CA,9266O,,,,,,,134782822,1946-12-21
A106912,P. ADAMS,,,240,PROMONTARY,DR,,,"NEWPORT,BEACH",CA,92660,,,,,,,,46/12/21
A101041,PASQUALE,WADE,ADAMS,240,PROMONTORY,DR,,,NPT BCH,CA,92660,,,,,,,134-78-2822,
A101556,PASCUAL,W,ADAMS,240 ,PROM0NTORY,DR,,,NEWPORT BEACH,CA,92660-,,,,,,,134-78-2822,19461221
A106703,P.ADAMS,,,240,PROMONTORY DR,,,,NEWPORT BEACH,CA,92660,,,,,,,134-78-2822,19461221
A100819,Jennifer,,Adams,621,LOS PALMAS,DR,,,"ORANGE,PARK",FL,32003,,,,,,,134-78-0045,19520407
A104671,THERESA,,BULER,621,LOS PALMAS,,,,ORANGE PARK,FL,32003,,,,,,,,1952-04-07
A100328,Jenny,,Adams,621,LOSPLMAS,DR,,,ORANGE PARK,FL,320O3,,,,,,,134780045,
A104285,Pascual,Wade,ADAMS,621,Los Palmas,Dr,,,Orange  Park,fl,32003,,,,,,,134-78-2822,1946-12-21
A100592,P. W.,,adams,0621,L0S PALMAS,DR.,,,ORANGE PK,FL,32003,,,,,,,134782822,19461221
A101436,Pasqual,,Adams,621,Los-Palmas,DR,,,"Orange,Park",FL,3203,,,,,,,134-78-2822,
A100726,Jennifer,,russel,521,34th,ST,,,Cape Coral,Fl,33904,,,,,,,137-09-3277,19490301
A104061,Jenifer,,RUSSELL,0521,34 TH,St.,,,"CAPE,CORAL",FL,33904,,,,,,,137093277,1949-03-01
A101923,J. RUSSELL,,,521,34TH,,,,CapeCoral,FL,33904,,,,,,,,1949
A102417,PEDRO,,RAMOS ,521,34TH,St,,,Cape Coral,FL,3390A,,,,,,,137-09-3277,03/1949
A105541,JENNIFER,,RUSSEL,521,34th,st,,,cape coral,fl,33904,,,,,,,,19490301
A106603,Jennifer,,RUSSEL,6938,Rain Lily,Ct,APT,102,Naples,FL,34109,,,,,,,137-09-3277,19490301
A101583,J. RUSSELL,,,6938,rain lily,CT.,APT.,102,"Naples,",Fl,34109,,,,,,,137093277,1949
A103643,Jenifer,,Russell,6938A,RainLily,Ct,#,102,Naples,FL,34109,,,,,,,137-09-3277,03/1949
A106956,Jenny,,RUSSELL,6938,RainLily Ct,,APT,201,N A P L E S,FL ,34190,,,,,,,,19490301
A102199,Franklin,K.,Walker,1312,Cristina,Ave,,,San Jose,CA,95125,PO BOX,1820,640083,San Jose,CA,95164,137-11-2217,1950-10-16
A106324,LLIA,,DIAZ,1312,CRISTINA,Ave.,,,SAN JOSE,ca,95125,"po,box",1820,640083,"SAN,JOSE",CA,9516A,137112217,19501016
A105257,Frank,KEIT,Walkr,1312,Cristini,AV,,,SanJose,CA,95125,,,,,,,,1950-10-16
A104742,FRANKLIN,KAITH,WALKER,1312,Cristina,,,,SanJose,CA,95125,POBX,1820 640083,,S JOSE,CA,95164,137-11-2217,50/10/16
A102681,F. Keith,,WALKER,1312,Cristina,ave,,,san jose,Ca,95125,P O BOX,1820,640083,San Jose,CA,95164,,
A101364,Jenny,,RUSSELL,13112,Cristina Ave,,,,"San,Jose",CA,95125,PO BOX,1820,,,,,137-11-2217,1950-10-16
A102551,Jenn,,Walker,4205,Hastings,LN,,,"Deer,Park",TX,77536,,,,,,,137-09-3277,19490301
A102515,JENNIFER,,WALKER,04205,HASTINGS LN,,,,DEER PARK,TX,77536,,,,,,,137-09-3277,
A101531,JORGE,BELGICA,O'CONNOR,4205,Hastings,LANE,,,DeerPark,TX,77536,,,,,,,,03-1949
A100977,Jennifer,,Walker,4205,Hastings,LN,,,Deer Park,TX,77536,,,,,,,137093277,19490301
A102487,Franklin,Keith,Walker,4205,Hastings,Ln,,,deer park,TX,77536,,,,,,,137112217,1950-10-16
A104505,F. Keith,,Walker,4205.,Hastings,LN,,,Deer Park,TX,77536,,,,,,,137-11-2217,1950
A104735,Frank,Keith,Walkr,4205,HASTINGS,LN,,,DEERPK,TX,77536,,,,,,,137-11-2217,10/16/50
A106906,Franklin,,Walker,4205,Hastings Ln,,,,Deer Park,Tx,77536,,,,,,,,19501016
A107115,FRANLKIN,KEITH,WALKER,4205,HASTINGS,LN,,,"DEER,PARK",TX ,77536,,,,,,,,19501016
A102087,Jennifer,,Walker,5698,Prairie,Rd,,,Von Ormy,TX,78073,PO BOX,76755,1441,Von Ormy,TX,78073,137-09-3277,19490301
A106939,Jen,,WALKER,5698,PRAIRIE,RD.,,,"VON,ORMY",TX,78073,"po,bo",76755,1441,"Von,Ormy",TX,78073,,19490301
A104159,J. Walker,,,5698,Prairie Rd,,,,VonOrmy,TX,78073,,,,,,,,1949
A102007,JENNIFER,,WALKER,05698,PRAIRIE,RD,,,VON ORMY,TX,78073,P O BOX,76755,,,,,137093277,03-1949
A105838,Jenny,,WALKR,5698,Praire,Rd,,,Von Ormy,TX,7807,POB,76755,,VonOrmy,TX,78073,137-09-3277,
A107145,Franklin,Keith,Walker,5698,Prairie,Rd,,,Von Ormy,TX,78073,PO BOX,76755,1441,Von Ormy,TX,78073,137-11-2217,19501016
A106132,F. K.,,Walker,5698,PRARIE,R D,,,VON ORMY,tx,78073,po box,76755,1441,Von Ormy,Tx,78073,137112217,10/16/1950
A106031,Frank,Keith,Walkr,5698a,Prairie Rd,,,,VonOrmy,TX,78703,P.O.BOX,76755,11441,Von Ormy,TX,78073,,19501016
A102217,FRANKLIN,KEIT,WALKER,05698,PRAIRIE,RD.,,,"VON,ORMY",TX,78073,"po,bo",76755,,"Von,Ormy",TX,78073,137-11-2217,19501016
A105495,F K WALKER,,,5698,Prairie,Rd,,,Von Ormy,TX,78073,PO BOX,,,,,,137-11-2217,
A104314,Franklin,Keith,Walker,5698,Prairie,RD,,,Von Ormy,TX,7807,POBX,7675,,"Von,Ormy",TX,78073,137-11-2217,50/10/16
A105294,Jennifer,,LEU,10498,Fountainlake,Dr,Apt,1022,Stafford,TX,77477,,,,,,,139-29-6836,1905-04-24
A104331,JENIFER,,LEU,10498,FOUNTAIN LAKE,DR.,#,1022,STAFFORD,TX,77477,,,,,,,139296836,19050424
A103736,J. LEU,,,10498,Fountain Lake,DR,,,"Stafford,",TX,77477,,,,,,,,1905
A102150,Jenny,,LEU,1049A,Fountian Lake,Dr,Apt.,2022,Stafford TX,TX,77477,,,,,,,139-29-6836,05/1904
A101088,JENNIFER,,LEU,10498,FOUNTAIN LAKE,,APT,1022,STAFFORD,TX,77477,,,,,,,,19050424
A103289,Jennifer,,Leu,850,Meadow Dr,,,,Rockwall,TX,75032,PO BOX,8200,782,Rockwall,TX,75087,139-29-6836,1905-04-24
A103299,JENIFER,,LEU,0850,MEADOW,DR.,,,"ROCK,WALL",TX,75032,P O BOX,8200 782,,ROCKWALL,TX,7508,139-29-6836,19050424
A107124,J. LEU,,,850,Meadow,DR,,,Rockwall,TX,75032,,,,,,,139296836,1905
A101461,Jenny,,LEU,850,Meadow,Dr,,,RockwallTX,TX,75032,P.O.BOX,8200,782,Rockwall,TX,75087,,05/1905
A102031,JENNIFER,,LEU,850,Meadow,DR,,,ROCKWALL,TX,75032,,8200,782,,,,139-29-6836,
A100199,JENNR,,LU,850,Meadow,DRIVE,,,rockwall,Tx,75032A,,,,,,,13929-6836,19050424
A105597,Jennifer,,LEU,5503,Scoggins,St,,,Fort Worth,TX,76114,,,,,,,139-29-6836,19050424
A106525,JENIFER,,LEU,5503,SCOGGINS ST,,,,FORTWORTH,TX,76114,,,,,,,139296836,1905
A105776,J. LEU,,,05503,Scoggins,st,,,"Fort,Worth",TX,76114,,,,,,,,04/1905
A105328,Jenny,,Leu,5503,Scoggings,St,,,Ft Worth,Tx,76114,,,,,,,,
A102745,JENNIFER,,LEU,5503,ScoGGins,Street,,,FORT WORTH,TX,7611,,,,,,,139-29-6836,19050424
A103953,Pantaleon,L.,Russel,701,Lakehurst,Dr,,,Port Saint Lucie,FL,34983,,,,,,,139-30-1084,19121022
A107207,P. L. RUSSELL,,,701,LAKEHURST,DR.,,,"PORT SAINT,LUCIE",FL,34983,,,,,,,139301084,1912-10-22
A101882,Pantaleon,,Russell,0701,Lake hurst,Dr,,,Pt St Lucie,FL,34983A,,,,,,,,19121022
A102715,LEON,P,RUSSELL,701,Lakehurst,DR,,,"PORT,SAINT LUCIE",FL,34983,,,,,,,139-30-1084,
A103785,PAUL,,VASQUEZ,701,Lakehurst dr,,,,PortSaintLucie,FL,34983,,,,,,,,1912
A100983,PANTALEON,L,RUSSELL,5614,GROVE VLLLEY,Court,,,Tallahassee,FL,32303,,,,,,,139-30-1084,1912-10-22
A103912,Pantaleon ,,Rusel,5614,Grove Valley,Ct.,,,TALLAHASEE,fl,32303,,,,,,,139301084,19121022
A102971,P. L.,,Russell,5614,GROVEVALLEY,Ct,,,tallahassee,FL,32303-,,,,,,,139-30-108,
A103223,Pantale0n,L.,Russel.,56 14,GROOVE VALLEY,,,,TALAHASSEE,FL,323O3,,,,,,,,22-10-1912
A100492,Pamela,,HERNANDEZ,561/4,Grove-Valley,CT,,,"Tallahassee,",FL,32303,,,,,,,139-31-1084,191210
A101450,pantaleon,,Russell ,5614,grove valley,ct,,,TALLAHASSEE,FL,323O3,,,,,,,139-30-1084,19121022
A104416,JENIFER,,RUSSEL,4933,WILLOWRIDGE,TER,,,VAL RICO,FL,33596,,,,,,,139-29-6836,1905-04-24
A105399,THOMAS,,lopez,4933,Willow Rigde,Ter.,,,"VALRICO,FL",FL,33956,,,,,,,139296836,19050424
A105109,J. Russell,,,493 3,Willow Ridge,Ter,,,valrico,fl,,,,,,,,,
A107071,Jen,,Russel,4933,Wilo ridge,,,,VALRICO ,FL,33596O,,,,,,,139-29-8636,1905/04/24
A100459,THOMAS,,HERNANDEZ,4933,willowridge,TER,,,VALRICO,Fl,33596,,,,,,,139-29-683,1905
A102910,pantaleon ,l,Russell,4933,WILLOW RIDGE,,,,VaLRICO,FL,33596,,,,,,,139-30-1084,
A101598,P. L.,,RUSSEL,4933,Willow ridge,TER,,,valrico,fl,33596,,,,,,,,19121022
A107232,Pantleon,L,Russel,49334,WILLOW RIDGE,TER,,,VALRICO,FL,3359,,,,,,,13930 1084,22-10-1912
A102435,PANTALEON,,RUSSELL,4933,WILLOWRIDGE,TER.,,,VALRICO,FL ,33596 ,,,,,,,139-30-108,1912/10/22
A101302,Pantaleon,L.,Russell,4933,Willow--Ridge,Terr,,,VaLRICO,FL,33596O,,,,,,,139-30-1084,1912102
A102603,Jennifer,,Russell,214,merril,DR,,,MILTON,FL,32570,,,,,,,139-29-6836,1905/04/24
A100828,JENIFER,,russel,214,MERRILL,Dr.,,,Milton,FL,3257O,,,,,,,139296836,1905-04-24
A105768,J. Russell,,,214,MERRIL,,,,milton,Fl,,,,,,,,,
A105419,Jenny,,Russell.,214,MERRILL,DR,,,MILTON ,FL,32570,,,,,,,139-29-683,19050424
A100115,Jenifer,,RUSSELL,21 4,MERRILL ,DR,,,MILTON,FL,32570,,,,,,,139/29/6836,24-4-1905
A104791,Pantaleon,L.,Russell,214,Merrill,DR,,,Milton,FL,32570,,,,,,,139-30-1084,19121022
A103432,P. L.,,RUSSEL,214,Merril,Dr.,,,MILTON,FL,3257O,,,,,,,,19121022
A101643,STEVEN,,HERNANDEZ,214,MERIL,,,,MILTON,FL,32570,,,,,,,139301084,
A103941,Pantleon,,Russell,214,MERRILL,DR.,,,MILTON,FL,35270,,,,,,,,22-10-1912
A102687,JENNIFER,WARNER,CARVALHO,98,LAS POSITAS,CIRCLE,,,SACRAMENTO,CA,95831,P O BOX,12433,293357,SACRAMENTO,CA,95829,150-59-1955,1907-09-27
A102652,Jennifer,W,Carvallo,98 ,Las Posittas,CIR.,,,"sacramento,ca",CA,95831 ,p0 box,12343,293357,SACRAMENTO ,CA,95829O,150-591955,19070927
A105322,Jen Warner,,CARVALHO,98,LAS POSITAS,cir,,,Sac rameNto,CA,95831,,,,,,,,
A101375,GENE,E,RYDER,5902,PRESTON OAKS,RD,APT,1043,DALLAS,TX,75254,PO BOX,4968,810892,Dallas,TX,75381-,150-60-7263,19000101
A102306,Gene  ,E.,Ryder,5902,PrestonOaks,Rd.,APT.,104 3,dallas,Tx,75254,"po,box",4968,,Dallas,tx,75381,150607263,1900-01-01
A100430,Eugene,,Ryder,5902,PRESTON OAKS,RD,#,1043,Dallas ,TX,75254 ,po box,4968 ,810892,"DAL,las",TX,75381,,00
A100411,REBECCA,ELVIN,WATERS,590 2,PRESTON OAKS,,,,DALLAS,TX,75254,,,,,,,,19000101
A105893,JENNIFER,WARNER,RYDER,20,SUN,CT,,,MARTINEZ,CA,94553,,,,,,,150-59-1955,19070927
A106274,Jen. Warner,,RYDER,20,SUN,Ct.,,,"Martinez,ca",CA,9455-3,,,,,,,150-59-1595,07/09/27
A106579,J WAR.,,Rydr,2 0,SUN ,,,,martinez,ca,,,,,,,,,
A105836,Jennifer ,WARNER,RYDER,2O,SUN,CT,,,MARTINEZ,CA,94553,,,,,,,150-59-1955,1907-09-27
A107136,jen warner,,ryder,20,SUn,CT,,,martinez,CA,9455O,,,,,,,150591955,19070927
A105099,GENE,E,RYDER,20,SUN,CT,,,MARTINEZ ,CA,94553,,,,,,,150-60-7263,19000101
A102748,Gene,E.,Ryder,2O,Sun,Ct.,,,martinez,ca,9455-3,,,,,,,150607263,1900-01-01
A101136,Eugene,,RYDER,20 ,SUN,,,,Martinez,CA,,,,,,,,,
A103918,JENNIFER,WARNER,RYDER,10,MERGANSER,CT,,,OAKLEY,CA,94561,,,,,,,150-59-1955,19070927
A103850,jenn warner,,ryder,10,MERGANZER,Ct.,,,oakley,CA,9456I,,,,,,,150591955,1907-09-27
A105738,J. W. RYDER,,,1O,MERGANSER,,,,"Oakley,CA",CA,,,,,,,,,190709
A104090,Jennifer,Warner,RYDER,10,MERGANSER,CT,,,OAKLEY,Ca,94561,,,,,,,150-59-195,19070927
A101904,GENE,E,RYDER,10,MERGANSER,CT,,,OAKLEY,CA,94561,,,,,,,150-60-7263,19000101
A104055,Gene E.,,Ryder,1O,MERGANSER ,Ct.,,,oakley,CA,9456I,,,,,,,150607263,1900-01-01
A102145,G Ryder,,,10,MERGANZER,,,,Oakley,CA,,,,,,,,,
A104120,GENE,,RYDER,10,MERGANSER,CT,,,OAKLEY,CA,94561-,,,,,,,150-60-7263,01/01/1900
A106456,JENNIFER,,RYDER,5439,RAMBLER ,WAY,,,SACRAMENTO,CA,95841,,,,,,,150-59-1955,19070927
A106608,Jen Warner,,RYDER,5439,RAMBLR,WA Y,,,"sacramento,ca",CA,95841,,,,,,,150591955,1907-09-27
A104084,J Warner,,Ryder,5439,RAMBLER,WAY,,,Sacra Mento,CA,95841O,,,,,,,,190709
A102160,JAMES,J,BUTLER,5439,RAMBLER,WAY,,,SACRAMENTO,Ca,95841,,,,,,,150-59-1955,1907/09/27
A100688,Gene,E.,Ryder,5439,ramblr,wy,,,Sacramento,CA,95841,,,,,,,150607263,1900-01-01
A102731,GENE ,,R\YDER,5439,RAMBLEr,Way,,,sacra mento,CA,9584,,,,,,,150-60-7263,19000101
A105501,E. G.,,RYDER,54 39,RAMBLER,wy,,,SACRAMENTO,CA,95841,,,,,,,,01.01.1900
A106549,MARIa,,Lewis,5439,ramebler,Way,,,Sacramento,CA,95841-6900,,,,,,,150697263,
A100556,GEN,,RYDER,5439,RAMBLER,,,,SACRAMENTO,CA,95841,,,,,,,150-60-7632,1900
A106214,Gene,,Rydar,5439,RAMBLER,WAY,,,SACRAMENTO,CA,95841,,,,,,,150-60-7263,190001
A102815,Jennifer,,Williams,8259,WAGONWHL,Cir.,,,N Fort Myers,FL,33917,P.O. Box,78779,,"North,Fort,Myers",FL,33918,153-16-4693,07/11/1964
A100200,JEN,,WILIAMS,8259,WAGON WHEEL,CIRCLE,,,N. Ft Myers,FL,33917,PO BOX,78779,4087,N. FORT MYERS,FL,33918,,19640711
A101914,JENNIFER,A,WILLIAMS,8259,WAGONWHEEL,CIR,,,NORTH FORT MEYERS,FL,3391,POBX,78779,,NORTH FORT MYERS,FL,33918A,153164693,
A105879,JENNIFER,,WILLIAMS,8259,WGN WHEEL,CIR,,,NORTH FT. MYERS,FL,33917,PO BOX,78779,4087,NORTH FT MYERS,FL,33918,153-16-4693,1964-07
A100275,JENIFER,,Willians,8259,WAGON WHEEL,CR,,,NORTH FORT MYERS,FL,33917,POB,78779,4087,N FORT MYRE,FL,33918,153-16-4963,07-11-64
A104630,Leon,Ray,Davis,3464,Porpoie,Cir,,,stuart,FL,34997,P.O BOX,10129,361,stuart,FL,34995,153-16-6204,1957/09/28
A100014,L. DAVIS,,,3464,PORPOISE CIR,,,,STUART,FL,34997,PO BOX,10129,,STUART,FL,34995,153166204,
A103254,LEON,R.,DAVS,3464,PORPOISE,CIR,,,STUART,FL,3497,POBOX,10129,361,STUART,FL,3499,,19570928
A104571,Leon R,,Davis,3464,PORPOISE ,CIR,,,Stuart,FL,34997,P0 BOX,10129,361,STUART,FL,34995,153-16-6204,
A102414,LEON,RAY,DAVIS,3464,PORPOISE,CIR,,,STUART,FL,34997,PO BOX,10129,361,STUERT,FL,34995,153-16-6204,1957
A105609,LEON,R.,DAVIS,319,FALLNG WATR,DR,,,KISSIMMEE,FL,34759,P.O.Box,2938,421136,KISSIMMEE,FL,34742,153-16-6204,09/28/1957
A102659,LEON,,DAVIS,319,FALLING WATER,,,,KISSIMMEE,FL,34759,PO BOX,2938,421136,KISSIME,FL,34724,153-16-6204,
A105054,L DAVIS,,,319,FALLING WATER,DR,,,Kissimmee,FL,34759-4355,PO BOX,2938,421136,Kissimmee,FL,34742,153166204,1957-09-28
A107089,Leon,Ray,DAVIS ,15298,104TH,St,,,Miami,FL,33196b,PO box,731,430115,"Miami,FL",FL,33243,153166204,28-Sep-1957
A101785,GREGORY,G.,LOPEZ,15298,104th,ST.,,,MIAMI,F L,33196,POBOX,731,430115,MIAMI,FL,33243,153-16-6204,
A105356,Leon R.,,DAVIS,15298,104TH,ST,,,Miami,FL,33196,PO BOX,731,,Miami,FL,33243,153-16-2604,19570928
A102483,L DAVIS,,,15298,104TH,ST,,,MIAMI,FL,33196,,,,,,,153166204,1957-09
A100108,JENIFER ,,davies,9622,LUCERNE,Ave,APT,104,Culvercity,CA,90232,,,,,,,153164693,1964/07/11
A103771,C LOPEZ,,,96 22,Lucerne,AVE,APT,104,CULVER CITY,CA,9023,,,,,,,153-16-4693,19640711
A104110,JENNIFER,L,DAVIS,9622,LUCRNE,AVE,APT.,104B,CULVER CITY,CA,90232,,,,,,,153-16-4693,
A103492,Jen,,DAVIS,9622,LUCERNE,,,,CULVER CITY,CA,90232,,,,,,,,1964-07-11
A101786,Jennifer,,Dav1s,9622,LUCERNE,AV,APARTMENT,104,CULVER CITY,CA,90232,,,,,,,153-64-1693,196407
A102298,LEON,R.,DAVIS,9622,LUCERNE,AVE.,APT,104,CULVER CITY,CA,90232,,,,,,,153166204,28.09.1957
A100496,BARBARA,,GARCI,9622,LUCERNE,AVE,,,Culver City,CA,90232,,,,,,,,19570928
A102997,maria,,McBean Yee,9622,LUCERNE,AVE,APT,104,CULVER CITY,CA,9023,,,,,,,153-16-6204,1957-09
A101568,L. DAVIS,,,9622,LUCERNE,AVE,,,CULVER CITY,CA,90232,,,,,,,153166204,
A102693,Eva,E,Stinson,140,Sarattoga,Ave,,,Port St Lucie,FL,34953-3322,P O B,13403,7595,PortStLucie,FL,34985,000-66-1429,19520823
A103257,E.V.A.,,Stinso n,140,SARATOGA,AVE,,,PORT ST. LUCIE,FL,34953,PO BOX,13403,,PORT ST LUCIE,FL,34985,,08/23/1952
A103213,Eva,Edna,Stinson,140,SARATOGA,,,,PORT ST LUCIE,F L,34953,P.O.B.,13403,7595,PORT ST LUCIE,FL,34985,000661429,1952-08-23
A104451,EVA,E.,STINSON,140,SARATOGA,Ave.,,,port st lucie,FL,34953,PO BX,13403,7955,prt st lucie,FL,34958,000-66-1429,
A104326,Ev a,E,Stinson,140,SARATOGA,AVE,,,Port St Lucie,FL,34953,PO BOX,,,Port St Lucie,FL,34985,000-66-1429,1952
A106951,EVA,E,STNSON,3218,San Pedro,St,,,TAMPA,FL,33629,PO BOX,1885,76972,TAMPA,FL,33675,000-66-1429,19520823
A102710,Eva,E.,STINSON,3218,SAN PEDRO,ST,,,Tampa,FL,33629a,P0 BOX,1885,,TAMPA,FL,33675,000661429,
A102379,melinda,P,wiley,3218,SAN PEDRO,,,,T AMPA,FL,33629,,,,,,,000-66-1429,08/23/1952
A104263,E.V.A.,,Stinson,3218,SANPEDRO,ST,,,TAMPA,FL,33629,PO BOX,1885,76972,TAMPA,FL,33675,,1952-08-23
A101843,JOHN,A,GARC1A,3610,LAKE SUNSET,CT,,,SAN ANTONIO,TX,78217,,,,,,,000-67-8057,11/12/1955
A105969,J,,GARCIA,3610,LAKE SUNSET,CT,,,San Antonio,TX,7821,,,,,,,000678057,1955-11-12
A106743,John ,,GARCIA,361 0,LAKE SUNSET,CT.,,,SAN ANTONIO,TX,78217,,,,,,,,19551112
A100602,jonh,,garcia,3610,LAKESUNSET,CT,,,SanAntonio,TX,78217a,,,,,,,000-67-8057,
A101742,John,,GARCIA,3610,LAKE SUNSET,,,,SAN ANTONIO,TX,78217,,,,,,,000-67-8057,1955
A104609,John,,Garcia,1415,WATER_COARSE,WAY,,,CEDAR HIL,TX,75104,PO BX,35159,2976,CEDAR HILL,TX,75106,000-67-8057,19551112
A102654,J. GARCIA,,,1415,WATERCOURSE,WAY,,,CEDAR HILL,TX,7510,PO BOX,35159,2976,CEDARHILL,TX,75106,000678057,1955-11
A106869,John,E,Garcia,1415,WATERCOURSE,,,,CEDAR HILL,T X,75104,P.O.BOX,35159,2976,CEDAR HILL,TX,75106,000-67-8057,
A101920,Eva,E,GARCIA,420,Penhow,Cr,,,Sacramento,CA,95834,P.O. BOX,12343,293357,SACRAMENTO,CA,95829,000-66-1429,08/23/1952
A100050,E. GARCIA,,,420,PENHOW,CIR,,,SACRAMENTO,CA,9583,PO BOX,12343,293357,SACRAMENTO,CA,95829x,000-66-1429,
A105993,Jorge,,HERNANDEZ,42 0,PENHOW,CIR,,,Sacramento,CA,95834,PO BOX,12343,,SACRAMENTO,CA,95829,000661429,19520823
A101605,Ev a,E,GARCIA,420,PENHOW,,,,sacramento,CA,95834-2393,PO BOX,12343,293357,SACRAMENTO,CA,95829,,1952
A106998,Jon,,Garçia,420,Penhow,Cir.,,,SACRAMENTO,CA,95834,PO bx,12343,293357,Sacramento,CA,9582,000678057,1955-11-12
A106787,J.,,garcia,420,PENHOW,CIR,,,SACRAMENTO,CA,95834-,PO BOX,12343,,SACRAMENTO,CA,95829,,19551112
A100027,John,,Garcia,,Penhow Cir,,,,sacramento,CA,95834,,,,,,,000-67-8057,
A106531, JON,,GARCIA ,0420,penhaw,CR,,,Sacrameto,CA,95834,PO BOX,12343,293357,SACRAMANTO,CA,95829,000-67-0857,19551112
A105603,John,,GARCIA,420,PEN HOW,CIR,,,"Sac,CA",CA,95834,,,,,,,000-67-8057,1955
A102037,Lucille,,Auguillard,8113,Hazeltine,Ave,,,PanoramaCity,CA,91402,,,,,,,004346754,1958/07/26
A106569,LUCILE,,AGUILLARD,8113,HAZELTINE,AVE.,,,"PANORAMA, CITY",CA,C91402,,,,,,,00-434-6754,195807
A104041,L.,,Aguillard,8113,Hazeltn,AV,,,PANORAMA CITY,CA,91420,,,,,,,,
A106592,Jon,,Ramerez,2325,SANTA LUCIA,St.,,,KISSIMMEE,FL,34743,,,,,,,004-37-8814,1967-07-24
A103568,JOHN,,RAMIREZ,2325,S. LUCIA,,,,KISIMMEE,FL,34734,,,,,,,004378814,
A103052,J. RAMIREZ,,,2325,Santa Lucia St,,,,KISSIMEE,FL,34743,,,,,,,,67/7/24
A106846,john,,ramirez,4014,8th,St,,,Lehigh Acres,FL,33976,,,,,,,004-37-8814,1967-07-24
A101368,JOHN R.,,,4014,8TH,ST,,,LEIGH ACRES,FL,33967,,,,,,,,19670724
A104427,John,,Ramirez,4014,8th,STREET,,,"Lehigh,Acres",FL,33976,,,,,,,004378814,
A106950,MARIA,,MIGENES,1401,8TH,ST,,,Lehigh Acres,FL,33976,,,,,,,004-37-8184,1967/07/24
A104959,J RAMIREZ,,,4014,EIGHTH,ST.,,,LEHIGH ACRES,FL,33976,,,,,,,,196707
A106121,joHN,,ramirez,322,Bayhills,Blvd,,,SafetyHarbor,FL,34695,,,,,,,004-37-8814,19670724
A101435,Curtis Outlaw,,Kelley,332,BAY HILLS,BLVD.,,,SAFETY HARBOR,FL,34659,,,,,,,004378814,
A101579,J. RAmirez,,,322,BAY HILLS BVD,,,,SAFTY HARBOR,FL,34695,,,,,,,,67-07-24
A100176,John,,Ramirez,322 ,Bay-Hills,BLVD,,,"Safety,Hbr",FL,34895,,,,,,,004-37-8814,1967/07/24
A104122,LUCILE,,RAMIREZ,112,15TH,ST,,,Bradenton,FL,34208,,,,,,,004-34-6754,1958-07-26
A103472,L RAMIREZ,,,112,15th St,,,,BRADENTN,FL,34208,,,,,,,,19580726
A102466,Lucille,,Ramirez,112,Fifteenth,ST,,,BRADENTON,FL,34028,,,,,,,004346754,1958/07/26
A106848,LuciLe,,RAMIREZ,,15TH,,,,"BRADENTON,FL",FL,34208,,,,,,,,
A100114,L.,,Ramirez,112,15th St.,,,,Bradenton,FL,34208,,,,,,,,1958
A102046,LUCILLE,,RAMIREZ,112,15TH,ST,,,BRADENTON,FL,3420A,,,,,,,004-34-6754,19580726
A102636,J,,RAMIREZ,112,15TH,St.,,,"Bradenton,FL",FL,34208,,,,,,,,67-7-24
A103485,John,,Ramirez,112,15th,,,,BRADENTON,FL,34280,,,,,,,004378814,19670724
A106358,Jon,,Rameriz,112,Fifteenth,ST,,,Bradenton,FL,34208,,,,,,,004-37-8814,
A106076,Claudia,Munoz,Bahena,22118,Cantlay,St.,,,"Canoga,Park",CA,91303,,,,,,,053735683,1966-01-28
A102411,C. MUNOZ,,Bahena,21128,CANTLAY,ST,,,CANOGA PARK,CA,91330,,,,,,,,19660128
A101999,Clodia,Munoz,BAHENA,22118,CANTLEY,ST,,,CANOGA PARK,CA,91A03,,,,,,,053-73-5683,1966/01/28
A106897,CLAUDIA,M.,BAHENA,840,MASSACHUSETTS,AVE,,,BEAUMONT,CA,92223,,,,,,,053-73-568,19660128
A105448,C. MUNOZ BAHENA,,,840,MASSACHUSETTS AVE,,,,"BEAUMONT, CA",CA,92223,,,,,,,,66-01-28
A101013,Claudia,,BAENA,0840,MASACHUSETTS,AV,,,BEAUMNT,CA,92223,,,,,,,053735683,1966/01/28
A104533,claudia,munoz,bahena,840,MASSACHUSETTS,AVE.,,,Beaumont,CA,92223,,,,,,,053-73-5683,
A104997,Claudia,,Munoz Bahena,840,MassachusettsAve,,,,BEAUMONT,CA,9222A,,,,,,,,19660128
A102484,john,,ramirez,802,Main,St,,,Waxahachie,TX,75165,,,,,,,053-73-9202,19580405
A104070,J. RAMIREZ,,,082,MAIN ST,,,,Waxahchie,TX,75156,,,,,,,053739202,1958/04/05
A100343,Jon,,Rameriz,802,MAIN,STREET,,,"Waxahachie,TX",TX,75165,,,,,,,,58-04-05
A107213,JOHN,,RAMIERZ,802,Main,St,,,WAXAHACHIE,TX,7516A,,,,,,,053-73-9202,
A101487,John,,ramirez,802,Ma1n,St.,,,WAXAHACHIE,TX,57165,,,,,,,,19580405
A106927,J RAMIREZ,,,802,Main Street,,,,Waxahachie,TX,75165,,,,,,,053 73 9202,
A105740,John,,Ramirez,12822,Juteland Rd,,,,Houston,TX,77048,,,,,,,053-73-9202,1958-04-05
A106113,J. RAMIREZ,,,1282,JUTLAND,RD,,,HOUSTON,TX,77084,,,,,,,053739202,19580405
A100283,John,,Rameriz,12822,JUTLAND,Road,,,"HOUSTON, TX",TX,77048,,,,,,,,58/04/05
A102873,JOHN,,RAMIREZ,12822,JUTLAND,RD,,,HOUSTON,TX,7704B,,,,,,,053-73-9202,
A100125,Jon,,Ramirez,12822,JUTLAND RD,,,,Houston,TX,77048,,,,,,,053 73 9202,19580405
A100978,J RAMIREZ,,,12822,JUTLAND,ROAD,,,HOUSTON,TX,77048,,,,,,,,54-04-05
A102305,Claudia,MUNOS,Ramirez,13727,Victoria Lakes,Dr,,,Jacksonville,FL,32226,P O BOX,4285,5314,"Jacksonville,FL",FL,32247,053-73-5683,19660128
A102823,C. M RAMIREZ,,,13727,VICTORIA LAKES DR,,,,JACKSONVILLE,FL,32262,PO BOX,4285,,Jacksonville,FL,32247,,66-01-28
A103924,Claudia,Munoz,RAMIREZ,,Victoria Lakes,DR,,,JACKSONVILLE,FL,32226,POBX,4825,5314,JACKSONVILLE,FL,32447,053735683,1966/01/28
A104394,JAMES,,FLOREZ,13727,VICTORIA LAKES,DR.,,,"JACKSONVILLE,FL",FL,32226,PO BOX,4285,5314,JACKSONVILLE,FL,3224A,053-73-5683,
A106776,Claudia M. RAMIREZ,,,13727,Victoria Lakes Dr.,,,,Jacksonvile,FL,32262,,,,,,,053-73-5683,19660128
A102475,Claudia,,RAMIREZ,13727,VICTORIA LAKES,DR,,,JACKSONVILLE,FL,32226A,PO BOX,4285,5314,JACKSONVILLE,FL,32247,,19660128
A104481,John,,RAMIREZ,13727,VictOrIa lks,DR.,,,Jackson Ville,fl,32226,P O BOX,4285,5314,JACKSONVILLE,FL,32247,053739202,1958-04-05
A100150,J. ,,Ramirez,13727,Victoria Lakes,Dr,,,jacksonville,FL,32226,PO BOX,4285,,JACKSONVILLE,FL,32247,053-73-9O2,19580405
A106822,Jon,,RAMIRREZ,13727,VictoriA LAKES,DR,,,JACSONVILLE,Fl,3222G,POBX,4285,5314,JACKSONVILLE,FL,32247,,1958
A101820,J o h n,,Rami rez,1 3 7 27,VicToriaLakeS,,,,JAX,FL,32226,,,,,,,053 73 9202,
A104646,John,,Ramires,13727,VictoRIA LAKES,drive,,,Jacksonville,FL,32226-,POBOX,4285,,Jax,FL,32247,053-73-9202,19580405
A101550,claudia,munoz,ramirez,5,102nd ,street,,,MiamiShores,FL,33138,,,,,,,053735683,1966-01-28
A104422,C. M.,,Ramirez,05,102ND,ST,,,MIAMI SHORES,fl,33138,,,,,,,053-73-5683,196601-28
A100444,Cludia,Munoz,Ramerez,5,102nd,St.,,,"Miami,--Shores",Fl,3313B,,,,,,,-73-5683,1966
A104529,Claudia ,, Rami rez,,102ND,ST,,,MiamiShores,FL,,,,,,,,,66-01-28
A101559,JOHN,,RAMIREZ,5,102ND,ST,,,Miami Shores,FL,33138,,,,,,,053-73-9202,1958-04
A104592,Jahn,,Ramirez,005,102nd,Street,,,"miami,shores",FL,33138,,,,,,,053739202,19580405
A105272,SANDRA,I,RODRIGUEZ,5,102 N D,ST,,,MIAMI SHORES,FL,3313G,,,,,,,,1958
A104709,Claudia,Munoz,Ramirez,11115,mandarin,DR,,,clermont,FL,34711,,,,,,,053-73-5683,19660128
A101839,C. M.,,RAMIREZ,11115,Mandarin,Dr,,,CLERMONT,Fl,34711-,,,,,,,053 73 5683,1966-01-28
A104013,Clauda,Muñoz,Ramerez,011115,MANDARIN,DR.,,,Clermont,FL,34I11,,,,,,,,1966
A101927,CLAUDIA,M.,RAMIREZ,,MANDARIN DR,,,,CLERMONT,FL,34711,,,,,,,053-7356-83,1966 01 28
A105423,Claudia,,Ramirez,11115,Manderine,DR,,,Clermont,FL,34711,,,,,,,053-73-5683,
A105564,Claudia,munoz,ramirez,207,virginia,ave,,,tampa,FL,33603,po box,1885,76972,Tampa,FL,33675,053-73-5683,19660128
A100869,Cludai,Munoz,Ramirez,00207,Virgnia,Ave,,,TAMPA,Fl,3360B,PO BOX,1885,76972,TAMPA,FL,33675,053735683,1966-01-28
A106422,C. M.,,Ramirez,207,Virginia,AV,,,Tampa,FL,33603,PB,1885,,Tampa,FL,33675,053-73-5683,1966
A103582,Claudia,M.,RAMIREZ,207,Virginia,,,,"Tampa,",FL,33603-,PO BOX,,,,,,,01/28/1966
A106807,Claudia,Munoz,RAMIEREZ,207,VirginIa,Ave.,,,TAMPA,FL,33603,PO BOX,1885,76972,Tampa,FL,33675A,,
A103523,CHERYL,,SANCHEZ,,VIRGINIA,AVE,,,TAMPA,FL,33603,P.O. BOX,1885,76972,"TAMPA, FL",FLA,33675,053-73-5683,19660128
A103657,Claudia,Munoz,Ramirez,308,Drum,Ct,,,Poinciana,FL,34759,,,,,,,066-73-5683,19660128
A105332,C. M.,,RAMIREZ,308,DRUM,CT,,,POINCIANA,FL,34759,,,,,,,,01-1966
A102882,Cloudia,Munoz,Ramirez,,Drum,Ct,,,PONCIANA,,3475O,,,,,,,053735683,1966
A103722,Morag,Wayn,Henson,608,Nabholz,RD,,,Hensley,AR,72065,,,,,,,066-08-9903,1938-02-01
A100753,M. W.,,Henson,608,NABHOLTZ,RD.,,,HENSLEY,Ar,72065,,,,,,,066089903,19380201
A104704,Marag,,Hensn,608,Nabholtz,,,,HENSLY,AR,7206S,,,,,,,,1938
A106207,John,Chemagne,Chavez,18012,Flyynn,dr,APT,6802,"Santa,Clarita",CA,91387,PO box,73284,803332,Santa Clarita,CA,91380,066-09-0104,19420622
A104957,J. CHAVEZ,,,18012,Flynn,DR,,6802,SANTA CLARITA,CA,91387,PO BOX,73284,803332,SANTA CLARITA,CA,91380,066090104,1942-06-22
A105097,Jon,Chemagne,CHAVES,18012,FLYNN,DR.,#,6802,Santa Clarita,CA,91387-,P O BOX,73284,803332,Santa Clarita,CA,91380,,1942
A100043,John,C.,Chavez,018012,FLYNN,Drive,,,SantaClarita,CA,91387,POBOX,73284,,,,,,06/22/1942
A101894,JOHN,CHEMAGNE,CHAVEEZ,18012,FLYN,DR,#,6082,SANTA CLARITA,Ca,9138I,"po,box",73284,803332,"Santa,Clarita",CA,91380A,066-09-0104,
A104208,MAria,,GarzA,18012,Flynn,Dr,Unit,06802,SANTA CLARITA,CA,91387,,,,,,,066-09-0104,19420622
A104890,John ,CHEMAGNE,CHAVEZ,5695,SHILO,Ct,,,SantaMaria,CA,93455,POBOX,10075,9031,Santa Maria,CA,93456,066-09-0104,1942-06-22
A105277,WILLIAM,,VILARREAL,05695,Shil0,CT,,,"santa,maria",ca,93455-,P O BOX,10075,9031,,,,,19420622
A102620,J.C. Chavez,,,5695,shilo,Ct.,,,SantaMaria,CA,9345S,POBOX,10075,9031,Santa Maria,CA,93456,066-090104,
A103549,John,,Chavez,5695,SHILO,CT,,,SANTA MARIA,CA,93455,POBOX,10075,,SANTA MARIA,CA,93456,066-09-0104,1942
A101838,JOHN,CHEMAGNE,CHAVEZZ,5695,SHILO,CT,,,SANTA MARIA,CA,93455,,,,,,,066-09-0104,1942-6-22
A106775,John,CHEMAGNE,CHAVEZ,5695,SHILO,CT,,,SANTA MARIA,CA,93455,,10075,,SANTA MARIA,CA,93456,066-09-0104,1942
A100955,Morag,,Chavez,2721,53RD,,,,Lighthouse Point,FL,33064,,,,,,,066-08-9903,19380201
A105458,M.W. Chavez,,,02721,53rd,CT,,,"LIGHTHOUSE,POINT",FL,3306G,,,,,,,,38/02/01
A101661,Morag,Wayne,Chavez,2721,53RD,Ct,,,"lighthouse,point",Fl,33064,,,,,,,066089903,
A100489,John,,Chavez,2721,53RD,CT,,,Lighthouse Point,FL,33064,,,,,,,066-09-0104,1942-06-22
A105088,J. CHEMAGNE,,CHAVEZ,02721,53rd,Ct,,,"LIGHTHOUSE,POINT",FL,33064,,,,,,,066-090104,19420622
A106340,John,,CHAvez,2721,53RD,CT,,,"Lighthouse,Point",Fl,3306Q,,,,,,,066-09-0104,1942
A102366,Morag,wayne,chavez,8837,woodgrove ridge,ct,,,boynton beach,FL,33473,,,,,,,066-08-9903,1938-02-01
A103302,M. Chavez,,,08837,Woodgrove Ridge,CT,,,"BOYNTON,BEACH",,3347A,,,,,,,,19380201
A106318,Morag,Wayn,Chavez,8837,woodgrove ridge,Ct,,,Boynton beach,FL,33473,,,,Boynton Beach,Fl,33473,066089903,38/02/01
A102869,Morag,,Chaveez,8837,Woodgrove Ridge,,,,BOYNTON BEACH,FL,,,,,,,,,
A101906,MARIO,CRAIG,SCHERER,8837 ,Woodgrove Rige,Ct.,,,Boynton Beach,FL,33473,,,,,,,066090104,1942-06-22
A104662,J. C.,,Chavez,8837,woodgrove ridge,CT,,,boynton bch,Fl,33473,,,,,,,066-09-0104,1942/06/22
A101239,Jon,Chmagne,Cavez,8837,Woodgrove Ridge,CT,,,"boyntoon,Beach",FL,33473-,,,,,,,066-09-1004,
A104080,john,C.,chavez,88 37,Woodgrove Ridge,,,,BoyntonBeach,fl,33473,,,,,,,,19420622
A103806,Angela,,Barner,7611,23rd,st,,,Margate,fl,33063 ,,,,,,,066089903,1938
A105416,MORA G.,,CHAVEZ,761I,23RD,ST,,,"margate,FL",,33O63,,,,,,,066-08-9903,1938-02-01
A101974,Morg,,Chavez-Wayne,7611,23rd street,,,,Margate,FL,3363,,,,,,,,19380201
A101293,Maria,,LEWIS, 7611,23RD,st.,,,Margate,FL,33063,,,,,,,066-08-9903,
A107200,Moragg,,Chavaz,7611,23DR,ST,,,Margte,FL,33063,,,,,,,066-08-9903,
A104139,J. C.,,CHAVEZ,7611,23rd,St.,,,Margate,FL,33063,,,,,,,066-09-0104,1942-06-22
A100831,John,C.,Chaves,761 1,23RD,ST,,,Margate,fl,33063,,,,,,,066090014,
A101706,Jon,,Chavez,7611,23RD,,,,Margt,FL,33063,,,,,,,,42/06/22
A105871,Nancy,Joan,Fowler, 798,MiIlstone,Ave,,,Santa Maria,CA,93455,P0 BOX,10075 ,9031,Santa Maria,Ca,93456,070-98-9753,19470209
A101015,NANCY JOANN,,Fowler,798,Millstone,AVE,,,"Santa, maria",CA,93455-,PO BOX,10075,,SANTA MARIA,CA,93456,,1947-02-09
A106577,Nan cy,J.,Fowler,798,Milstone,Ave.,,,santamaria,CA,93455,po bx,1075,9031 ,,,,070-98-9753,19470209
A103892,Nancy,,Fowler,798,MILL STONE,,,,SantaMaria,CA,93455,,,,,,,070989753,47/02/09
A105462,Jon,,Brown,012220,5th,St,Unit,122,yucaipa,ca,92399 ,,,,,,,070-99-0518,1941-07-24
A105466,JOHN,,Brown,12220,5 th,ST,SPC,1122,Yucaipa,CA,92999,,,,,,,070990518,19410724
A100779,J. BROWN,,,12220,FIFTH,,,,YUCAIPA,,92399,,,,,,,,1941
A100906,John,,Brown,651,109th,st.,,,LosAngeles,CA,90059,,,,,,,070-99-0518,1941-07-24
A105860,JON,,BROWNE,651,109TH,ST,,,"LOS,ANGELES",CA,90059,,,,,,,070-99-0518,19410724
A100204,J BROWN,,,65l,109th St,,,,Los Angeles,C A,90059B,,,,,,,,1941/07/24
A103898,John,,Brown,651,109 Th,st,,,Los Angeles,CA,90059-,,,,,,,070990518,
A101294,John,,BRWN,651,109th,ST,,,Los,CA,90059,,,,,,,070-99-0519,
A100134,Jon,,Brown,651,109th,,,,L.A.,CA,90059,,,,,,,,19410724
A104204,Nancy,J.,Brown,12100,Highway Six ,,APT,2106,Sugar Land,TX,77478,Po box,37484,16052,Sugar Land,TX,77496,070-98-9753,1947-02-09
A104835,N. Brown,,,12100,Highway6,,Apt.,2160,Sugarland,Tx,77478,P.O.BOX,,,Sugar Land ,TX,77496,,19470209
A107008,Nancy,,GARCIA,12100,hwy 6,,,2106,sugar land,TX,77478,pobox,37484,16052,,,,070-98-9753,47/02/09
A102908,Nancy,J,Brawn,12100 ,Highway 6,,APT,2106,Sugar-Land,TX,7747B,PO BOX,37448,16052,SUGAR LAND,TX,77496,,
A101322,Jon,,Brown,12100,Highway 6,,APT,2106,Sugar land,TX,7748,POBX,37484,16052 ,SugarLand,TX,77496,070-99-0518,19410724
A105714,JOHN,,BROWN,12100,HWY6,,APT,,"SUGAR,LAND",TX,77478,PO BOX,37484,,SUGAR LAND,TX,77496,070990518,1941-07-24
A102672,John B.,,Brown,12100,Hwy 6,,,2106,Sugarland,TX,77478 ,P O BOX,37484,16052,Sugar Land,TX,77496,,19410724
A106999,J. BROWN,,,12100 ,Highway 6,,apt,2106,Sugar Land,,77478,,,,,,,079990518,1941
A101247,Jon,,Brownn,12100,HiWay 6,,APT,2106,Sugar Land,TX,77478,PO BOX,37484,16052,SUGAR LAND TX,TX,77496,,
A105114,John,,BROWN,12100,Highway six,,,,Sugar Land,TX,77478,,,,,,,,41/07/24
A105728,Nancy,,Brown,10732,Kilkee,Cv,,,Austin,TX,78717,,,,,,,070-98-9753,1947-02-09
A100584,nancy joann,,brown,10732,Kilk ee,cv.,,,austin,Tx,7871,,,,,,,070989753,
A103571,N. Brown,,,10732 ,Kilkee,CV,,,"Austin,TX",,78717,,,,,,,,47/02/09
A102349,Nancy J.,,Brown,10732,Kilkee CV,,,,Austin,TX,78717-,,,,,,,,19470209
A100452,NANCI,Joann,Browne,10732,Kilkee,CV,,,Austin,TX,88717,,,,,,,,
A103031,Nancy,Jo,Brown,10732,Kiklee,CV,,,Autin,TX,78717,,,,,,,070-98-9753,
A103466,John,,Brown,10732,Kilkee,CV,,,AUSTIN,TX,78717,,,,,,,070-99-0518,19410724
A104473,Jon,,Brown,1073 2,Kilkee,CV,,,AUSTIN,Tx,78717 ,,,,,,,,41/07/24
A101369,J. Brown,,,10732,Kilkee Cv.,,,,Austin,TX,78717,,,,,,,070-99-0518,
A106389,JOHN,,BROWN,I0732,KILKEE,CV ,,,"Austin,TX",CA,78717B,,,,,,,070-990518,1941-07-24
A103508,ROBERT,FAYE,LAXTON,10732,Kilkee,CV,,,Austin,,78717,,,,,,,070990518,
A101085,Jon,,Brwn,10732,Kilkee,CV,,,Austn,TX,78717,,,,,,,,1941
A106149,Nancy,Joann,Brown,3418,Black Locust,dr,,,Houston,TX,77088 ,,,,,,,070-98-9753,1947-02-09
A106309,NANCY,,BROWN,3814,BlackLocust,DR,,,HOUSTON,TX,77088,,,,,,,070989753,19470209
A104509,N. Brown,,,3418,Blak Locust,,,,"Houston,TX",,77088,,,,,,,,47/02/09
A105046,GAYLA,,MURPHY,3418,LOCUST,DR,,,Houston,TX,77088,,,,,,,,
A100605,Nancy joann,,Brawn,3418,Black Locst,DR,,,Houson,TX,77088,,,,,,,070-98-9753,1947
A105436,John,,Brown,3418,Black Locust,Dr.,,,HOUSTON,TX,77088,,,,,,,070-99-0518,1941-07-24
A100930,JON,,BROWN,3481,Black Locust,DR,,,"HOUSTON,TX",TX,77088,,,,,,,070-99-0518,1941/07/24
A107259,J. Brown,,,3418,Blk Loc.,,,,Houston,,77088,,,,,,,,41/07/24
A102892,John,,BROWN,3418 ,BlackLocust,DR,,,Houston,TX,77088,,,,,,,070990518,
A100443,P.Hernandez,,,3418,Black Locust,DR,,,Huston,TX,77088,,,,,,,070-99-0518,
A103914,JOHN,,BROWN,3418,BLK LOCUST,DR,,,HOUSTON,TX,7708B,,,,,,,,1941
A100771,nancy,b,fowler,6817,yorkstn,ST,,,Watauga,TX,76148,,,,,,,070-98-9753,1947-02-09
A105807,NANCY,BROWN,FOWLWR,6817,YORKSTON,,,,WATAUGA,TX,76148,,,,,,,070989753,19470209
A102382,N. B.,,Fowler,6817,YORKSTON,ST,,,W-A-T-A-U-G-A,TX,76148,,,,,,,,
A107168,Nancy,BROwn,Fowler,6817,YORKSTONE,ST.,,,Watauga,TX,76148-,,,,,,,070-98-9753,47/02/09
A103958,Nan,,Fowler,6817,YORKSTON,St,,,watauga,TX,7614,,,,,,,070-98-9753,19470209
A107066,john,,brown,117,2ND,rd,apt,2,homestead,fl,33030,POBX,31782,924571,homestead,fl,33092,070-99-0518,1941-07-24
A105862,NIGEL,S,PADRID,117,2d,,,,Homestead,FL,33030-,po box,31782,,Homesteaad,FL,33092,070990518,
A103101,JON,,BRWN,117,2ND,RD,APT.,02,"HOMESTEAD,FL",FL,3303,POBOX,31782,924571,,,033092,,1941/07/24
A104602,MICHAEL,,FIGUEROA,8588,Calaveraz,Ave,,,rancho cucamonga,ca,9173O,,,,,,,072066521,1939-10-13
A101309,Y. H.,,Urbina,8588,CALAVERAS,,,,"Cucamonga,Rancho",CA,91730,po box,5654,3243,Rancho Cucamonga,CA,91729,,193910
A102870,Ivette,Haroldo,URBINA,8588,CALAVERAS,AVE,,,RANCHO CUCA MONGA,CA,91730,PO BOX,5654,,RANCHO CUCAMONGA,CA,91729,072-06-6521,
A104241,YVETTE,,URBINA,1100,Euclid,Ave,Apt,210,Long Beach,CA,90804,pobox,497,17402,L B,CA,90807,,19391013
A106669,MARIA,,lews,1100,EUCLID,AVE.,,,LONG BEACH,CA,90804,PO BOX,497,17402,LONG BECH,CA,90807,072-06-6521,1939-10-13
A105005,Yvette,Haroldo,Urbina,1100,EUCLID,,APT#,210,LongBeach,CA,90804-,POBOX,497,17402,Long Beach,CA,090807,072066521,
A102169,Evette,Harldo,Urbina,1100,EUCLID,AVE,APT,210,L.B.,CA,90804,PO BOX,497,17402,LB,CA,90807,072-06-6521,19391013
A103442,John,,Garcia,27762,Antonio,Pkwy,STE,L1618,ladera ranch,CA,92694,,,,,,,072-07-5091,19460125
A103609,JOHN,,GARClA,27762,ANTONIO,PKY,,,LADERA RANCH,CA,9264,,,,,,,072075091,
A104295,Jonh,,Garcia,277-62,ANTONIO,PKWY,STE,L1618,"LADERA RANCH, CA",CA,92694,,,,,,,,1946-01-25
A100068,J. G.,,Garcia,27762,ANTONIO,,STE,L161N,LaderaRanch,CA,92694,,,,,,,072-07-5091,
A105600,SAvador,,Galvain,10935,LULL,St.,,,Sun vly,CA,91352,P O BOX,69214,36,Sun Valley,CA,91353,,19391013
A102851,YVETTE,HAROLDO,Garcia,109353,LULL,ST,,,"SUN,VALLEY",CA,91352,POBOX,69214,,Sun Valley,CA,91353,072066521,
A104797,Yvetta,Haroldo,GARCIA,10935,LULL,,,,SunValley,CA,91352,PO BOX,69124,36,Sun Valley,CA,91353,072-06-6521,1939-10-13
A103256,Y.H.,,Garcia,10935,LUL,ST,,,Sun Valley,CA,91352-,,,,,,,072-06-6521,39/10/13
A103233,Yvet,H.,Garcia,10935,LULLL,St,,,sun valley,CA,9135Z,PO BOX,69214,36,sun valley,CA,91353,072-06-6521,19391013
A101494,JOHN,,GARCIA,10935,LULL,ST,,,SUN VALLEY,CA,91352,PO BOX,69214,36,SUN VALY,CA,91353,,19460125
A100986,Jon,,GARCIA,10935,LULL,ST.,,,"SUN VALLEY,CA",CA,91352-,POBOX,69214,,sun valley,CA,91353,072-07-5091,1946-01-25
A103174,J. GARCIA,,,10935,LULL,,,,SUNVALLEY,CA,91352,PO BOX,69214,36,Sun Valley,CA,91353,072075091,
A100829,YVETTE,,GARCIA,16822,HOLTON,ST,,,LA PUENTE,CA,91744,,,,,,,072-06-6521,19391013
A107142,Y. Garcia,,,16822,HOLTN,,,,La Puentee,CA,91744,,,,,,,,1939-10-13
A104620,DENNIS,,HERNANDEZ,16822,HOLTON,St.,,,la puente,CA,9174,,,,,,,072-06-6521,
A103944,Yvetta,Haroldo,GARCIA,16822,holton,ST,,,"LA,PUENTE",CA,91744,,,,,,,072066521,
A101569,John,,Garcia,16822,Holton,St,,,la puente,CA,91744,,,,,,,072-07-5091,
A104648,robert,,ramirez,16822,HOLTON,ST.,,,LA PUENTE,CA,91744-,,,,,,,072075091,1946-01-25
A102140,Jon,,GARCIA,16 822,HOLTON,ST,,,"LA,PUENTE,CA",CA,91744,,,,,,,,460125
A103905,J. Garcia,,,16822,HOLTON,,,,LaPuente,CA,91744,,,,,,,072-07-5091,19460125
A100340,una,joseph,salaz,608,OCEAN,blvd,,,Los Fresnos,TX,78566,,,,,,,096-96-1465,08/07/30
A100728,U. J.,,SALAS,608,OCEAN BLVD,,,,"LOS,FRESNOS,TX",TX,78566,,,,,,,096961465,19080730
A100290,Una,JOE,Salas,608,OCEAN,BLVD,,,los fresnos,TX,7856,,,,,,,,1908-07-30
A106746,UNA J.,,SALAS,608,OCEAN,BLVD.,,,LOS FRESNOS,TX,78566-,,,,,,,096-96-1465,
A104404,JOHN,,LOPEZ,10803,CARDIGAN,DR,,,EL PASO,TX,79935,POBOX,1957,27096,EL PAS0,TX,79926,096-96-2727,19051016
A106792,Jon,,LOPEZ,1080-3,CARDIGAN,,,,"ElPaso,TX",TX,79935,po box,1957,27096,El Paso,TX,79926,,1905-10-16
A100011,J. LOPEZ,,,10803,CARDIGAN,DR,,,el paso,TX,79935,PO BOX,1957,,EL PASO,TX,79926,096962727,
A103598,una,Joseph,lopez,43,EL PASO,rd,,,brownsville,TX,78520,POBX,3770,5501,BROWNSVILLE,TX,78523,,19080730
A104121,U. J.,,LOPEZ,43,ELPASO,RD,,,BROWNSVILLE,TX,7852O,PO BOX,3770,,Brownsville,TX,78523,096-96-1465,
A100170,Una Joe,,Lopez,43,EL PASO,RD.,,,"BROWNSVILLE,TX",TX,78520,po box,3770,5501,brownsville,TX,78523,096-96-1465,08/07/30
A101996,Una,J.,Lopez,43,ELPASO,,,,BROWNSVILLE,TX,78520-,,,,,,,096961465,19080730
A102252,john,,Lopez,43,elpaso,road,,,BROWNSVILLE,TX,7852O,"po,bo",3770,5501,BROWNSVILLE,TX,78523,096962727,1905-10-16
A103906,Maria,,Robbins,43,EL PASO,Rd,,,Brownsville,TX,78520,P O BOX,3770,5501,BROWNSVILLE,TX,78523,096-96-2727,19051016
A104565,D.,,Ramirez,43,EL PASO,,,,BROWNSVILLE,TX,7852,,,,,,,096-96-@727,
A103933,Shirley,STEVENS,Laurie,4405,Sunbst,Ave.,,,"NORTH,PORT",FL,34286,,,,,,,101-25-0277,1937/10/23
A101459,S. STEVEN,,LAURI,4405,SUNBURST,,,,NORTH PORT,FL,3428,,,,,,,101-25-0277,
A103077,shirly,Steven,LAURI,4405,SUNBRUST,AV,,,north port,fl,34286,,,,,,,101250277,19371023
A104302,SHIRLEY,,LAURI,4405,SUNBURST AVE,,,,N.P.,FL,34286-,,,,,,,,1937
A100461,SHIRLEY,S.,LAURI,44O5,SUNBURST,AVE,,,NORTH PORT,F1,34286,,,,,,,101-25-0277,23-Oct-1937
A101286,SHIRLEY STEVEN,,LARRI,4405,SUNBURST,AVE,,,NORTHPORT,FL,34286A,,,,,,,101-25-0277,19371023
A106431,Shirley,Stvn,Laurie,865,20th,St.,,,HIALEAH,FL,33013,,,,,,,101-25-0277,1937-10-23
A101862,S. STEVEN,,LAURI,865,20 TH,ST,,,HIALEAH,FL,33013-,,,,,,,,19371023
A104468,SHIRLEY,STEVEN,LAURI,865,20TH,,,,HiaLeah,FL,3301,,,,,,,101250277,19371023
A107056,shirley steven,,lauri,865,20TH,ST,,,HIALEAH,fl,33013,,,,,,,101-25-0277,
A105359,SHIRLEE,,LARI,865,20TH,ST,,,HIALAH,FL,33013A,,,,,,,101-25-0277,19371023
A103692,S,S.,Laure,865,20TH,ST,,,HIALEAH,FL,33013,,,,,,,101-25-0277,10/23/1937
A105379,JOHN,,BROWN,675,MYRTLEWOOD PL,,,,melbourne,FL,32940,,,,,,,101-25-8622,1934-02-05
A104747,J. B.,,BROWN,675,MYRTLEWOOD,PL,,,MELBOURNE,FL,3294O,,,,,,,101258622,
A105834,JOHN,,BROWNE,675,MYRTLEWOOD,PL,,,MELBURN,FL,32940A,,,,,,,101-25-8622,19340205
A102762,john,,brown,675,MYRTLE WOOD,PL,,,melbourne,fl,32940,,,,,,,,02/05/1934
A103310,Jon,,BROWAN,675,MYRTLWOOD,,,,MELBOURNE,FL,32940,,,,,,,101-25-8622,1934
A100568,J BROWN,,,675,MYRTLEWOOD,PL,,,Melbourne,FL,32940,,,,,,,101258622,19340205
A103597,SHERLEY,STEVEN,BROWN,2362,KEATS,LN.,,,SAN RAMON,CA,94582,,,,,,,101250277,19371023
A105785,Shirley,Steven,Brown,2362,Keaats,LN,,,San Ramon,CA,94582A,,,,,,,,1937-10-23
A105948,S. STEVEN,,BROWN,2362,KEATS,,,,SAN RAMON,CA,94582,,,,,,,101-25-0277,
A101385,SHIRLEY STEVEN,,BROWN,2362,KEATS,LN,,,"SAN,RAMON",CA,94582,,,,,,,101-25-0277,19371023
A101358,S BROWN,,,2362,KEATS,LN,,,SAN RAMON,CA,94582,,,,,,,,1937
A103259,john,,brown,2362,KEATS LN,,,,san ramon,CA,94582,,,,,,,101-25-8622,1934-02-05
A101858,Jon,,BROWN,2362,KEATS,LN,,,SAN RAMON,CA,94582A,,,,,,,101258622,19340205
A101026,J BROWN,,,2362,KEATS,LN,,,"SAN,RAMON",CA,94582,,,,,,,,
A100596,SHIRLEY,STEVEN,BROWN,4520,EASTBURY,AVE,,,COVINA,CA,91722,,,,,,,101-25-0277,19371023
A101714,Shirley S.,,Brown,4520,Eastbury,AVENUE,,,Covina,Ca,91722,,,,,,,101250277,19371023
A106038,SHIRLEY,,BROWN,452O,EASTBURY,AVE,,,COVINA,CA,9172,,,,,,,,
A103270,S.BROWN,,,4520,EASTBURY AVE,,,,COVINA,CA,91722A,,,,,,,101-25-0277,23-10-1937
A101391,john,,brown,4520,EASTBURY AVE,,,,covina,ca,91722,,,,,,,,1934-02-05
A101457,John,,BROWN,4520,EASTBURY,AVE,,,COVINA,CA,91722A,,,,,,,101-25-8622,19340205
A101695,Jon,,BROWNE,4520,EASTBURY,AVE,,,Covina,CA,91722,,,,,,,101258622,02/05/1934
A100354,J BROWN,,,4520,EASTBURY,AVE,,,COVINA,CA,91722,,,,,,,101-25-8622,1934
A101645,JOHN,,BROWN,452O,EASTBURY,AVE,,,Covina,CA,91722,,,,,,,,
A100824,MIRIAM,,RAMIC,2198,POMEROY RD,,,,SPRING HILL,FL,34609,,,,,,,138-54-2800,19650313
A100907,Miriam,,RAMIC,2198,Pomroy,RD,,,"Spring,Hill",FL,34609A,,,,,,,138542800,1965-03-13
A104839,MIRIAM,,RAMC,2198,POMEROY,RD,,,SPRING HILLS,FL,34609,,,,,,,,
A106715,M RAMIC,,,2198,POMEROY,RD,,,SPRING HILL,FL,34609,,,,,,,,1965
A101630,MIRIAM,,RAMIC,2198,POMEROY,RD,,,SPRNG HILL,FL,34609,,,,,,,138-54-2800,
A105344,Miriam,,RAMIC,2455,Omega,WY,,,STUART,FL,34997,PO BOX,10129,361,STUART,FL,34995A,138-54-2800,19650313
A107019,MIRIAM,,RAMIC,2455,OMEGA WY,,,,Stuart,FL,34997,P O BOX,10129,361,Stuart,FL,34995,138542800,1965-03-13
A101740,M RAMIC,,,2455,OMEGA,WAY,,,STUART,FL,34997,,,,,,,,
A104777,MIRIAM,,RAMIC,2455,OMEGA,WAY,,,STUART,FL,3499,PO BOX,10129,361,STUART,FL,34995,,19650313
A105725,Miriem,,RAMC,2455,OMEGA,WAY,,,STWART,FL,34997,PO BX,10129,361,STUART,FL,34995,138-54-2800,19650313
A100356,MIRAM,,RAMIC,2455,OMEG,WAY,,,STUART,FL,34997,P0 BOX,10129,361,Stuart,FL,34995,138-54-2800,03/13/1965
A101019,MIRIAM,,RAMIC,6450,HIGHWAY 189,,,,BAKER,FL,32531,,,,,,,138-54-2800,19650313
A101155,MIRAM,,RAMC,6450,HWY 189,,,,BAKER,FL,3253,,,,,,,138542800,1965-03-13
A103945,M. RAMIC,,,6450,HIGHWAY 189,,,,BAKER,FL,32531,,,,,,,,
A103972,John,,LOPEZ,9107,Dollarway,Rd,Apt,C,White Hall,AR,71602A,PO BOX,13336,20693,White Hall,ar,71612,138-55-4876,19670702
A104354,JOHN,,LOPEZ,9107,DOLLARWAY,ROAD,APT,C,"WHITE,HALL",AR,71602,PO BOX,13336,20693,WHITE HALL,AR,71612,138554876,1967/07/02
A105093,Jon,,LOPEZ,9117,DOLARWAY,RD,,,WHITE HALL,AR,71602,P O BOX,13336,20693,WHITE HALL,AR,71612,138-55-4876,
A101006,J LOPEZ,,,9107,DOLLARWAY RD,,,,WHITE HALL,AR,71602,,,,,,,,07/02/1967
A106563,John ,,LOPEZ,179,HighLAnd,Dr.,,,horseshoe lake,AR,72348,,,,,,,138-55-4876,1967-07-02
A103554,JON,,LOPEZ,179,HIGHLND,DR,,,"Horseshoe,LAKE",ar,72348,,,,,,,138554876,19670702
A103709,J.,,L0PEZ, 179,HIGHLAND,DR ,,,HORSESHOE LAKE ,AR,72348-,,,,,,,13-55-876,
A100979,john,,lopez,0179,HIGHLAND,DR,,,HORSESHOE LAKE,AR,72348,,,,,,,,19670702
A107166,Jonh,,Loepz,179,HIGLAND,DR,,,HORSESHOE LAKE,AR,72348A,,,,,,,138 55 4876,67/07/02
A101157,Miriam,,lopez,1836,FROST,Wy,,,Discovery Bay,CA,94505 ,,,,,,,138542800,19650313
A100451,MIRIAM ,,LOPEZ,1836,FROSTT,WAY,,,"DISCOVERY,BAY",CA,94505,,,,,,,138-54-2800,
A107226,JOHN,A,GARC1A,1836.,FROST,,,,Discovery bay,Ca,945O5,,,,,,,,1965/03/13
A100823,MIM,,LOPEZ,18368,FROST,WAY,,,DISCOVERY BAY,CA,94505,,,,,,,138-54-28OO,196503
A104300,JOHN,,LOPEZ,1836,FROST,WAY,,,DISCOVERY BAY,CA ,94505,,,,,,,138 55 4876,19670702
A105035,John,,Lopez,1836,FROST,WY,,,DISCOVERY BAY,ca,94505-,,,,,,,138-55-4876,1967/07/02
A105438,J.,,LOPZ,1836,FROST,WAY,,,"Discovery, BAY",CA,94505,,,,,,,,670702
A102407,Jon,,Lopez,183,FROSTT,WAY ,,,DISCOVERY BAY,CA,94505,,,,,,,138-5-54876,1967-07-02
A104012,JOHN ,,LOPEZ ,01836,FROZST,WAY,,,dISCOVERY bAY,CA,945o5,,,,,,,138554876,
A104569,JOHN,,LOPEZ,1836,FROST,WAY,,,DISCOVERY BAY,CA,94505,,,,,,,138-55-4876,1967
A100445,Miriam,,LOPEZ,6180,BARCELONA,Ave,,,RIV RSIDE,CA,92509,P O BOX,8926,52661,riverside ,CA,92517,138-54-2800,1965-03-13
A103981,MIRIAM,,lopes,618O,BARCELONA,AVE,,,"Riverside,CA",CA,92509,PO BOX,8926,52661,Riverside ,CA,92517A,,19650313
A106406,M. ,,LOPEZ,6180,BRCLONA,AVE,,,Riverside,ca,92509,"po,bo",8926 ,5266l,riverside,CA,92517,138542800,
A103076,John,,LOPEZ,6180,BARCELONA,AVE,,,RIVERSIDE,CA,92509,PO BOX,8926,52661,riverside,CA,92517,138-55-4876,19670702
A105792,JOHN ,,LOPEZ,6180,BARCALONA, AVE,,,RIVERSIDE,CA,925O9,P0 B0X,8926,,Riverside,CA,92517-,138-55-4876,
A100044,J.,,LOPEZ,06180,BARCELONA,AVE,,,riverside ,CA,92509,,,,,,,138554876,1967/07/02
A100314,Jon,,Lopes,6180,BARCELONA ,AVE,,,Riverside,CA,92509,PO BOX,8926,52661,"Rivers,ide",CA,92517,138-55-4876,196707
A101753,madeline,david,HOWELL,767O,EL CERRO,DR,,,Buena Park,CA,90620,,,,,,,182-40-8086,19130511
A100164,SEAN,ANN,CALNGE,7670,EL CERRO,Dr.,,,"BUENA, PARK",ca,90620,,,,,,,182408086,1913/05/11
A100904,M.,DAVID,HOWEL,7670,ELCERRO,,,,B.Park,CA,90620-,,,,,,,,191305
A106666,Jose,Guadalupe,Castillo,770,EL CERRO,DR,,,BUENA PARK,CA,9062O,,,,,,,182-40-8086,19130511
A107250,madeline,david,howell,2502,JOHNSTON,st,,,perris ,CA,92571,,,,,,,182-40-8086,19130511
A107266,M.D.,,HOWELL,25002,JOHNSTON,ST,,,"PERRIS,CA",CA,92571 ,,,,,,,,1913/05/11
A103039,Madelyn,David,HOWEL,2502,JOHNSON,ST,,,Perris,ca,9257I,,,,,,,182408086,191305
A106090,MADELINE ,,HOWELL ,2502,JOHNSTON ,,,,Perris,CA,92571,,,,,,,182 40 8086,19130511
A101962,Maddie,,Howell,2502,JOHNSTON,ST,,,PERRIS,CA,92571,,,,,,,182-40-8086,19130511
A105444,Madeline,,Howell,403,GREENDALE,DR.,,,La Puente,CA,91746,,,,,,,182-40-8086,19130511
A106957,KAREN,,RODRIGUES,403,GREENDALE,DR,,,la puente,CA,91746-,,,,,,,182408086,1913/05/11
A100025,BARBARA,,VELASQUEZ,4036,GREENDAEL,DR,,,LA PUENTE,ca,91746O,,,,,,,,191305
A101278,M.,,HOWELL,403,GREENDALE,,,,LA PUENTE,CA,91746,,,,,,,182-40-8086 ,19130511
A100183,JOHN,Chemange,CHAVEZ,1535,Douglas,Rd.,,,STOCKTON,CA,95207,,,,,,,182-40-8583,19031024
A100793,J.,,Chavez,1535,DOUGLAS,rd,,,stockton,ca,952O7,,,,,,,182408583,1903/10/24
A106049,John C.,,Chavez,153,DOUGLAS,,,,"STOCKTON,CA",CA,95207 ,,,,,,,,190310
A103241,JOHN,,chavez,3522,CODY,RD,,,SHERMAN OAKS,CA,91403,PO BOX,39215,57156,sherman oaks ,CA,91413,182-40-8583,19031024
A105017,J. C.,,Chavez,3522,CODY,Rd.,,,SHERMAN OAKS,CA,91403,P O BOX,39215,,Sherman Oaks,CA,91413-,182408583,1903-10-24
A101187,Jon,,Chavez,03522,C0DY,RD,,,SHERMaN OAKS,ca,9143,P0 B0X,39215,57156,sherman oaks,CA,91413,182 40 8583,
A107017,JOHN,,CHAVEZ,14818,HUSTON,ST,,,"SHERMAN, OAKS",CA,91403,PO BOX,39215,57156,SHERMAN OAKS,CA,91413,182-40-8583,19031024
A100391,J.,,Chavez,14818,HUSTON,ST.,,,sherman oaks,CA,91403-,p.o.box,39215,57156,SHERMAN OAKS,CA,91413O,182408583,1903/10/24
A101758,John C.,,CHAVEZ,14818 ,HUSTON,ST,,,SHERMAN OAKS,ca,91403,PO BOX,39215,57156,SHERMAN OAKS,Ca,91413,182-40-8583,190310
A106710,Jon,,CHAVEZ,14818,HUSTON,ST,,,SHERMAN OAKS,CA,91403,PO BOX,39125,57156,SHERMAN OAKS,,91413,182-40-8583,
A102524,Madeline,,CHAVEZ,12220,PELLICANO,DR,Apt,1509,El Paso,TX,79936,,,,,,,182-40-8086,19130511
A101439,M.,,Chavez,1222O ,PELlICANO,DR,APT,1509,EL PASO,TX,79936,,,,,,,,1913/05/11
A100738,Madelyn,DAVID,CHAVEZ,12220,PELLACANO,Dr.,APT.,1509,"El Paso,TX",TX,79936,,,,,,,182408086,191305
A103423,Maddie,D.,Chavez,12220,PELLICANO,DR,APT,15009,ELPASO,Tx,79936A,,,,,,,182 40 8086,
A100077,MADELINE,DAVID,CHAVEZ ,12220,PELLICANO,,APT,,EL PASO,TX,79936,,,,,,,182-40-8086,19130511
A101937,John,CHEMANGNE,Chavez,12220,Pelicano,DR,APT,1509,El Paso,TX,79936,,,,,,,182-40-8583,1903-10-24
A103726,J.CHAVEZ,,,12220,Pelicano,Drive,APT.,,EL PASO,TX,79936,,,,,,,182408583,
A104493,Jon,,Chavez,11220,PELIECANO,DR,,,"El, Paso",TX ,79936 ,,,,,,,,19031024
A103698,JOHN ,C.,CHAVEZ,12220,PELLICANO,DR.,Apt,1509,EL PASO,TX,79936-,,,,,,,182-40-8583,
A104710,HERSCHEL,L.,JOHNSON,12220,Pellcano,dr,APT,1590,el paso,Tx,79936,,,,,,,18-240-8583,1903/10/24
A102531,BRIDGET,,joshua,2635,FRUITTREE,,,,Springdale,AR,72764,P.O. BOX ,7647,6412,springdale,Ar,72766,050-456296,1927-01-07
A104566,Bridget,,Joshua,2635,FRT TREE,,,,SPRINGDALE,AR,72674,"po,bo",7647,6412,SPRINGDALE,AR,72766-,050-45-6296,19270107
A105002,B.Joshua,,,2635,FRUIT TREE,,,,SPRINGDALE,AR,72764 ,POBX,7647,,Spring dale,AR,72766,,01/07/1927
A103140,Bridgit,,Josuha,2635,FRUT TREE,,,,SPRINGDALE,AR,72764,,,,,,,05045-6296,192701
A103622,bridgeT,,josua,263 5,Fruit Tree,,,,SPRINGDALE,AR,72764,P O BOX,7647,6412,SPRINGDALE,AR,72766,05-045-6296,
A101210,b,,joshua,2653,fruit tree,,,,sprngdale,AR,72764,PO BOX,7647 ,,SPRINGDALE,ar,72766,,
A105821,BRIDGEt,,joshua,10,NEVADA,LN,,,Cabot,Ar, 72023,,,,,,,050-45-6296,19270107
A104282,BRIDGET,,,10,NEVADA LN,,,,CABOT,AR,72023,,,,,,,050456296,
A101431,Bridget,,Josua,10,NEVADA,Ln,,,cab ot,AR,72023,,,,,,,,1927/01/07
A104553,JOSE,,MENDOZA,3665,WIMBLEON,DR,,,Pensacola,FL,32504,po box,7530,3522,PENSACOLA,FL,32516,050-47-2647,19370120
A102165,Jose,,MendOZA,3665,WIMBLEDON,DR,,,PENSACOLA,FL,32504 ,P.O.BOX,7530,,PENSACOLA,FL,32516,050472647,1937-01-20
A100333,J. Mendoza,,,3665,WIMBLEDN,,,,pensacola,Fl,32504,pobox,,,pensacola,FL,32516,,01/20/1937
A106850,JOSE,,MENDOZA,366 5,WIMBLEDON,DR,,,PENSACOLA,FL,32504,,,,,,,050-47-2647,193701
A105842,Josef,,MENDOZA,3665,WIMBLEDON,DR.,,,PENSACOLA,FL,32504A,PO BOX,,,,,,050-47-2647,19370120
A104174,NIGEL,,PADRID,3665,WIMBLEDON,DR,,,PENSACO.LA,FL,325O4,PO BX,7530,3522,PEN SACOLA,FL,32516,,
A104908,Jose,,Mandoza,19110,ANAHEIM,Dr,,,Spring Hill,FL,3461O,,,,,,,050-47-2647,19370120
A100156,J.Mendoza,,,19110,ANAHEIM DR,,,,"SPRING,HILL",FL,34610,,,,,,,050-47-2647,
A104199,JAMES,,GONZALEZ,19110,ANAHEIM,DR,,,Springhill,FL,34610,,,,,,,,1937-01-20
A105291,JOSE,,MENDOZA,19110,ANAHEIM,DR.,,,SPRING HILL,FL,34610,,,,,,,050472647,19370120
A106504,Jose,,MENDOZA,1911 0,ANAHEIM,dr,,,Spring Hill,Fl,34610,,,,,,,,193701
A106578,Bridgett,,MENDOZA,1432,13th,st,,,Saint Petersburg,Fl,33704,,,,,,,050-45-6296,19270107
A105919,B. Mendoza,,,1432,13TH ST,,,,SAINT PETERSBURG,FL,33704,,,,,,,050456296,192701
A105523,Bridget,,Mendoza,1432,13th,St.,,,St. Petersburg,FL,33704A,,,,,,,050-45-6296,
A103047,Barbara,,GONZALEZ,1432,13TH,ST,,,"SAINT,PETERSBURG",FL,33704,,,,,,,050-45-6296,01-07-1927
A100166,B MENDOZA,,,1432,13TH,ST,,,SAINT-PETERSBURG,FL,33704,,,,,,,,1927
A104045,bridget,,mendoza,1432,13TH,st,,,saintpetersburg,fl,33704,,,,,,,050-45-629,
A100006,JOSE,,MENDOZA,1432,13TH,ST,,,SAINT PETERSBURG,FL,33704,,,,,,,050-47-2647,19370120
A100392,Jose,,MENDOZA,1432,13Th,St.,,,Saint Petersburg ,FL,33704,,,,,,,,1937-01-20
A102244,J.MENDOZA,,,1432,13TH,ST,,,ST PETERSBURG,FL,33704A,,,,,,,050472647,
A105428,JOSE,,MENDOZA,1432,13TH,ST,,,SAINT PETERSBURG,FL,3370-4,,,,,,,050-47-2647,193701
A106810,Josef,,MENDOZA,1432,13TH,ST,,,SAINT PETERSBURG,FL,33704,,,,,,,,
A100527,BRIDGET,,MENDOZA,1290,RUGBY,AVE,,,Ventura,CA,93004,,,,,,,050-45-6296,19270107
A105972,JON,,LOPEZ,129 0,RUGBY,AVE,,,VENTURA,CA,93004,,,,,,,,1927/01/07
A103192,MARIA,,DIAZ,1290,RUGBY AVE,,,,VENTURA,ca,93004A,,,,,,,050-45-6296,
A100195,BRIDGET,,MENODZA,1290,RUGBY,AVE.,,,VENTURA,CA,93004,,,,,,,050456296,19270107
A104040,Jos3,,Kolenberg,1290,RUGBY,AVE,,,"VENTUR,A",CA,9304,,,,,,,,192701
A102833,B Mendoza,,,1290,RUGBY,AVE,,,VENTURA,CA,93004,,,,,,,,
A106933,AARON,BETH,Babcock,1071,VALLEJO,ST,,,SANTA ROSA,CA,95404,P O BOX,512,1 5031,SANTA ROSA ,CA,95402,050-45-6296,19270107
A102750,ROBERT,,MENA,1071,VALLEJO,ST.,,,SANTA ROSA,CA,95404,PO BOX,512,15031,SANTA ROSA,CA,9542,050-45-6296,01/07/1927
A106774,BRIDGET,,MENDOZA,1701,VAL LEJO,ST,,,"Santa,Rosa",CA,95404A,,,,,,,050-456296,
A105639,B. Mendoza,,,1071,VALLEJO ST,,,,SANTA ROSA,CA,95404,pobox,512,15031,SANTA ROSA,,95402,,
A103556,GWEN,,TATON,1071,vallejo,st,,,Santa Rosa,ca,95404,PO BOX,512,15031,Santa Rosa,CA,95402,,1927
A102909,B,,MENDOZA,1071,VALLEJO,ST,,,SANTA ROSA,CA,95404,,,,,,,,192701
A101682,Bridget,,MENDOZA,43620,Fig,AVE,,,Lancastr,CA,93534,,,,,,,050-45-6296,19270107
A105784,B. mendoza,,,43620,FIG AVE,,,,LANCASTER,CA,93534A,,,,,,,,
A101948,BRIDGET,,MENDOZA,43620,FIG,AVE.,,,LANCASTER,CA,93534,,,,,,,050456296,192701
A102050,Alicia,HALL,Gordon,1610,JEMIMA,Ave,,,OCOEE,FL,34761,,,,,,,126-09-4202,1972-09-19
A102304,A.Gordon,,,1610,JEMIMA AVE,,,,OCOEE,fl,34761A,,,,,,,126094202,
A105585,alicia,hall,gordon,161 0,jemima,ave,,,oc oee,FL,34761,,,,,,,,197209
A100761,Jose,,REYES,1800,HOLGUIN,st,,,Lancaster,CA,93534,p o box,19295,901754,Lancaster,CA,93535,126-09-6803,19620225
A106922,J REYES,,,1800,HOLGUIN ST,,,,LANCASTER,CA,93534,POBX,19295,,LANCASTER,CA,93535,126096803,
A100768,Jose,,Ryes,1800,HOLGUIN,ST.,,,LANCASTER,CA,93534A,PO BOX,19295,901754,LANCASTER,CA,93535-,,1962-02-25
A101077,JOSE,,REYES,1800,HOLGUIN,ST,,,"Lancaster,",CA,95343,P O BOX, 19295, 901754 ,LANCASTER,CA ,93535,126-09-6803,
A106360,L. ,,CHOUNCEY,1800,holguin,st,,,lancaster,ca,93534,,,,,,,12-609-6803,196202
A100358,J.,,REYES,180 0,HOLGUIN,ST,,,LANCASTER,CA,93534,POBOX,19295,901754,LANCASTER,CA,93535,,
A105420,Jose,,reyez,110,Monroe,St.,,,Taft,CA,93268,,,,,,,126096803,1962/02/25
A100203,Brenda,,BRIGGS,110,MONROE,STREET,,,TAFT,CA,93268,,,,,,,126-09-6803,19620225
A101308, J.O.S.E ,,Reyes,0110,MONROE,st,,,taft,CA,93268 ,,,,,,,126 09 6803,
A102241,STEVEN,,HENANDEZ,,monoroe,st,,,T.A.F.T.,CA,93268,,,,,,,126096803,62-02-25
A106083,J REYES,,,110,MONROE,ST,,,taFt,,93268,,,,,,,,1962
A100916,PATRICIA,,PEREZ,510 ,DANIELS,AVE,,,Vallejo,CA,94590-,POBox,2561,5745,Vallejo,CA,94591 ,126-09-6803 ,19620225
A104968,JOSE,,RAYES,,DANIELS,AV,,,VALLEJO,CA,94590,P O BOX,2561,,VALLEJO,CA,94591,126-09-6803,1962-02-25
A100414,GAYLA,,MURPHY,510,DANIELS.,AVE,,,VALL EJO,CA,945OQ,"po,bo",2561 ,5745,VALLEJO,CA,94591,126096803,
A102569,J. REYES,,,510,DANIELS,Ave.,,,VALLEJO,CA,94590,POBX,2561,5745 ,Vallejo,CA,,,19620225
A101532,YOLANDA,,MARTINEZ,510,Daniel's,ave,,,VALLEJO,,94590,PO BOX,2561,5745,VALLEJO,CA,94591,126-09-6803,
A105608,Alicia,Hall,Reyas,7057,REICHMUTH,wy,,,SACRAMENTO,CA,95831 ,Po Box,12343,293357,Sacramento,CA,95829,126-09-4202,1972-09-19
A101393,ALICIA H.,,REYES,7057,reichmuth,WAY,,,sacramento,CA ,95831,P O BOX,12343 ,293357,SACRAMENTO,CA,95829,126094202,72/09/19
A100088,A. HALL REYES,,,7057,REICHMUTH,,,,sac.ramento,CA,95831,P0 B0X,12343,,sacramento,CA,,,1972
A102692,José,,REYES,7057,Reichmuth,WAY,,,Sacramento,CA,95831,PO box,12343,293357,Sacramento,CA,95829,126-09-6803,19620225
A106032,J REYES,,,7057,REICHMUTH,WY,,,sacramento,CA,95831,pobox,12343 ,293357,SACRAMENTO,CA,,126096803,1962-02-25
A105937,JOE,,REYEZ,7057,REICHMUTH,WAY,,,SACRAMENTO,CA,95831,,,,,,,,
A107175,Alicia,H.,Reyes,26893,BOUQUET CNYN,RD,APT,C103,Saugus,CA,91350,,,,,,,126-09-4202,19720919
A102341,Jen,,DAVIS,26893,Bouquet Canyon,rd,#,Cl03,saugus,CA,91350,,,,,,,,1972-09-19
A106934,ALICIA,HALL,REYEs,26893 ,B0UQUET CANYON,RD,,c103,SAUGUS,CA,91350-,,,,,,,126094202,197209
A104478,Alice,H.,Reyez,26893,Bouquet Canyon,ROAD,APT.,C103,Saugus,,91350,,,,,,,,
A102586,JOSE,,REY3S,26893,BOUQUET CANYON,RD,#,C103,saugus,CA,91350,,,,,,,126-09-6803,19620225
A107037, J. REYES,,,26893,bouquet canyon,rd,,c103,SAUGUS,CA,91350 ,,,,,,,,1962-02-25
A105117,THOMAS,,HERNANDEZ,26893,Bouquet Cyn,,APT,C103 ,SAAUGS,CA,91350,,,,,,,126096803,
A101022,ALICIA,HALL,REYES,32689 ,HUPA,DR,,,TEMECULA,CA,92592,,,,,,,,
A100207,A. H. REYES,,,32689,HuPa,Dr.,,,temecula,CA,92592,,,,,,,126094202,19720919
A104340, Alicia  ,Hall,Reyez,32689,HUPA,DRIVE,,,Temecula,CA,925Q2,,,,,,,126-09-4202,1972-09-19
A106146,Alisia,H,Reys,32689,HUPA,DR,,,TEMECULA,,92592,,,,,,,,1972
A100408,A. H.,,REYES,,HUPA,DR,,,Temecula,CA,92592,,,,,,,126-09-4202,
A102930,WILLIAM,,VILALRREAL,32689,HUPPA,Dr,,,temecula,CA,92592,,,,,,,126-09-6803,1962-02-25
A104125,Joe,,reys,32689,HUPA,DR.,,,TEMECULA,CA,92592-,,,,,,,126096803,
A106013,J. REYES,,,,HUPA,DR,,,Temecula,,92592,,,,,,,,19620225
A105401,YOLANDA,LEILANI,COLEMANN,4146,MADISON,AVE,APT,62,North Highlands,CA,95660,,,,,,,132-76-6400,1962-02-18
A101766,YOLANDA L. COLEMAN,,,4146,madison,AV,Apt.,062,north highlands,CA,95660 ,,,,,,,132766400,19620218
A104992,YOlanda,LEILANI,COLEMAN,4146,Matson,AVE.,,,NORTH.HIGHLANDS,CA,9566O,,,,,,,,
A102805,Y COLEMAN,,,,MADISON,AVE,APT,62,NORTH HIGHLANDS,CA,95660,,,,,,,132-76-6400,1962
A100359,YOLANDA,LEILANI,COLEMAN,7982,MICHIGAN,AVE,,,Oakland,CA,94605,,,,,,,132-76-6400,1962/02/18
A100618,Y L COLEMAN,,,7982,Michigan Ave.,,,,oakland,CA,94605-,,,,,,,132766400,19620218
A101195,Yolanda,Lelani,Coleman,7982,MICHGIAN,AVE,,,OAKLAND,CA,946o5,,,,,,,,
A100251,YOCOLEMAN,,,,MICHIGAN AVE,,,,oakland,,94605,,,,,,,132-76-6400,1962-02
A105762,C HERYL,,LOPEZ,7982,MICHIGAN,AVE,,,OAKLAND,CA,94605,,,,,,,,19620218
A104617,YO.,,COLEMAN,7982,MICHIGAN,AVE,,,oakl and,CA,94605,,,,,,,,
A101037,Jose,,REYES,1096,LOMBARDY,Dr,,,DELTONA,FL,32725,,,,,,,132-79-8413,1969-04-25
A103275,J REYES,,,1096,Lombardy,DR.,,,deltona,FL,32725-,,,,,,,132798413,19690425
A106093,JOZÉ,,REYS,1096,L0MBARDY,DR,,,DELTONA,,32725,,,,,,,,
A100790,Joe,,Reyes,1096,Lombardy,Drive,,,Deltona,Fl,32725,,,,,,,132-79-8413,69/04/25
A104631,J. R.,,REYES,1096,LOMBARDY,,,,deltona,FL,32725,,,,,,,,1969
A106034,JOSE,,RAYES,,LOMBARDY,DR,,,DELTONA,FL,_32725,,,,,,,132-79-8413,
A103830,JOSE,,REYES,5735,VISTA LINDA,DR,,,orlando,FL,32822,POBOX,1080,720506,orlando,FL,32872,132-79-8413,1969-04-25
A104222,J REYES,,,5735,Vista Linda,DR.,,,ORLANDO,FL,32822,P O BOX,1080 ,720506,Orlando,FL,32872,,19690425
A101683,JOZE,,REYEZ,5735,VISTA LINDa,DR,,,Or LAND o,FL,32822,"po,box",1080,720506,ORLANDO,FL,,132798413,
A101505,JOE,,REYES,5735,VISTA LINDA,Dr,,,orlando,,32822,PO BOX,1080,,ORLANDO,FL,32872,,19690425
A100149,JAMES,,GONZALEZ,,VISTA LINDA,DR,,,Orlando,FL,32822,POBX,1080,720506,,,,,1969
A103890,yolanda,leilani,reyeS,7837,Longfield,DR.,,,Ft.Worth,TX,76108,,,,,,,132766400,1962-02-18
A105898,Y. ,,Reyes,78 37,LONGFEILD,DRIVE,,,FORT WORTH,TX,761O8,,,,,,,132-76-6400,02/18/1962
A105252,YOlanda,,Reyes,7837,Longfld,Dr,,,"FORT, WORTH",TX,76108-,,,,,,,,19620218
A104154,Lana,,Rayes,7837,Longfield,,,,Ft Worth,TX,,,,,,,,132-76-6400,
A105480,JOSE,,REYES,7837,LONGFIELD,DR.,,,FORT-WORTH,TX,76108,,,,,,,132798413,1969/04/25
A101081,Jose,,reyse,7837,LONGFEILD,DR,,,Fort worth,TX,76108,,,,,,,132-79-8143,690425
A102464,J.,,Reyes,7837,Longfield,DR,,,FORT WORTH,TX,761O8,,,,,,,132-79-8413,
A107030,Joseph,,Reyez,,Longfield,Dr,,,Forth Worth,TX,76108,,,,,,,,19690425
A102617,JOSE,,REYES,  7837,LONGFIELD,DR,,,FTW,TX ,76108,,,,,,,132-79-8413,19690425
A107130,JOSE,,REYES,7837,LONGFIELD,DR,,,"Fort, Worth",TX,76108-0000,,,,,,,,19690425
A101738,Jose,,Reyes,5300,Meadow,CT,,,Flint,TX,75762,,,,,,,132798413,1969-04-25
A103321,JOES,,REYES,5300,MEDOW,Ct,,,"FLINT,", TX,75762A,,,,,,,132-79-8413,19690425
A105947,Joe,,Reyez,5300A,Meadow,,,,FLANT,TX,75762,,,,,,,,19690425
A103066,J.,,REYES,5300,MEADOW,CT,,,Flint,TX,75762,,,,,,,132-79-8413,
A103734,Jose,,Reyes,53O0,Meadow,C.T.,,,Flint,TX,75762,,,,,,,,04/25/1969
A106369,JOSE,,REYES, 5300 ,MEADOW ,CT,,,FLINT,TX,75762,,,,,,,132-79-8413,19690425
A100539,Jose,,Reyes,5401,54th,,APT.,81,Lubbock,TX,79414,P O BOX,22964,64062,Lubbock,TX,79464,132-79-8413,69690425
A103009,J.,,Reyez,5401,54Th,Street,Apt,81,LUBBOCK,TX,7941l,po box,22964,,lubbock,tx,79464,,19690425
A100274,Jose,,Reyes,5401,54TH,ST,APT,81,Lubbock,TX,79414,POBOX,22964,,Lubbock,TX,79464,132798413,
A106201,JOSE,,REYES,15327,HAMPTON,CIR,,,HOUSTON,TX,77071,P0 B0X,4857,280034,HOUSTON,TX ,77228,132-79-8413,19690425
A105915,ROBERT,,MENA,15327,HAMTON,CIR.,,,Houston,TX,77071 ,PO BOX,4857 ,,HOUSTON,,77228-,132798413,19690425
A103633,J.,,Reyes,15327 ,Hampton,,,,Houston,TX,77071,POBOX,4857,280034,,TX,,,19690425
A100008,Jose,,REYES,15327,HAMPTON,Cir,,,"Houston,",TX,77071,,,,,,,,19690425
A102772,Joseph,,Reyes,,,,,,Houston,TX,77071,PO BOX,04857,280034,HOUSTON,TX,77228,132-79-8413,
A106120,damien,,garcia,15327,HAMPTON,CIR,,,houston,TX,77071,PO.BOX,4857,28O034,houston,TX,77228,,
A106290,MICHEL,,FIGUEROA,15111,Freeman,Ave,Unit,80,Lawndale,CA,90260,"po,box",71749,804,LAWNDALE,CA,9026O,152828669,1965-07-26
A105749,Patty,A.,Moreira,15111,Freemn,Avenue,Un.,80,LAWNDALE,ca,90260,PO BOX,71749,804,Lawndale,CA,90260-0000,152-82-8669,07/26/1965
A101885,P.,A,Moriera,15111,FREEMAN,AVE,UNIT,80,La Wndale,CA,92060,P.O. Box,71749,804,LAWNDLE,,90260,,19650726
A103281,Patricia,A,Moreira,15111,FREEMAN,,,,"LAWNDALE,CA",,90260,,,,,,,152-82-8669,
A107086,PATRICA,,MORIERA,15111A,FREEMAN,AVE,UNIT,80,LAWNDALLE,CA,9026O,PO BOX,71749 ,,LAWANDALE,CA,90260,152-82-8669,19650726
A103239,SYLVIA,,RAMIREZ,800,Chase,AVE,apt.,C,"El Cajon,",CA ,9202O,P O BOX,2898,20791,"EL,CAJON",CA,92021,152-82-8669,19650726
A102728,Patti,A,Moreira,800C,CHASE,AVE,,,ELCAJON,CA,92020,POBOX,2898,20791,ELCAJON,,92021,,1965-07-26
A102669,P.,A,Moreira,800,CHASE,AVENUE,APT,C,EL CAJON,CA,92021,po box,2898,,,CA,92021,152828669,19650726
A101635,Patricia,,MOREIRA,0800,CHASE,AVE,APT,C,EL CAJON,CA,92020,PO BOX,2898,20791,EL CAJON,CA,92021,152-82-8669,
A102713,Patrisha,A,Moriera,800,Chase,,,,EL CAJON,CA,92020,PO BOX,2898,20971,EL CAJON,CA,92021,,19650726
A101840,MARIA,,GARZA,,CHASE,AVE,,,ElCajon,CA,92020,,,,,,,152-82-8669,
A103176,Patricia,A,Moreira,1268,25TH,,,,"Los,Angeles",CA,90011-0000,,,,,,,,19650726
A106871,PATRICIA  ,,MOREIRA,1268 ,25TH,ST,,,LOS ANGELES,CA,9001I,,,,,,,152-82-8669,
A106492,Karena,,Hernandez,11268,25TH,ST.,,,"LOS,ANGELES",CA,90011,,,,,,,152-82-8669,07/26/1965
A103277,P.,A,Moreira,1268,25TH,ST,,,LOSANGELES,CA ,90011,,,,,,,152828669,19650726
A106704,Patricia,,Moreira,1268,25TH,St,,,"Los Angeles,",CA,90011,,,,,,,,19650726
A106238,Jose,L,Kohlenburg,8622 ,Parada,Ct,,,Roseville,CA,95747,,,,,,,152834542,19550809
A102392,J.,L.,Kohlenberg,8622,PARADA,CT.,,,"Roseville,CA",,95747-0000,,,,,,,,08/09/1955
A101342,JOE,L,KOHLENBERG,08622,PARADA,CT,,,ROSEVILL,CA,95747,,,,,,,,19550809
A105486,JOSE,,KOHLENBERG,8622,PARADA,,,,Roseville,CA,95747,,,,,,,152-83-4542,
A103224,Jose,L,Kohlenberg,8622,Prada,Ct,,,Roseville ,CA,957471,,,,,,,152-83-4542,19550809
A105524,Patricia,A.,Kohlenburg,516K,BURGUNDY,ST,,,DELRAY BEACH,FL,33484,PO BOX,14496,460483,DELRAY BEACH,FL,33448-0000,,19650726
A106621,P.,,Kohlenberg,516-K,Burgundy,,,,DelrayBeach,FL,33484,,,,,,,152-82-8669,19650726
A101001,KIMBERLY,,MARR,516-K ,BURGUNDY,ST.,,,"DELRAY,BEACH",F1,33484,P O BOX,14496,,DELRAY BEACH,,33448,152-82-8669,19650726
A102053,JEAN,W,CONCANNON,516-K,Burgundy,ST,,,"Delray,Beach",FL,33484,POBX,14496,460483,Delray Beach,FL,33448,152-83-4542,08/09/1955
A106594,J.,L,Kohlenburg,516K,BURGUNDY,,,,DelrayBeach,FL,33484,,,,,,,152834542,19550809
A106641,JOSE,L,KOHLENBERG,516-K ,BURGUNDY,ST,,,DELRAY BEACH,FL,33484-0000,PO BOX,14496,460483,DELRAY BEACH,FL,33448,,
A102133,Jose,L,Kohlenberg,516-K,Burgundy,St,,,Delray beach,FL,33484,PO BOX,14496 ,460483,DELRAY BEACH,FL,33448,152-83-4542,19550809
A103356,Patricia,A,Kohlenberg,7516,Savannah,Ln,,,Tampa,FL,33637,PO BOX,1885,76972,Tampa,Fl,33675,152828669,19650726
A103968,Patti,A,Kohlenberg,07516,SAVANNAH,LN.,,,TAMPA,FL,33637-0,P0 BOX,1885,,TAMPA,FL,33675,,07/26/1965
A105778,MARIA,,MESNARD,7516,Savanah,Ln,,,"TAMPA,FL",,33637,,,,,,,152-82-8669,
A106455,Patrica,A,Kohlenberg,7516,SAVANNAH,LN,,,Tampa,FL,33637,po box,1885,76972,Tampa,FL,33675,,19650726
A102108,P.,A,Kohleneberg,7516,SAVANNAH,LN,,,Tampa,FL,33637,PO. BOX,1885,76972,TAMPA,FL,33675,152-82-8669,19650726
A100834,Jose,l,KOHlENBERG,7516,Savannah,Ln,,,Tampa,FL,3363,PO BOX,1885,76972,TAMpa,FL,33675,152834542,1955-08-09
A105247,Jos3,,Kolenberg,7516,svannah,LN,,,TAMPA,FL,33637,p o box,1885,76972,tamPA,FL,33675,152-83-4542,19550809
A102917,J.,,Colenberg,7516,SAVANNAH,LANE,,,Tampa,FL,3367,POBox,,,,,,152-83-4542,
A106268,Joe,L.,KOHLENBRG,751 6,Savanah,LN,,,TAMPA FL,FL,33637,"po,bo",1885,7692,TAMPA,FL,33675,,55-08-09
A105014,J0SE ,L,KOLHENBERG,07516,SAVANNAH,LN,,,Tampa,Florida,33637,PO-BOX,1885,76972,,,,1528-34542,19550809
A100218,JOSEPH,,KOHLENBERG,7516,SAVNNAH,LN.,,,tampa,FL,33637-,pobox,,,Tampa,FL,33675A,152-83-4542,1955/08/09
A101105,Patricia,a.,Kohlenberg,6691,128th,Ter,,,Williston,FL,32696,,,,,,,152828669,1965-07-26
A103808,PAT.,,KOHLENBREG,6691,128 TH,TR,,,"WILLISTON,FL",FL,3269,,,,Williston,FL,,152-82-8669,
A106793,PATRICA,,KOLENBERG,6691,128th,,,,WILLISTON,FL,32696,,,,,,,152-82-8669,1965/07/26
A106708,Jose,,CASTILO,06691,128TH,TER.,,,Williston,FL,3296,,,,"Williston,FL",Florida,32696,15282866,07/26/1965
A105090,patrisha,A,Kohlenberg,66911,128TH,,,,williston,fl,32696,,,,,,,,196507
A106430,PATTY,,COLENBERG,6691,128th,Ter,,,"Will,iston",FL,32696,,,,WiLListon,Fl,,152-82-86699,1965-07
A106858,Jose,L.,Kohlenberg,6691,128th,Ter,,,Williston,FL,32696,,,,,,,152834542,1955-08-09
A105870,J.,,Kolenberg,06691,128TH, ,,,wiliston,fl,3269,,,,,,,,1955
A100927,JOSE,,COLENBERG,6691,128 TH,Ter.,,,WILLISTON FL,FL,32696-,,,,Williston,FLA,32696 ,152-83-4542,19550809
A100214,JO,L,KOHLENBERG,6691-,128th,TR,,,WILLISTON,FL,32696,,,,,,,152-83-4542,
A103903,Jose L.,,KOLENBERG,6691,128th,TEr,,,"Will,iston",FL,32696,,,,,,,152-83-454,1955/08/09
A106534,dawn,L,Smith,11143,stoney point,Ln,,,jacksonville,Fl,32257,,,,,,,170-87-6082,1947-08-12
A102009,DAWN,,SMITHE,1114 3,StoneyPoint,LN.,,,"JACKSONVILLE, FL",FL,32257-,,,,,,,170-87-6082,47-08-12
A102294,D. L.,,Smith,11143,STONEY PNT,LN,,,JACKSONVILLE,FLA,32257,,,,,,,10-87-6082,1947/08/12
A103591,DAWN L,,Smth,1143,STONNEY POINT,LN,,,Jacksonville,FL,3225A7,,,,,,,170876082,19470812
A101090,Donna,L.,Smith,11143,STONEYPOINT,LANE,,,Jacsonville,FL,32257,,,,,,,,1947
A100558,D.Smith,,Smth,11143,Stony Point,,,,"JACKSONVIL,FL",Fla,32257,,,,,,,170-87-6082,8/12/1947
A102644,Jose,L.,Kohlenberg,440,County Rd 3570,,,,China Spring,TX,76633,,,,,,,170-88-8630,19430228
A102581,JOE,,KOHLENBERG,0440,COUNTY ROAD 3570,,,,"CHINA,SPRING",Texas,7663,,,,,,,170-88-8630,43-02-28
A106275,J.L.,,Kolhenberg,440,COUNTY RD 357O,,,,CHINA SPRING,TX,76633,,,,,,,170888630,
A103162,jose,,kohlenberg,1301,fairbanks,dr,Apt,A,austin,TX,78752,,,,,,,170-88-8630,1943-02-28
A106283,JOE,L.,KOLENBERG,1301A,FAIRBANKS,DR.,,,AUSTN,TX,78725,,,,,,,170-88-8630,
A104234,J. L.,,Kohlenberg,1301,FaIRbanks,DR,#,A,"Austin,TX",TX,78752,,,,,,,178-08-8630,194302
A104001,JOSEPH,,KOHLENBURGH,1301,FAIR BNKS,DR,#,A,AUSTIN,TX,78752-,,,,,,,1708808630,1943/02/28
A103238,JOSE,L.,KOH LENBERG,1301,FAIRBANKS,DR,#APT.,A,Austin,TX,78752,,,,,,,,19430228
A106401,JOSE,,KOHLENBERG,1301,FAIRBANKS,DR,#,A,AUSTIN,TX,78752,,,,,,,170-88-8630,
A102361,Jose,L.,Kohlenberg,6903,Maidstone,,,,Pasadena,TX,77505,,,,,,,170-88-8630,19430228
A100569,RICHARD,,MURPHY,06903,MAIDSTONE,,,,PASADENA,TX,7750A5,,,,,,,170-88-8630,
A105408,J.L.,,KOHL ENBERG,6903,Maidsone,,,,"PASADENA,TX",TEXAS,77505,,,,,,,,1943-02-28
A104769,DAWN,L.,KOHLENBERG,8026,CHOLO,TRL,,,JACKSONVILLE,FL,32244,PO BOX,4285,5314,JACKSONVILLE,FL,32247,170-87-6082,1947-08-12
A106913,DONALD,,HERNANDEZ,8026,Cholo Trail,,,,"Jax,FL",FL,3224,p0 box,4285,,Jacksonville,FL,,170-87-6082,19470812
A106904,D. L.,,Kohlneberg,80261,CHOLO,TRL,,,JACKSONVILLE,Fla,32247,pobox,4285,,Jax,FL,32247-,170876082,
A100261,Dawn L.,,KOHLENBREG,8026,CH0L0,TRL.,,,jacksonVILLe,FL,32244,POBOX,4285A,5314,JACKSONVILLE,FL,32247,170-87-6082,47-08-12
A102127,DAWN L,,KOHENBERG,8026,CHOLO,TRL,,,Jacksonville,FL,32244,,,,,,,,194708
A103971,Jose,L.,Kohlenberg,8026,CHOLO,TRL,,,Jacksonville,FL,32244,PO BOX,4285,5314,Jacksonville,FL,32247,170-88-8630,1943-02-28
A106712,JOE,,Kohlneberg,08026,CHOLO,Trl,,,"Jax,Fl",FL,32244-,pobox,4285,5314,JACKSONVILLE,FL,32247,170888630,194302
A101713,J.,,Kolhenberg,80266,CHOLO,,,,"Jacksonville,FL",FLA,3224,,,,,,,170-88-8630,
A104928,Jose L,,Kohlenberg,8026,CHOLO GUIA,TRL,,,Jacksonville,FL,32244,,,,,,,,19430228
A101591,JOSEPH,L.,KOH LENBERG,8026,CholO,TLR,,,JACKSNLLE,FL,32244,P0 BOX,4285,5314,JACKSONVILLE,FL,32247A,170-88-8630,1943/02/28
A107172,DAWN,L.,KOHLENBERG,3017,US HWY 1,,,,MIMS,FL,32754,PO BOX,47001,956,MIMS,FL,32754,170-87-6082,1947-08-12
A106974,JO,Daniel,Polanco ,03017,US HIGHWAY 1,,,,"Mims, Fl",Fla,32754-,pobox,47001,,MIMS,FLA,,,19470812
A101098,D.L.,,Kolhenberg,3017,US HWY1,,,,Mims,FL,3275,P O B O X,47001 ,956,"MIMS,FL",FL,32754-1,170-87-6082,1947/08/12
A104358,DAWN L,,KOHENBRG,3017-,US HWY 1,,,,MIMS FL,FL,32754,POBOX,47001,,MIMS,FL,32754A,17087-6082,47-08-12
A103683,Don,L.,Kohlenberg,3017,US HWY 1,,,,mims,fl,32754,,,,,,,170-87-6082,1947
A102315,Jose,L.,Kohlenberg,3017,US HIGHWAY 1,,,,Mims,FL,32754,PO BOX,47001,956,Mims,FL,32754,170-88-8630,1943-02-28
A102275,JOSE,,KOLHENBERG,30171,US HWY1,,,,MIMS,Fla,3275,POBOX,47001,,mims,fl,32754,17088-8630,
A104299,J.L.,,Kolhenberg,3017,US hwy 1,,,,"Mims,FL",Fla,32754-,P O B O X,470 01,956,MIMS,FL,32754A,170-88-8630,194302
A103108,dawn,L.,kohlenberg,500,49th,ave,,,ocala,FL,34471,,,,,,,170-87-6082,1947-08-12
A102389,DAWN L,,KOHLENBURG,0500,49TH,Ave.,,,OCALA FL,FLA,34471,,,,,,,170-87-6082,47-08-12
A106339,D.,,Kolhenberg,500A,49th Av.,,,,Ocala,FL,3447,,,,,,,170-87-608,1947
A104691,Dawne,L,Kohlenberg,500,49th,Ave,,,"ocala,fl",FL,34471A,,,,OCALA,FL,34471,,19470812
A101551,DAWN,,KOHL ENBERG,500,49TH,AVE,,,O CALA,FL,34471,,,,,,,170876082,1947/08/12
A106653,DAWN L.,,KOHLENBERG,500,49th avenue,,,,"Oc,ala",FL,34471,,,,,,,170-87-6082,
A100625,Jose,L.,Kohlenberg,500,49th,Ave,,,Ocala,Fl,34471,,,,,,,170-88-8630,1943-02-28
A106607,J. L.,,KOH LENBERG,500,49 TH,AVE.,,,OCALA ,FL,34471,,,,,,,170888630,
A101143,JOSE,,KOLENBERG,500,49th,AV,,,"Ocala,",FL,3447I,,,,,,,,19430228
A102519,Jose,L,Kohlenberg,45570,Sunbrook,Ln,,,"La,Quinta",CA,92253,PO BOX,5501,1056,La Quinta,CA,92247,170-88-8630,1943/02/28
A106865,KARIA,,ESPINOZA,45570,SUnbrok,LN,,,LA QUINTA,CA,92253,POBOX,5501-1056,,LAQUINTA,C4,92247A,170888630,19430228
A100590,JOE,,KOLENBERG,45570,Sunbrook,Ln.,,,La Quinta,CA,92253,P O BOX,5501,1065,LaQuinta,CA,92247,,43-02-28
A102677,JOSE,L.,KOHLENBERG ,45570 ,SUN BR00K,LN,,,LA QUINTA ,CA,92553,,,,,,,170-88-863O,19430228
A101273,Jose L,,KOLEMENBERG,4557O,Sanbrook,LN,,,la quinta,ca,92253,POBX, 5501,1056,"la,quinta",ca,92247,170-88-8630,
A101652,J.,L.,KOHLENBURG,45570,SUNBROOK,Ln,,,LA QUINTA,CA ,92253 ,PO BO,550I,,LA QUNTA,CA, 92247,170-88-8630,1943
A101790,ELMA,,Michael,2718,GRANITE CREEK,DR.,,,Leander,TX,78641,,,,,,,173894859,05/31/1912
A104972,Elma,,Micel,2718,Granite Creek,Dr,,,LEANDER,tx,78641-,,,,,,,173-89-4859,
A106253,E.,,MICHAEL,2718,GRANIT CREEK,DR,,,Leander ,TX,7864I,,,,,,,,1912-05-31
A101339,ELMA,,MICHAELS,2718,GRANITE,CRK DR,,,LEANDER,TX,78641,,,,,,,173-98-4859,19120531
A103319,ELMA ,,MICHAEL,271 8,GRANITEE CREEK,,,,LEANDER,TX,78641,,,,,,,173894859,12/31
A105432,Elma,,MICHAEL,2718,GraniteCreek,Drive,,,Le ander,TX,78641,,,,,,,173-89-4859,1912053
A105912,ELMA,,MICHAEL,9468,IRONWOOD,Dr,,,FRISCO,TX,75034,,,,,,,173-89-4859,1912-05-31
A105095,"M,aria",Middleton,Savoy, 9468,IRON WOOD ,DR,,,"FRISCO,",TX,75034,,,,,,,,19120531
A102880,ELMA,,MICHAELS,9468,IRONWD,DR,,,FRISCO,TX,7503I,,,,,,,173-89-4859,
A106079,Jose,,Mendoza,912,Graaf,Ave,APT,B,RIDGECREST,CA,93555,,,,,,,173-98-2866,1916-08-31
A105028,J.,,MENDOZA,912,GRAFF,AVENUE,Apt,B,RIDGEC REst,ca,93555,,,,,,,,1916
A103248,JOES,,MENDOZA ,912A,GRAAF,AVE,,,RIDGECREST,CA,93555,,,,,,,173-98-2866,08/31/1916
A104653,JOSE,,MENDOZA,912,GRAAF,AVE,APT,B,RIDGECREST,Calif.,93555,,,,,,,,19160831
A106029,JOSE,,MENDOZA,116,GHORMLEY,AVE,,,OAKLAND,CA,94603,,,,,,,173-98-2866,1916-08-31
A103340,J.,,MENDOZA,11G, GHORMLY,AV,,,OAKL AND,CA,94603 ,,,,,,,,19160831
A106061,JOSEE,,MEDOZA,116,GHORMLEY,,,,OAKLAND,CA,946O3,,,,,,,173-98-2866,
A101053,JOSE,,MENDAZA,116,GHORMLEY,AVE,,,OAKLAND,CA,94603,,,,,,,,8/31/1916
A101253,JOSE,,MENDOZA,116,GHORMLEY,AVE.,,,OAKLAND,CA,,,,,,,,173-98-2866,19160831
A100361,JOSE,,MENDOZA,5310,CLIPPER,CT,,,ROCKLIN,CA,95765,,,,,,,173-98-2866,19160831
A102718,JOSEPH,,MENDOZA,531O,CLPIPER,Ct.,,,ROC KLIN,CA,95765,,,,,,,,08/31/1916
A106867,JOE,,MANDOZA,3510,CLIPPER CT,,,,ROCKLIN,CA,95765,,,,,,,173-98-2866,
A102156,JOSE,,MEN DOZA,5310,CLIPPER,CT,,,ROCK LIN,CA,9576S,,,,,,,173-98-2866,19160831
A101589,J.,,MENDOZA,5310,CLlPPER,CT,,,ROCKLIN,ca,95765,,,,,,,,1916
A101274,JOSE,,MENDZAA,5310,CLIPER,CT,,,ROCKLIN,CA,,,,,,,,173-98-2866,19160831
A106629,Elma,,MENDOZA,540,PARK,DR,APT,102,Miami,FL,33172,PO BOX,731,430115,Miami,FL,33243,173-89-4859,19120531
A103961,E.,,MENDOZA,54O,PARK DR,,APT.,102,"miami,",FL,33172,POBO X,0731,430115 ,miami, FL,3243,173-89-4859,
A102496,ELMA,,MENDO ZA,540,PRAK,DR,,,MIAMI,FL,33172,PO BOX,731,430115,MIAMI,FL,B3243,,05/31/1912
A105440,ELMA,,MENDOZA,540,PARK,DR,APT,102,"Miami,",Fl,33172,po box,0731,430115,miami,fl,33243,173-89-4859,1912
A104802,Elma,,MENBOZA,540,PARK,DR,,,Miami,FL,3317Z,,,,,,,173894859,1912053
A104069,E,,MENDOZA,540 ,PARKDR,,,,MIAMI,FL,33172,,,,,,,173-89-4859,
A103820,JOSE,,MENDOZA,540,PARK,DR,APT,102,MIAMI,FL,33172,PO BOX,731,430115,MIAMI,FL,33243,173-98-2866,19160831
A101943,J. ,,MENDOZA,540,PARK,DR,APT,IO2, M IAMI ,FL,33172,P0 BOX,731,430115,MIAM1,FL,3324I,,08/31/1916
A104262,JOE,,MENDOZA,540,PARK,DR.,,,MIAMI,FL,33172,P.O.BOX,731,430115,MIAMI,FL,33243,173-98-2866,19160831
A102838,ELMA,,MENDOZA,622,FLUME,CT,,,LONGWOOD,FL,32750,,,,,,,173-89-4859,19120531
A102797,CYNTHIA,,FIGUEROA,622 ,FLUME ,CT,,,Longwood,FL,32750,,,,,,,,1912-05-31
A105770,REFUGIO,ALLEN,POLLARD,62 2,FLUME,CT,,,LONGWOOD,fl,32750,,,,,,,173894859,191205
A102122,ELMA,,MENDOZA,622,FLMUE,CT,,,LONGWOOD,FL ,3275O,,,,,,,173-89-4859,
A101340,JOSE,,MENDOZA,622,FLUME,CT,,,LONGWOOD,FL,32750,,,,,,,173-98-2866,19160831
A104099,J.,,MENDOZA,622,FLUME CT,,,,LONGWOOD,FL,32750,,,,,,,,8/31/1916
A103214,JOSEPH,,MENZA,622,FLUME,CT,,,Langwood,FL,32750,,,,,,,173-98-2866,1916
A102432,JOSE,,MENDOZA,622,FLUME,CT,,,LONG WOOD,FL,32750,,,,,,,173-98-2866,
A105336,JOSE,,MENNDOZA,622,FLUME,CT,,,LONGWOOD,FL,3275O,,,,,,,173-98-2866,19160831
A100981,ELMA,,MENDOZA,2014,QUEEN,AVE,,,SEBRING,FL,33875,,,,,,,173-89-4859,19120531
A101664,E.,,MENDOZA,2014,QUEEN,AVENUE,,,SEBRING,FL,33875,,,,,,,173894859,
A105867,ELMA,,MENDOZA ,2014,QUEEN,AVE,,,SEBRING,FL,3387S,,,,,,,,05/31/1912
A104311,ELMA,,MEND0ZA,2014,QUEEN,AVE,,,Sebring,FL,33875,,,,,,,173-89-4859,1912
A105229,whitni,,grahsm,2014,Queen,Ave.,,,SebrinG,FL,33875-,,,,,,,173982866,1916-08-31
A102027,D.,,GALVEZ,2014,QUEEN,,,,SEBRING,FL,33875,, ,,,,,173-98-2866,
A103119,DEBRA SCHERER,,Williams,2014,QUEEN ,AV,,,SEBRING,FL,3387S,,,,,,,173-98-2866,19160831
A104500,J.,,MENDOZA,2014,QUEEN,AVE,,,SEBRING,FL,33875,,,,,,,,1916
A103133,JOSE,,MENDOSA,2014,QWEEN,AV,,,SEBRING ,Fl,33875,,,,,,,173-89-2866,19160831
A106929,Joyce,,BONILLA,3145,Celeste,Dr,,,RIVERSIDE,ca,92507,,,,,,,127244740,01/01/1900
A103139,JOYCE,,BONILLA, 3145,seleste,DR,,,RIVERSIDE,CA,9250,,,,,,,127-24-4740,
A100795,J. BONILLA ,,,3145,CELESTE,,,,riverside ca,,92507,,,,,,,127-24-4740,1900
A105351,joys,,BONILLA.,3145,CELESTE,DR.,,,RIVERSIDE,CA,92507-,,,,,,,,19000101
A106697,JOYCE,,BONILA,3154,CELESTE,DR,,,RIVERSIDE,CA,92507,,,,,,,127244740,19000101
A104455,Joyce,,Bonilal,3145,CELESTE,DR,,,RIVERSIDE,CA,92507,,,,,,,127-24-4740,1900
A101055,Joyce,,Bonilla,5446,ROMAINE,ST.,APT,6,Los Angeles,ca,90038,po box,503,881605,Los Angeles,ca,90009,127244740,19000101
A103620,J. Bonilla,,,5446,ROMANE ,ST,APT,06,LOS_ANGELES,CA,90038,P0 BOX,503,881605,LOS ANGELES,CA,90009,,1-1-1900
A101125,Joyce,,BONILA,5446,ROMAINE,,,,LOS ANGELES,CA,90038,PO BOX,503,,,,,127-24-4740,1900
A104624,joy,,BONILLA,5446,ROMAINE,ST,apartment,6,LOs Angeles,CA,90038-,PO BOX,503,881605,Los Angeles,CA,90009,127244740,19000101
A103818,JOYCE ,,BONILLA,5446 ,ROMAINE,ST,APT.,6,L.A.,CA,90038,POBOX,503,881605,LA,CA,90009,127-24-4740,19000101
A105651,JOYCE,,BONILLA,5446,ROMAINE,ST,APT,6,LOS ANGELES,Calif.,9003,,,,LOS ANGELES,,,127-24-4740,19000101
A103868,Maria,,SOSA,2000,DEER VALLY,RD,APT,423,SAN RAFAEL ,CA,94903,PO BOX,50388 ,9707,SAN RAFAEL,CA,94912,,19070626
A100609,J. ARTIS,,,2500, DEER VALLEY,RD.,Apt,0423,"SAN,RAFAEL",CA,94903,PO BOX,50388,,,,94912,127-24-6048,19070626
A101139,JEREMY,,ARTIS,2500,DEERVALLEY,,APPT,423,SAN RAFAEL,,94903A,,,,,,,127246048,1907-06-26
A101969,Jeremy,,ARTIS,2180,Forest,Ln.,,,Anaheim,CA,92804,PO BOX,11102,8242,Anaheim,CA,92812,127246048,19070626
A105584,Jermy,,Artiss,2180,FOREST,,,,ANAHEIM,CA,928O4,P0 B0X,1102,8242,ANAHIEM,CA,92821,,19070626
A101781,ROBERT,,DIAZ,2180,FOREST,LN,,,ANAHEIM,CA,92804 ,PO BOX,,8242,ANAHEIM,CA,92812,127-24-6048,1907
A105306,JoycE,,ARTIS,1668,Avenue 46th,,,,los angeles,ca,90041,po box,503,881605,los angeles,ca,90009,127244740,01/01/1900
A105577,J. ARTIS,,,1668 ,AVE 46TH,,,,Los Angeles,CA ,90041,P O Box,503 ,881605,Los Angeles ,CA,90009,127-24-4740,19000101
A104693,JOYCE,,ARTIS,1668,AVENUE 46TH,,,,LOS ANGELES,CA,90041,POBOX,503,881605,,CA,90009,,1900
A100763,Joyce,,Artis,1668,Aveneu 46th,,,,"Los,Angeles",CA,90041-,PO BOX,503,881605,LOS ANGELES,CA,90009,127244740,19000101
A106479,Jeremy,,ARTIS,1668,Avenue 46th,,,,los angeles,ca,90041,po box,503,881605,los angeles,ca,90009,127246048,19070626
A106370,JEREMY,,ARTIS,1668,AVENEU 46TH,,,,LOS ANGELES,CA,90041 ,PO BOX,503,881605,LOS ANGELES ,CA,90009,,19070626
A100379,J . Artiss,,,1668,AVENUE 46TH,,,,LOS ANGELES,CA,90041,PO BOX,,881605,LOS ANGELES,CA,90009,127-24-6048,1907
A103639,Jere,,ARTIS,1668,AVENUE 46TH,,,,"Los,Angeles",CA,90041,PO BOX,503,881605,LOS ANGELES,CA,90009,127-24-6048,19070626
A103846,Joyce ,,ARTIS,423,DAMSON,Ct.,,,ONTARIO,CA,91762-,PO BOX,22234,482,Ontario,CA,91762,,19000101
A104826,j. artis,,,423,DAMSON,CT,,,"Ontario,CA",,91762,P.O. BOX,22234,,ONTARIO,CA,91762,127244740,1900
A100952,joyce,,ART1S,423,DAMSON,CT,,,ONTARIO,CA,9176,PO BOX,2234,482,ONTARIO,CA,91762,127245740,19000101
A105670,Joyse,,ARTIS,423 ,DAMSON,CT,,,ONTARIO,CA,91762,PO BOX,22234,482,ONTARIO,,91762,127-24-4740,01-01-1900
A100032,JOYCE,,ARTIS,423,DAMSON,CT,,,ONTARIO,CA,91762,PO BOX,,482,,,91762,,
A104883,Jeremy,,ARTIS,423,Damson,Ct.,,,Ontario,CA,91762,PO BOX,22234,482,Ontario,CA,91762,127246048,19070626
A104744,Jermey,,Artis,423,DAMSON,CT,,,ontario,CA,91672,PO BOX,22234,482,ontario,CA,91762,,19070626
A104010,J . ARTIS,,,423,DAMSON,CT ,,,"ONTARIO,CA",,91762,PO BOX,22234,,ONTARIO,CA,91762,127-24-6048,1907
A106791,Joyce,,Bonilla,9215,PEUPLIER,,,,SAN ANTONIO,Tx,78254,po box,5738,690362,San Antonio,Tx,78269,191543128,19560520
A106157, J. Bonilla ,,,9215,PEUPLIER,,,,"SAN,ANTONIO",TX,78254-,PO BOX,5738,690362,SAN ANTONIO,TX,78269,,1956-05-20
A106270,Joyse,,BONILLA,9215,PEUPLIER,,,,San Antonio,TX,78245,P0BOX,5738,690362,San Antonio,TX,78269,191-54-3128,
A103759,JOYCE,,BONILA,9215,PEUPLIER,,,,"SAN ANTONIO,TX",,78254,PO BOX,5738,,,,78269,191543128,195605
A105510,Joyce,,Bonila,9215 ,PEUPLIER ,,,,SAN ANTONIO,TX,78254,PO BOX ,5738,690362,SANANTONIO,TX,78269,191-54-3128,19560520
A101770,JOYCE,,BONILLA,9215,PEUPLIER,,,,SANANTONIO,TX,78254,PO BOX,5738,690362,"SAN,ANTONIO",TX,78269A,,19560520
A101854,William,K.,Baird,114,Poplar ,Ct,#,A,eglin afb,FL,32542,po box ,44572 ,1395,eglin afb ,FL,32542,191-54-3368,19620223
A103165, Wm. Kaye ,,Baird,114,POPLAR,CT.,APT,A,EGLINAFB,FL,32542,POBOX,44572,,EGLIN AFB,FL,32542,191543368,1962-02-23
A101688,WILLIAM,KAYE,BAIRD,114,POPLAR,CT,,,"EGLIN AFB, FL",,32542,PO BOX,44572,1395,EGLIN AFB,FL,32542,,19620223
A103096,WILLIAM,KAYE,BAIRD,1446,TIVERTON ,DR,,,brandon,FL,33511,,,,,,,191543368,1962-02-23
A106098,William K.,,Baird,1464,TIVERTN,DR,,,BRANDON,FL,3351,,,,,,,,19620223
A100406,WILLAM,,Baird,1446,TIVERTON,,,,BRANDON,FL,33511,,,,,,,191-54-3368,1962
A102128,W. Kaye,,BAIRD,1446,TIVERTON,DR.,,,"BRANDON, FL",,33511,,,,,,,191543368,196202
A101842,Joyce,,Baird,6635,Table Top,Ct,,,stockton  ,CA,95210,POBOX,25730,7644,stockton,CA,95267,191543128,1956-05-20
A104950,J. BAIRD,,,6635,TABLETOP,CT,,,Stokton,CA,952I0,"po,bo",25730-7644,,stktn,CA,9567,191-54-3128,19560520
A103954,joyce,,bard,6635 ,table top,,,,STOCKTON,CA,95210-,PO Box,25730,,,,,,1956/05/20
A104604,Den.,Lynn,ALGARIN,6635,TABLETOP,CT.,,,STOCKTON,CA,95210,P O BOX,2573O,7644,STOCKTON,CA,95267,191-543368,1962-02-23
A106205,w m,,baird,6635,TABLE TOP,,,,Stocton,CA,95210,POBOX,25730,7644  ,STOCKTON,CA,95267,191-54-3368,196202
A105794,Willam,KAYE,BAIRD,6635,TABLE TOP,CT,,,STOCKTON,CA,9521O,PO BOX,25730,N/A,STOCKTON,CA,9526Z,191-54-3368,
A102180,WILLIAM K.,,BAIRD,6635,TABLETOP CT,,,,STOCKTON,CA,95210,,,,,,,,19620223
A102292,ROBERT,FAYE,LAXTON,6635,table top,CT,,,STOCKTON,CA,95210,PO BOX,25730,7644,STOCTON,CA,95267,191-54-3368,02/23/1962
A106707,WILLIAM,,BAIRD,6635,TABLE-TOP,CT,,,STOCKTON,CA,95210,PO BOX,25730,7644,STOCKTON,CA,95267,191543368,1962/02/23
A102682,joyce,,baird,1627,lisle,st.,,,bakersfield,CA,93308,POBOX,1932 60103,,BAKERSFIELD,CA,93386,191543128,1956-05-20
A104906,J. Baird,,, 1627,LISIL,ST,,,Bakersfeild,CA,933O8,P0 BOX,1932,601O3,Bakersfield,CA,93386,191-54-3128,19560520
A104729,JOYCE,,BARD,1627,Lisle,,,,BAKERSFIELD,CA,93308-,,,,,,,,1956/05/20
A106500,WILLIAM,K,BAID,1627,LISLE ST.,,,,BAKERSFIELD,CA,93308,PO BOX,1932,60103,BAKERSFIELD,CA,93386,191-54-3368,1962-02-23
A102606,william k.,,baird,1627,lisle,st,,,bakersfield,CA,93308,p0boX,1932,60103,BAKERSFIELD,CA,93386,191543368,196202
A103632,WILLIAM,,BAIRD,,LISLE,ST,,,BAKERSFIELD,CA,93308,PO BOX,1932,,BAKERSFIELD,CA,93386,191-54-3368,
A102225,WILLIAM,,BAIRD,1627,L1SLE,ST,,,Bakersfield,CA,933O8,PO BOX,1932,60103,Bakersfield ,CA,9338b,191-54-3368,19620223
A100967,Kimberly,,Lyons,15860,Kasota,Rd.,APT,2,Apple Valley,CA,92307,,,,,,,123934799,1960-10-31
A102740,kimberly,,lyons,15860,KASOTA,RD,Apt,02,applevalley,CA,92307,,,,,,,123-93-4799,196010
A105485,K. LYONS,,,15860 ,KASOTA RD,,,,"Apple ,Valley",CA,92307 ,,,,,,,,19601031
A107131,KYMBERLY,,LIYONS,1586O,KAZOTA,RD,APT,2,APPLE VALLEY,CA,923O7,,,,,,,123-93-4799,1960/10/31
A100757,KIMBERLY,,LYONS,15860,KASOTA,RD,APT,02,APPLE VALLEY,CA,92307,,,,,,,123-93-4799,
A100174,Kim lyons,,,15860,Kasota,Rd,,,apple valley,CA,92307,,,,,,,123934799,1960-10-31
A106765,Kimberly,,Lyons,8780,Burnet,Ave,unit,16,North Hills,CA,91343,,,,,,,123934799,1960-10-31
A102047,kimberly,,lyons,8780,burnett,AVE.,UNIT,l6,northhills,CA,91343,,,,,,,123-93-4799,196010
A100995,KIM LYONS,,,8780,BURNET AVE,,,,"NORTH,HILLS",CA,91343,,,,,,,,19601031
A105189,KIMBERLY,,LYONS,8780,BURNET,AVE,apt,16,NORTH HILLS,CA,91343,,,,,,,123934799,1960/10/31
A106296,KyMberly,,LYONS,878O,BURNETT,AVE,UNIT,16,NORTH HILLS,CA,9134Z,,,,,,,123-93-4799,19601031
A100889,Brian,,Lupsa,200,Festival,Dr,apt,1005,El Paso,TX,79912,,,,,,,123984111,1954-12-11
A105163,brian,,lupsa,200,FESTIVAL,DR,APT,lO05,elpaso,TX,799I2,,,,,,,123-98-4111,195412
A104372,B. LUPSA,,,200 ,FESTIVAL DR,,,,"El, Paso",TX,79912  ,,,,,,,,19541211
A103004,BR1AN,,LUPSA,200,FESTIVL,DR,APT,1005,EL PASO,TX,79912,,,,,,,123-98-4111,1954/12/11
A103724,Brian,,LUPSA,200,FESTIVAL,DR,APT,1005,EL PASO,TX,79912,,,,,,,123-98-4111,
A102809,BRIAN,,LUPSA,2507,FAIRFIELD BEND,DR,,,"SAN,ANTONIO",TX,78231,PO BOX,5738,690362,"SAN,ANTONIO",TX,78269,123984111,1954-12-11
A104165,brian,,luPSa,2507,FAIRFEILD BEND,DR.,,,san antonio,TX,78231,P0 BOX,5738,690362 ,SANANTONIO,TX,7826B,123-98-4111,195412
A103772,B. LUPSA,,,2507,FAIRFIELD BND DR,,,,SAN ANTONIO,TX,78231,POBOX,5738-690362,,SAN ANTONIO ,TX,78269 ,,19541211
A104391,BRIAN,,LOOPSA,2507,FAIRFIELD BEND,DR,,,SAN ANTONIO,TX,78231,PO BOX,5730,690362,SAN ANTONIO,TX,78260,123-98-4111,1954/12/11
A105562,brian,,lupsa,,FAIRFIELD BEND,DR,,,SAN ANTONIO,TX,78231,,,,,,,123-98-4111,
A100198,BRYAN,,LUPSA,2507,FARFIELD BEND,DR,,,SAN ANTONIO,TX,78231,PO BOX,5738,690362,SAN ANTONIO,TX,78269,123984111,19541211
A105479,JON,,LOPEZ,7309,Redhawk,Ct,,,North Richland Hills,TX,76180,POBOX,29678 821053,,North Richland Hills,TX,76182,123934799,1960-10-31
A101662,kimberly,,lupsa,7309,REDHWK,CT,,,northrichland hills,TX,76180,PO BOX,29678,821O53,NORTH RICHLAND HILLS,TX,7618O,123-93-4799,196010
A100662,KIM LUPSA,,,7309,REDHAWK CT,,,,"NORTH,RICHLAND,HILLS",TX,76180,,,,,,,,19601031
A100179,DAVID,,PEREZ,7309,REDHAWK,CT,,,NORTH RICHLAND HILLS,TX,76180,"po,bo",29678,821053,NRH,TX,76182,123934799,1960/10/31
A100709,Kimberlee,,Luppsa,7390,Redhawk,ST,,,NORTH RICHLAND HILLS ,TX,76180,PO BOX,29678,821053,NORTH RICHLAND HILLS,TX,76182,123-93-4799,19601031
A100838,KIMBERLY,,LUPSA,7309,REDHAWK,CT,,,NORTH RICHLAND HILLS,TX,76180 ,,,,,,,123-93-4799,
A106828,Brian,,Lupsa,7309,Redhawk,Ct,,,North Richland Hills,TX,76180,POBOX,29678 821053,,North Richland Hills,TX,76182,123984111,1954-12-11
A104112,brian,,lupsa,7309,REDHWK,CT,,,northrichland hills,TX,76180,PO BOX,29678,821O53,NORTH RICHLAND HILLS,TX,7618O,123-98-4111,195412
A100442,BRIAN LUPSA,,,7309,REDHAWK CT,,,,"NORTH,RICHLAND,HILLS",TX,76180,,,,,,,,19541211
A100380,BRIAN,,LOOPSA,7309,REDHAWK,CT,,,NORTH RICHLAND HILLS,TX,76180,"po,bo",29678,821053,NRH,TX,76182,123984111,1954/12/11
A100320,Brian,,LUPSA,7309,Redhawk,Ct,,,North Richland Hills,TX,76180 ,,,,,,,123-98-4111,
A106298,BRYAN,,LUPSA,7390,REDHAWK,ST,,,NORTH RICHLAND HILLS ,TX,76180,PO BOX,29678,821053,NORTH RICHLAND HILLS,TX,76182,123-98-4111,19541211
A100806,kimberly,,lupsa,916,rochester castle,way,,,pflugerville,TX,78660,,,,,,,123934799,1960-10-31
A102260,Kim Lyons,,,916 ,ROCHESTER CASTLE WAY,,,,"PFLUGER,VILLE",TX,78660,,,,,,,,1960/10/31
A107040,KIMBERLY,,LUPSA,916,ROCHESTER CASTLE,WY,,,PFLUGERVILLE,TX,78660,,,,,,,123-93-4799,19601031
A105279,KIMBERLY,,LOPSA,961,ROCHESTER CASTLE,WAY,,,PFLUGERVILLE,TX,78660,,,,,,,123-93-4799,
A104074,brian,,lupsa,916,rochester castle,way,,,pflugerville,TX,78660,,,,,,,123984111,1954-12-11
A101509,Brian,,LUPSA,916 ,ROCHESTER CASTLE WAY,,,,"PFLUGER,VILLE",TX,78660,,,,,,,,19541211
A104832,A N G E L,ARNLD,CHRISTOPHERSON.,916,ROCHESTER CASTLE,WAY,,,PFLUGERVILLE,TX,78660,,,,,,,123-98-4111,1954/12/11
A100360,BR1AN,,LUPSA,916,ROCHESTER CASTEL,WAY,,,PFLUGERVILLE,TX,7866O,,,,,,,123-98-4111,195412
A100100,BRIAN,,LUPSA,691,ROCHESTER CASTLE,WAY,,,PFLUGERVILLE ,TX,78660,,,,,,,123-98-4111,
A106911,BRIAN,,LUPSA,916,ROCHESTER CASTLE,WAY,,,PFLUGERVILLE,Texas,78660,,,,,,,,19541211
A106782,Kimberly,,Lupsa,1800,St Jude,Ave,,,alton,tx,78573,,,,,,,123934799,1960-10-31
A101434,kimberly,,lupsa,1800,SAINTJUDE,,,,ALTON,TX,78573,,,,,,,123-93-4799,19601031
A104537,MICHAEL,,HERNANDEZ,1800,St. Jude,AV,,,ALTON,TX,7857,,,,,,,123-93-4997,1960
A104993,kimberly.,,Lupsa,180O,Saint Jude,AVE,,,AL TON,TX,78573,,,,,,,,10/31/1960
A102120,Brian,,LuPSA,1800,SAINTJUDE,,,,ALTON,TX,78573-,,,,,,,123984111,1954-12-11
A102358,BRIAN,,LUPSA,1800,St Jude,Ave,,,alton,tx,78573,,,,,,,123-98-4111,19541211
A106798,B. Lupsa,,,l800,Saint Jude ,AVE,,,ALT0N,TX,78573,,,,,,,123981411,54
A105942,brian.,,Lupsa,1800,St. Jude,AV,,,ALTON,TX,87573,,,,,,,,12/11/1954
A101721,Brina,,LUPSA,18OO,SNT JUDE,Ave,,,Alton,TX,78573,,,,,,,123-98-4111,
A104527,BRIAN,,LUPSA,1800,ST JUDE,AVE,,,ALTON,TX,785739,,,,,,,,19541211
A105500,Kimberly,,Mogollon,303,Justin,Ave,,,Dallas,TX,75211,PO BOX,4968,810892,Dallas,TX,75381,143034549,1971-03-29
A100280,kim bry,,MOGOLLON,303,justin,AVE,,,dallas,tx,75211,POBOX,4968,810892,dallas,tx,75381,143-03-4549,03/29/1971
A103908,K. Mogollon,,,303,JUSTN,AVE,,,DALLAS,TX,7521,P 0 Box,4968,,DALLAS,TX,7538,143-03-4594,1971
A100993,kimberly.,,mobollan,o303,Justin,,,,"Dallas,",TX,75211A,PO BX,4968,810892,Dallas,TX,75381,,
A105027,KIMBERlY,,mogollon,3823,STABLE RIDGE,DR,,,houston,TX,77014,PO BOX,4857,280034,houston,tx,77228,143034549,1971-3-29
A102523,kim m.,,mogolIon,3823,Stableridge,Dr.,,,Houston,TX,77014,P.O. Box,4857,280034,Houston,TX,77Z28,143-03-4549,03-29-1971
A106979,Kimberley,,Mogollon,3823,STABLERIDGE,DRV,,,HOUSTON,TX,7701,PO BOX,48S7,28O034,Houston,TX,,143-03-4549,
A100189,Kimberly,,MOGOLLON,3823,Stable ridge,DR,,,HOUSTON,TX,77014,POB,,280034,HOUSTON,TX,77228,,19710329
A101571,KIMBERLY,,MOGOLLON,10807,Bois d Arc,St.,,,la porte,TX,77571,POBOX,31124,226,la porte,tx,77572,143034549,1971-03-29
A102277,Kim M.,,Mogollan,10807,BOIS d ARC,,,,la. porte,TX,7751,PO BX,31124,,LA PORTE,TX,,143-03-4594,1971
A104375,kimberly.,,mogollon,1O807,Bois D Arc,ST,,,LA PORTE,TX,77571a,PO BOX,,,LA PORTE,TX,77572,,03/29/1971
A104225,Bradley,J.,Lyons,3221,HEMLOCK,ST,,,oxnard,ca,93035,,,,,,,143038458,1961-08-24
A106785,BRAD,,LYONS,3221,hemlock,St.,,,Oxnard,CA,93035-,,,,,,,143-03-8458,08241961
A102388,Bradley J.,,Ly0ns,322l,HENLOCK,ST,,,OXNARD,CA,93035,,,,,,,,19610824
A101871,Bradley Joyce,,Lyons,3221,Hemloc,ST,,,O X N A R D,CA,9303,,,,,,,143-03-8458,
A102371,B.J.Lyons,,,3221,hemlock,ST.,,,oxnard,CA,93035,,,,,,,143-03-8458,1961
A104943,Willam,KAYE,BAIRD,793,Del Norte,Ave,,,corning,ca,96021,POBX,71281,5094,corning,ca,96021,143038458,1961-08-24
A106673,B CHAVEZ,,,793,DelNorte,AVE,,,CORNING,CA,96021A,PO BOX,71281,5094,CORNING,CA,96012,143-03-8458,
A105883,Georgia,THOMAS,Gundersno,793,Del Norte,Av.,,,corn ing,CA,9602,PO BOX,71281,,,,,143034458,19610824
A107011,bradley,joyce,lions,793,Del Norte,AVE,,,CORNING,CA,96021,P O BOX,71281,5094,CORNING,CA,96021B,143-03-8458,08/24/61
A103137,MICHAEL,A,WOOTEN,793,DEL NORTE,AVE,,,CORNING,CA,96021,PO BOX,7128,5094,CORNING,CA,96021,143-03-8458,19610824
A101315,BRADLEy,,LYON,793,DEL NORTE,AVE,,,CORNING,CA,96021,P0 BOX,71281,5094,CORNING,CA,96021,,
A104287,ORSYLNNE B. GRANT,,GRANT,11027,Reseda,Blvd,,,northridge,ca,91326,pobox,94998,8572,northridge,ca,91327,143038458,1961/08/24
A101931,Brad J.,,Lyons.,11027,RESEDA,BLV,,,"Northridge,",CA,91326A,PO BOX,94998,8572,NORTHRIDGE,CA,91328,143-03-8458,19610824
A105469,Bradley,Joyce,Ly ons,11027,RESEDA,BLVD,,,NORTHRIDGE,CA,9132,P O BOX,,8572,NORTH RIDGE,CA,,,19610824
A103789,BRADLEY,,LYONS,11027,Reseda,BLVD.,,,NORTHRIDGE,CA,91326,PO BOX,94998,,NORTHRIDGE,CA,91327,143-03-8458,
A105456,B.Lyons,,,11027,RESEDA,BLVD,,,NORTHRIDGE,CA,91326,PO BOX,94998,8572,NORTHRIDGE,CA,91327,143-03-8458,1961
A105589,KIMBERlY,,lyons,13406,DYER,st,,,sylmar,CA,91342,,,,,,,143034549,1971-03-29
A101940,k. lyons,,,13406,Dyer,St.,,,SYLMAR,CA,91342,,,,,,,,1971
A100325,Kimberley,,Ly0ns,134O6,DYER,,,,SYLMAR,CA,91342a,,,,,,,143-03-4549,
A105182,kimberly.,,LIONS,13406,DYERR,ST,,,SYLMAR,CA,91342,,,,,,,143-03-4549,03/29/1971
A104821,KIMBERLY,,LYONS,13406,DYER,ST,,,"SYLMAR,CA",CA,91342,,,,,,,143-03-4549,19710329
A106699,BRADLEY,JOYCE,LYONS,13406,DYER,ST,,,SYLMAR,CA,91342,,,,,,,143-03-8458,19610824
A102939,Bradley J.,,Lyon,13406,Dyer,St.,,,sylmar,CA,91342a,,,,,,,,1961
A103109,bradley,,lyons,134O6,DYER,,,,SYL MAR,CA,91342,,,,,,,143038458,
A104467,JAMES,,PEREZ,2523,Crescent,Ave,,,anaheim,ca,92801,POBOX,11102,8242,anaheim,ca,92812,143034549,1971-03-29
A102059,Kim Lyons,,,2523,CRESCENT,AVE,,,ANAHEIM,CA,92801-,PO BOX,11102,8242,ANAHEIM,CA,92812,143-03-4549,03/29/1971
A103708,kimberly.,,ly0ns,2523,Cresent,AV,,,ANAHEIM,CA,92801,PO BOX,11102,,ANAHEIM,CA,,143-03-4594,
A104251,K.Lyons,,,2523,CRESCENT,Ave.,,,"Anaheim,",CA,928O1,P.O. Box,11102,8242,ANAHEIM,CA,92812,,1971
A102377,KIMBERLY,,LYONS,2523,CRESCENT,AVE,,,ANAHEIM.CA,CA,92801,PO BOX,11102,8242,ANAHEIM,CA,92812,143-03-4549,19710329
A105889,Bradley Joyce,,Lyons,2523,crescent,ave,,,anaheim,ca,92801,pobox,11102,8242,anaheim,ca,92812,143038458,1961-08-24
A103291,JAMES,,DEMELIS,2523,CRESENT,AVE,,,ANAHEIM,CA,928O1,PO BX,11102,8242,ANAHEIM,CA,92812,143-03-8458,19610824
A101235,bradley,joyce,ly0ns,2523,CRESCENT,AVE,,,ANAH EIM,CA,92801,PO BOX,11102,,,,,,
A104954,BRAD,,LYONS,2523,CRESCENT,AVE,,,ANAHEIM,CA,92801-,P O BOX,11102,8242,ANAHEIM,CA,92812,143-03-8458,08/24/1961
A103107,Bradley Joyce,,Lyons,2523,Crescent,Ave.,,,ANAHIEM.CA,CA,92801,PO BOX,11102,,ANAHEIM,CA,92812,143-03-8458,1961
A101458,kimberly,L.,mogollon,401,220th,st,unit,21,Carson,CA,90745,,,,,,,143-03-4549,1971-03-29
A102509,KIMBERLY,,MOGOLLON,401,220TH,ST,,,CARSON,CA,9074S,,,,,,,143034549,03/29/1971
A106075,Kim,Lyons,MOGOLON,0401,220Th,St.,APT,21,Carson,CA,90745,,,,,,,143-03-4549,
A106115,KIMBERLEE,L,MOGOLLON,401,220TH,,UNIT,21,CARSON,CA,,,,,,,,,19710329
A106738, Kimbelry ,,MOGOLLON,401,220TH,ST,UNIT,,CARSON,Ca,90745,,,,,,,143-03-5494,1971
A104134,KIMBERLY L,,MOGOLLON,401,220TH,ST,,21,Carson,CA,90745,,,,,,,,1971-03
A102084,Jim,,Channcey ,7260,FRUT,AVE,,,Fresno,CA,93711,po box,5502,5991,fresno,CA,93755,143034549,19710329
A103655,M R,,THOMPSON,7 2 6 0,FRUIT,AVE,,,FRESNO,CA,93711,PO BOX,5502,,FRESNO,CA,,,1971-03-29
A101698,KIM,L,MOGOLON,7260,FRUIT,AVE.,,,Fresno,CA,9371I,POBOX,5502,5991,FRESNO,CA,93755,143-03-5494,
A103130,KIMBERLY,L,MOGO LLON,7260,FRUIT,AV,,,FRESNO,CA,93711,P.O. BOX,,5991,Fresno,CA,,,03/29/1971
A105934,BRADLY,JOYCE,LYONS,1456,MAXWELL,L N,,,UPLAND,CA,91786,PO BOX,34047,671,UPLAND,CA,91785,143-03-8458,19610824
A104497,B.JOYCE,,Lyons,01456,maxwell,LN,,,Upland,CA,91786,,,,,,,143-03-8458,
A101981,Bradley,,LYNN,1456,MAWXELL,LN.,,,UPLAND,CA,91768,PO BOX,34047,671,UPLAND,CA,91785,143038458,1961
A102695,B R A D L E Y,JOYCE,LYONS,1456,MAXWELL,LN,,,UP LAND,CA,91786,P.O. BOX,34047,671,UPLAND,CA,91785,,1961-08-24
A105701,Bradley Joyce,,lyons,1456,Maxwel,LN,,,Upland,CA,91786,,,,,,,143-03-8458,24/08/1961
A106278,BRAD,JOYCE,lyons,1456,MAXWELL,LN,,,upland,CA,91786,POBX,34047,671,UPLAND,CA,91785,,1961-08
A100833,LAURA,,GARCIA,6815,molokai,DR,,,cYpress,CA,90630,P O BOX,5436,157,CYPRESS,CA,90630,075-36-6137,19280716
A100879,THERESA,,VASQUEZ,6815,MOLOKAI,DR.,,,CYPRESS,CA,9063O,PO.BOX,5436,157,CYPRSS,CA,90630,075366137,1928
A106724,LAURA,,GARC1A,681S,MOLOKA1,DR,,,CYPRESS,CA,90630,PO BOX,5436,,CYPRESS,CA,90630,,
A102286,Laura,,Garcia,6815,Molokai,Dr,,,Cypress,ca,90630,PO box,5436,157,cypress,CA,90630,075-36-6137,1928-07-16
A105226,LAURA,,GARClA,6815,MOLOKAI,,,,,CA,90630,P0 BOX,,157,CYPRESS,,,075-36-6137,
A100503,LARA,,GARCIA,6815,MOLOKAY,DR,,,CYPRESS,CA,,PO BOX,5436,157,,CA,90630,,16-07-1928
A100767,LAURA,,GARCIA,1088,VIEWPONTE,LN,,,Corona,CA,92881,PO BOX,11791,77501,CORONA,CA,92877,075-36-6137,19280716
A103282,Laura,,GARCIA,108 8,VIEWPOINTE,LN.,,,CORONA,ca,92881,P.O. BOX,11791,,CORONA,CA,92877,075-36-6137,1928-07-16
A101782,L. GARCIA,,GARCIA,1088,VIEWPOINT,LN,,,,CA,,POBOX,11791,77501,CORONA,CA,92877,075366137,
A101489,LAURA,,GARCIA,1088,VIEWPOINTE,,,,Corona,CA,9288l,PO BOX,11791,,CORONA,CA,92877,075-36-6137,1928
A105920,LAURE,,GARCIA,1088,VIEWPOINTE,LN,,,CORONA,CA,92881,PO BX,11791,77501,CORONA,CA,92877,,16/07/1928
A104376,GARY,,JONES,470O,SUNRISE,DR,,,ST PETERSBURG,FL,33705,,,,,,,075-36-6688,19380519
A105362,GARY,EUGENE,JONS,4700,SUNRISE,DR.,,,St. Petersburg,FL,33705,,,,,,,075366688,1938-05-19
A104755,G.E. JONES,,JONES,4700,SUNRISE,DR,,,"ST PETERSBURG,FL",,33705,,,,,,,,19380519
A101456,THOMAS,,HERNANDEZ,4700,SUNR1SE,DR,,,ST PETERSBURG,FL,337OS,,,,,,,075-36-6688,
A104016,GARRY,,JONES,4700,SUNRISE,,,,ST PETERRBURG,FL,33705,,,,,,,075-36-6688,1938
A101186,LAURA,,JONES,3009,COOLIDGE,AVE,apt,A,Costa Mesa,CA,92626,,,,,,,075-36-6137,19280716
A105729,Laura,,Jones,3009,Coolidge,,,A,COSTA MESA,CA,92626,,,,,,,075366137,1928-07-16
A100985,L. JONES,,JONES,3009,COOLIDGE,AVE,APT,,,CA,92626,,,,,,,075-36-6137,
A102276,LAURA,,J0NES,3009,COOLIDGE,AVE,APT.,A,COSTA MESA,CA,92626,,,,,,,,1928
A101377,LAURA JONES,,JONES,3009,COOLIDGE,AV,APT,A,"Costa,Mesa",CA,92626,,,,,,,075-36-6137,16/07/1928
A104168,LAURE,,JONES,3099,COOLIDGE,AVE,APT,A,COSTA MESA,CA,92626,,,,,,,,1928-07
A106272,GARY,EUGENE,JONES,3009,COOLIDGE,AVE,apt,A,Costa Mesa,CA,92626,,,,,,,075-36-6688,19380519
A101388,G. E. JONES,,JONES,3009,COOLIDGE,AVE,apt.,A,COSTA MESA,CA,,,,,,,,075366688,
A100228,GARY E.,,JONES,3009,COOLDIGE,AVE,APT,,COSTA MESA,CA,92626,,,,,,,,1938-05-19
A106092,WM.,,VILLARREAL,3099,COOLIDGE,AVE,,A,COSTA MESA,CA,92626,,,,,,,075-36-6688,19380519
A107159,GARY,,JONES,3009,COOLIDGE,AV,APT,A,"COSTA,MESA",CA,92626,,,,,,,075-36-6688,1938
A102609,Gary,Eugene,Jones,3009,COOLIDGE,AVE,APT,A,Costa Mesa,ca,92626,,,,,,,,19/05/1938
A102033,LAURA,,GARCIA,131,allaire,CIR,,,Sacramento,CA,95835,PO BOX,12343,293357,SACRAMENTO,CA,95829,144-37-7817,19160210
A100422,L GARCIA,,GARCIA,131,ALLAIRE,CIR,,,SACRAMENTO,CA,95835,PO. BOX,12343,,,CA,95829,,
A101131,La ura,,GARCIA,131,ALLAIRE,,,,SACRAMENTO,CA,95835,POBX,12343,293357,SACRAMENTO,CA,95829,144-37-7817,1916-02-10
A105576,LAURA,,G4RCIA,3131,ALLAIRE,CIR,,,SACRAMENTO,CA,95835,P0 BOX,12343,293357,SACRAMENTO,CA,,144-37-7817,10/02/1916
A103783,LAURA,,GARCIA,131,allaire,CR,,,SACRAMENTO,CA,95835,P.O.BOX,,293357,,CA,95829,,1916
A104789,LAURA,,GARCIA,1905,I,AV,,,NATIONAL CITY,CA,91950,PO BOX,7082,2297,NATIONAL CITY,CA,91951,144-37-7817,19160210
A105270,L.GARCIA,,GARCIA,1905,I,AVE,,,National City,CA,91950,P O BOX,7082,,,CA,91951,144377817,
A101506,L AURA,,GARC1A,1905,i,AVE.,,,NATIONAL CITY,CA,9195O,POBOX,,2297,NATIONAL CITY,CA,91951,,1916
A103346,Jennifer,,Frasier,1095,I,AVE,,,NATIONAL CITY,CA,91950,PO BOX,7082,2297,NAT'L CITY,CA,,,10/02/1916
A106616,Curtis Outlaw,,Kelley,9221,11TH,ST,,,MIAMI,FL,33174,,,,,,,144-38-1071,19171121
A100257,JAMES,,Chaucey,9221,11TH,ST.,,,miami,FL,33174,,,,,,,144381071,1917-11-21
A106679,JAM3S,,CHAUNCEY,9221,11th,ST,,,MIAMI,FL,3317I,,,,,,,,
A105437,JAMES,,CHA NCY,9221,11TH,,,,MIAMI,FL,,,,,,,,144-38-1071,1917
A107256,JAMES,,CHAUNCEY,11500,14TH,CT,,,"PEMBROKE,PINES",FL,33026,PO BOX,12003,245441,PEMBROKE PINES,FL,33024,144-38-1071,19171121
A104855,SANDRA,I,XIONG,115O0,14TH,CT,,,PEMBROKE PINES,FL,33026,POBOX,12003,,,FL,33024,,21/11/1917
A106247,James,,CHUNCY,11500,14TH,CT.,,,PEMBROKE PINES,FL,3302G,P0 BOX,12003,245441,PEMBROKE PINES,FL,33024,144381071,
A106148,J. CHAUNCEY,,CHAUNCEY,11500,14TH,CT,,,,FL,33026,P.O.BOX,12003,245441,,FL,33024,,1917-11-21
A100604,JAMES,,CHAUNCEY,11500,14TH,,,,PEMBROKE PINES,FL,,PO BOX,,,PEMBROKE PINES,FL,33024,144-38-1071,1917
A102010,PATRICIA,,FLORES,11500,14TH,CT,,,PEMBROKE PINES,FL,33026,PO BX,,245441,PEMBROKE PINES,FL,33024,144-38-1071,
A107094,M.,,Ramirez ,2998,hazel,Drive,,,Anderson ,CA,96007,,,,,,,144377817,1916-02-10
A103177,L. ,,CHOUNCEY,2998,Hazl,dr.,,,anderson,CA,960O7,,,,,,,144-37-7817,19160210
A100634,laura,,chauncey,299 8,hazel ,DR,,,Andrson,CA,9607,,,,,,,144377817,
A103204,LaurA,,chauncy,2998,Hazel,,,,Anderson,CA,96007-,,,,,,,,1916/02/10
A104703,JAMES,,CHauncey,2998,HAZEL,DR,,,ANDERSON,CA,96007,,,,,,,144-38-1071,19171121
A105464,Jim,,Chauncey,2998,HASEL,Dr,,,"anderson,",CA,96007 ,,,,,,,144381071,1917-11-21
A101538,JAMES ,,CHAUNCE,2998,Hazel,DR.,,,Anderson,CA,96007,,,,,,,144-38-1071,
A105375,J. ,,CHAUNCEY,2998,HAZEL,Dr,,,ANDERSON,California,96007,,,,,,,144-38-107,1917
A105297,James/,,Chauncey,299 8,Hazel,DR,,,ANDE RSON,CA,96O07,,,,,,,,11-21-1917
A105591,James,,Chauncey,,,,,,Andrson,CA,96007,,,,,,,144-38-1071,
A102556,Laura,,CHAUNCEY,7559,BELL,CT,,,HIGHLAND,CA,92346,,,,,,,144377817,19160210
A105048,L. ,,Chauncey ,7559,Bell Ct,,,,"highland,",CA,9234O,,,,,,,,1916-02-10
A103792,LaurA,,CHAWNCY, 7559,BEL,ct.,,,HiGhLand,Ca,92346,,,,,,,144-37-7817,
A104697,JAMES,,CHAUNCEY,7559,BELL,CT,,,Highland ,CA,92346,,,,,,,144381071,1917/11/21
A101844,Jim,,Channcey ,7559 ,BELL,Ct.,,,high land,ca,92346 ,,,,,,, 144-38-1071 ,
A103180,J.,,CHAUNCEY,7559,Bell,,,,HIGHLAND,CA,9234,,,,,,,144-38-1071,1917
A100691,James,,Chauncey,7559,BEL ,CT,,,Highland,CA,92346,,,,,,,,11/21/1917
A100122,James,,CHAUNCEY,7559,BELL,,,,HIGHLAND,CA,92346O,,,,,,,144-38-1071,
A105471,LAURA,,Grimaldi,1663,GAZBO,LN,,,HEMET,CA,92545 ,,,,,,,171-88-9955,19400802
A105691,Laura,,Grimladi,1 663,Gazebo,Ln,,,"Hemet,",CA,92545,,,,,,,171889955,1940-08-02
A100905,L.,,Grimaldi,1663,Gazebo ,LN,,,HEMET,Ca,9254S,,,,,,,,1940
A106986,Gwendolyn,Douglas,Diaz,1663,Gazebo,,,,hemet,CA,92545,,,,,,,171-88-9955,
A103745,LARA,,GRIMALDI,1663,GAZEBO,LN,,,HEMET,CA,92545 ,,,,,,,,08/02/1940
A104558,Laura,,Grimaldi,1663,Gazebo,Ln,,,HEMET,CA,92545,,,,,,,,
A100630,LaurA ,,Grimaldi,1771,Tennis,LN,,,"TRACY,",CA,95376,,,,,,,171-88-9955,19400802
A105413,L. ,,Grimaldy,177 1,Tennys,Ln,,,Tracy,CA,9537 6,,,,,,,171889955,1940-08-02
A102001,LAURA,,grimaldi,1771,TENNIS ,Ln,,,tracy,CA,95376,,,,,,,171-88-9955,
A103731,WILLIAM,,VILLARREA L,1771,tenis,LN,,,Tra cy ,CA,95376,,,,,,,,08/02/1940
A104987,LAURA,,GRIMALDI,1771,TENNIS,,,,TRACY,California,95376O,,,,,,,171-88-9955,
A101727,LARA,,GRMALDI,1771,Tennis,LN,,,TRACY,CA,95376,,,,,,,,19400802
A104788,Laura,,GRIMALDI,178,Carriage,LN,,,PACHECO ,CA,94553,,,,,,,171-88-9955,19400802
A101396,L.,,Grimaldi,178,carige,Ln,,,Pacho,CA,9455 3,,,,,,,171889955,1940-08-02
A105941,B.,,GARCIA,,CARRIAGE,,,,PACHECO,CA,94553O,,,,,,,,08/02/1940
A102776,LARA,,Grimaldi,178,CARRAGE,LN,,,pacheco,ca,94553,,,,,,,,1940
A100808,LAURA,,GRIMALDI,1 78,Carriage,Ln,,,PACH ECO,CA,94553,,,,,,,171-88-9955,
A100543,L.,,GRIMALDY,178,Carriage,LN,,,PACHECO,CA,94553,,,,,,,,19400802
A106711,DARREN,,Garcia,154 ,PARTNERS,Road,,,WACO,TX,76712 ,P.O. BOX,8534,24026 ,WACO,TX,76702,171907741,19390607
A106330,D. ,,Gracia,154,PARTNERS ,RD,,,"waco,",TX,761712,P O Box,8534 ,24026,WACO,TX,76702 ,171-90-7741,1939-06-07
A100432,darren ,,GARCIA,,Patners,Rd.,,,Waco,TX,76712,"po,bo",,,,,,,1939
A106204,Darran,,Garcia ,154,PARTNERS,RD,,,WACO,TX,76712 ,PO BOX,8534,,waco,TX,76702,,
A103838,DARREN ,,Garcia,481,HUNTERS RIDGE,DR,,,MELISSA,TX,75454,,,,,,,171-90-7741,19390607
A102947,D.,,GARCIA,481,HUNTER'S RIDGE,dr.,,,MELISSA,tx,75454,,,,,,,171907741,1939-06-07
A101086,Darren,,GarciA,481,HuntersRdge,Dr,,,melissa,TX,754 54,,,,,,,,
A106889,darrin,,Garcia, 481 ,HUNTERS RIDGE,,,,"melissa,",TX,75454,,,,,,,171-90-7741,19390607
A105634,DARREN,,Garcia,481,HUNTERS RIDGE,DR.,,,Melissa,TX,75454,,,,,,,,1939
A105910,Darren,,GARCEA,481,HUNTERS RIDGE,DR,,,MELISA,TX,75454,,,,,,,171-90-7741,
A103836,LAURA ,,GARCIA,1132,BRIDLE LATCH,DR,,,HASLET,TX,76052,,,,,,,171-88-9955,19400802
A102818,L. ,,GarciA,1132,Bridl latch,DR,,,HASLET,Tx,76052,,,,,,,171889955,1940-08-02
A105990,Laura,,GARCA, 1132,BRIDLE LATCH,DR,,,haselt,TX,7605 2,,,,,,,,
A101271,SUSAN,ANN,VASQUEZ,1132,BRIDLE LATCH,DR,,,HASLET,TX,76052,,,,,,,171-90-7741,19390607
A103408,D.,,GARCIA,1132,Bridle-Latch,Dr,,,"HASLET,",TX,76052,,,,,,,171907741,1939-06-07
A102242,Darren ,,Garcia,,Bridle Latch,,,,haslet,TX,76052,,,,,,,,1939
A106277,Jim,,WILEY,113 2,Bridle Latch,DR,,,HASLET,TX,76052O,,,,,,,171-90-7741,
A102456,LAURA,,Garcia,701,FM 72,,,,MERTZON,TX,76941,,,,,,,171-88-9955,19400802
A105041,L.,,Garcia,701,FM72,,,,"Mertz on,",TX,7694 1,,,,,,,171889955,1940-08-02
A103656,LAURA,,GARICA, 701 ,FM 72 ,,,,mertz0n,tx, 76941,,,,,,,,08/02/1940
A106508,LaurA,,Garcia,,FM 72,,,,MERTZON,TX,76941 ,,,,,,,171-88-9955,19400802
A104979,Lara,,Garcia,701 ,fm72,,,,mertz on,TX,76941,,,,,,,,
A105613,Darren,,Garcia,701,Fm72,,,,MERTZON,tx,76941,,,,,,,171907741,06/07/1939
A106026,DARREN,,GARICA,701,FM 72,,,,MERTZ0N,TX,76941,,,,,,,171-90-7741,19390607
A106162,D. Garcia,,,701,FM72,,,,MeRtZon,TX,76941,,,,,,,,1939
A104491,laura,,garcia,5506,sago palm,DR,,,HARLINGEN,TX,78552,,,,,,,171889955,08-02-1940
A100069,Laura,,Garica,5506,SAGO PALM,Dr.,,,"HARLINGEN,",TX,78552-0000,,,,,,,171-88-9955,19400802
A106671,L GARCIA,,,5506,SagoPalm,DR,,,Harlingen,Tx,,,,,,,,,1940
A104435,Laura.,,Garcia,5506,SAGO-PALM,DR,,,harlingen,TX,7855Z,,,,,,,171-88-9955,
A101924,LAURA,,gacia,5506,SAGA PALM,DR,,,Harlngen,TX,78552,,,,,,,,1940-08
A102441,LaurA,,Garcia,5506,SAGO PALM,,,,HARLINGEN,TX,78552,,,,,,,171-889-955,19400802
A106768,darren,,garcia,5506,SAGO PALM,DR,,,HARLINGEN,TX,78552,,,,,,,171-90-7741,1939-06-07
A101017,D GARCIA,,,5506,SAGO-PALM,DR,,,harligen,TX,78552,,,,,,,,193906
A106981,DARREN,,GARICA,5506,SAGO PALM,DR,,,HARLINGEN,tx,7855,,,,,,,171907741,19390607
A104449,LAURA,,TAYLOR,7738,ANTELOPE RUN,DR,,,ANTELOPE,CA,95843,,,,,,,188774177,1983-11-20
A104474,Laura,,Tay1or,7738,ANTELOPE RUN,Dr,,,Antelope,CA,95843,,,,,,,188-77-4177,19831120
A103017,L. Taylor,,,7738,ANTELOPE RUN,DR,,,ANTELOPE,,95843,,,,,,,,1983
A101181,LAURA,,taylor,,ANTELOPE RUN,DR,,,ANTELOPE,CA,9584,,,,,,,188-77-417,198311
A103487,LAURA,,TAYLOR,7738,ANTELOPERUN,DRIVE,,,Antelope,C.A.,95843,,,,,,,,
A100607,Laura,,Talor,7738,ANTELOPE RUN,DR,,,ANTELOPE,CA,95843,,,,,,,188774177,19831120
A104390,LAURA,,TAYLOR,12316,FREEPORT,DR,,,VICTORVILLE,CA,92392,,,,,,,188-77-4177,11/20/1983
A107191,L Taylor,,,12316,FREE PORT,DR,,,VICTORVILLE,,92392,,,,,,,,19831120
A106177,La Ura,,Talor,12316,FREEPORT,DR,,,VICTORVILLE,CA,9239Z,,,,,,,188-77-4177,
A100516,LAURA,,TAYLOR,19622,CASTILLE,LN,,,SANTA CLARITA,CA,91350,P O BOX,73284,,Santa Clarita,CA,91380,188-77-4177,1983/11/20
A104002,Laura,,TAYL0R,19622,CASTILL,LN,,,Santa Clarita,CA,91350,POBOX,73284,803332,,CA,91380,188774177,19831120
A102900,L Taylor,,,19622,CASTILLE,LN,,,"SANTA,CLARITA",Ca,91350,PO BOX,,803332,Santa Clarita,CA,91380,,1983
A103601,LAURA,,TAYLER,19622,CASTILLE,,,,santa clarita,CA,9135O,,,,Santa Clarita,CA,,188-77-417,
A101162,Damien,Laura Z.,Garcia,30,H0LLY,Ave,Apt,304D,SHALIMAR,FL,32579,,,,,,,188-78-2335,1975-09-13
A106647,damien,,garcia,30,HOLLY,AVE,#,304d,shalimar,FL,32579,,,,,,,188782335,19750913
A105940,D. Garcia,,,30,HOLLY,AV,,,Shalimar,,32579,,,,,,,,197509
A103579,Damian,Laura Z,Garcia,,HOLLY,AVE,APT,304D,Shalimar,FL,32579,,,,,,,188-78-233,1975
A102352,JOHN,,RAMIREZ,30,H0LLY,AVE,APT,304D,Shalimer,FL,3257,,,,,,,,
A106971,D GARCIA,,,30,HOLLY,AVE,,,SHALIMAR,FL,32579,,,,,,,188-78-2335,
A101112,Laura,,GARCIA,305,WRIGHT,LN,,,CLINTON,AR,72031,,,,,,,188-77-4177,1983-11-20
A102019,LAURA,,Garcia,,WRIGHT LN,,,,CLINTON,AR,72031,,,,,,,,1983
A102034,TERRIE,DEAN,KELELY,305,WRGHT,LN,,,Clinton,AR,72031,,,,,,,188774177,
A105598,LAURA,,GARICA,305,WRIGHT,LN,,,CLNTON,AR,72031,,,,,,,188-77-417,198311
A101851,DAMIEN,LAURA Z,GARCIA,305,WRIGHT,LN,,,CLINTON,AR,72031,,,,,,,188-78-2335,09/13/1975
A103425,Damian,,Garcia,305,WRGHT,LN,,,clinton,AR,7203,,,,,,,188-78-233,1975
A103144,D GARCIA,,,305,WRIGHT,,,,CLINTON,AR,72031,,,,,,,,
A103940,LINDA,,SINGH,779,WILLIAMS,ST,,,TRACY,CA,95376,,,,,,,020214070,1945-07-03
A101228,Linda,,Singh,779,WILLIAMs,St.,,,Tracy,,95376,,,,,,,,
A101350,L Singh,,,779,WILIAMS,ST,,,"TRACY,CA",,95376,,,,,,,020-21-407,1945
A103178,LINDA,,SING,779,WILLIAMS,ST,,,TRACY,CA,9537G,,,,,,,020-21-4070,
A101796,Linda.,,Singh,,WILLIAMS ST,,,,TRACY,CA,95376,,,,,,,02021-4070,194507
A101829,LINDA,,SINGH,779,WILLIAMS,ST,,,TRACY,CA,95376-4444,,,,,,,020-21-4070,07/03/1945
A100624,CURTIS,OUTLAW,KELLEY,8453,SPICEWOOD,DR,,,JACKSONVILLE,FL,32216,,,,,,,020-21-5439,09/11/1940
A102719,C. Kelley,,,8453,SPICEWOOD,DR,,,Jacksonville,Fl,32216,,,,,,,,1940
A106651,CURTIS,OUTLAW,KELLE,8453,SPICEWOOD,DRIVE,,,JACKSONVILLE,FL,3221G,,,,,,,020-21-543,
A104239,Curtis Outlaw,,Kelley,,SPICEWOOD DR,,,,"JACKSONVILLE,FL",,32216,,,,,,,02021-5439,194009
A105905,TERRIE,DEAN,LOPZE,8453,SPICEWOOD,DR,,,JACKSONVILLE,FL,32216,,,,,,,020215439,1940-09-11
A102079,Curtis,Outlaw,Kelley,1752,SUMMER RIDGE,CT,,,SAINT AUGUSTINE,FL,32092,,,,,,,020-21-5439,19400911
A105228,curtis,oUTLAW,kelly,1752,SUMMERIDGE,CT,,,Saint Augustine,FL,3209Z,,,,,,,020-21-543,
A105062,C Kelley,,,,SUMMER RIDGE CT,,,,"SAINT,AUGUSTINE",,32092,,,,,,,,194009
A100318,CURTIS,OUTLAW,KELLEY,1752,SUMMERRIDGE,,,,ST AUGUSTINE,FL,32092,,,,,,,020215439,1940-09-11
A106134,LUCILE,,RAMIREZ,1752,SUMMER RIDGE,CT,,,Saint Augustine,FL,32092,,,,,,,,
A102082,Curtis , oUTLAW,Kelley,316 ,Sandridge,Dr.,,,valrico,fl,33594,,,,,,,020215439,09/11/1940
A101362,CURT,O,KELLAY,316,SAND RIDGE,DR,,,VALR1CO,FL,33594,,,,,,, 020-21-5439,1940-09-11
A107034,C Outlaw,,KELLEY,316,SAND RIDGE,,,,Val Rico,FLORIDA,33594-0000,,,,,,,020-21-54XX,
A105986,curtls ,OULAW,kelly, 316,sand ridge,DRIVE,,,valrico,Fl,3359,,,,,,,020215439,1940
A107138,D. JONES,,,0316,SANDRIDGE,DR,,,VALRICO,FL,3359A,,,,,,,,09-11-1940
A106692,C.,,Kelley,316,SANDRIDGE,DR,,,VALRICO,F L,33594,,,,,,,020215439,19400911
A104891,PATRICIA,,CALONGE,5450,Monterey,HWY.,SP,180,San José,ca,9511,,,,,,,020-214070,1945-07-03
A102858,L. KELLEY,,,05450,MONTERRY,HWY,,,SANJOSE,CA,95111-0000,,,,,,,02021-4070,07/03/1945
A105876,LINDA,,KELLEY,5450,Montery,HWY,SPC, 180 ,"SAN,JOSE",CA,951I1,,,,,,,,1945
A107119,Don,,Singh,5450,MONTEREY,HWY,SPC,180,SANJOSe,CA,95111,,,,,,,020-21-5439,19400911
A103210,Curtis O.,,Kelly,5450,Montrey,HWY,,,SAN JOSE,CA,95113,,,,,,,02021 5439,09/11/1940
A105845,C. O.,,KELLEY,545O,MONTEREY,HWY, SPC ,0180,SAN JOSE,CA,951I1,,,,,,,020-XX-5439,
A101479,Curtis Outlaw,,Kelley,5450,Monterery,,SPC,180,"SAN,JOSE",CA,95111,,,,,,,020215439,1940
A105961,CURTIS,O.,KELLEY,5450,MONTEREY,HWY,,,SAN JOSE,C.A.,95111,,,,,,,0202-154-39,11-9-1940
A106760,FERDINAND,,KAHALIL,11947,EFFEN,ST.,,,Rancho Cucamonga,CA,9173,P O BOX,5654,3243,RanchoCucamonga,CA,91729-0000,020214070,19450703
A101691,LIND/A,KELLEY,,11947,EFFEN,ST,APT,,"RANCHO,CUCAMONGA",ca,91739,PO BOX,5654,,RANCHO CUCAMONGA,,,020-21-4070,
A103484,Linda,,KELLY, 11947 ,effen,ST,,,rancho cucamonga,CA,91739A,PO BOX,5654,3243,,,,,1945-07
A107087,L. Kelley,,,11947,Effen,STREET,,,Rancho Cucamonga,CA,91739,POB0X,5654 X,3243,RANCHO CUCAMONGA,CA,91729,020-21-470,45/07/03
A104994,LINDY,,KELEY,11947,EFFIN,ST,,,RANCHO CUCAMONGA,CA,91739,POBOX,5654,3243 ,"rancho,cucamonga",CA,91729-0,,1945
A101361,LINDA,K.,KELLEY,11947,EFFEN,ST,,,RANCHO CUCAMONGA,CALIF.,91739,PO BOX,5654,3243,RANCHO CUCAMONGA,CA,91729,020-21-4070,1945/07/03
A103757,Curtis Outlaw,,Kelley,11947,EFFEN,ST,,,Rancho Cucamonga,CA,91739,P0 BOX,5654,3243,Rancho Cucamonga,CA,91729,020215439,19400911
A103960,CURT O.,,KELLEY,11947 ,EFEN,,,,RANCHOCUCAMONGA,CA,91739,PO BOX,5654,,,CA,91729 ,020-21-5439,09-11-1940
A103876,C OUTLAW,,KELY,11947,EFFEN,ST,, ,RANCHO CUCAMONGA,CA,9173A,PO BOX,5654, 3243 ,RANCHO CUCAMONGA,CALIF,91729,,1940-09-11
A101189,CURTIS, OUTLAW,KELLEY,11947,Effen,STREET,,,"RANCHO , CUCAMONGA",CA,91739,PO B0X,5654-3243,,RANCHO CUCAMONGA,CA,91729,020-21-5439,1940
A104639,C KELLEY,,,11947,EFFEN,ST,,,RANCHO CUCAMONGA,CA,91739,P.O.BOX,5654,3243,RANCHO CUCAMONGA,CA,91729-3243,,
A101667, Linda, Kelley,Singh,6326 ,Vincent,Dr,,,Corpus Christi,TX,78412,P O BOX,01865,181210,CorpusChristi,TX,7848,020-21-4070,19450703
A105553,LYNDA,KELLY,SING,6362,VINCINT,DR.,,,CORPU S CHRISTI,TX,78412-0000,POBOX,1865,,CORPUS CHRISTI,TX,78480,02021-4070,
A104616,L KELLEY,,SINGH,6326,VINCENT,DR,,,"CORPUS,CHRISTI",T X,78412,PO BOX,,181210,CORPUS CHRISTI,,78480-1,02021 4070,1945-07-03
A102680,Linda K.,,Singh,6326,VINCENT,,,,Corpus Christi,TX,78412,P.O. B0X,1865,181210,Corpus Christi,TX,78480,XX-21-4070,1945/07/03
A100557,JENNIFER,,JOHNSON,6326,Vincent,DR,,,"Corpus Christi,TX",,78412X,PO BOX,1865,181210,"Corpus,Christi",TX,78480,,1945-07
A102343,Linda,KELLEY,SINGH,6326,VINCENT,DR,,,CORRUPUS CHRISTI,TX,78412,P O BOX,1865,181210,Corpus Christi,TX,78480,020-21-4070,07-03-1945
A105387,Linda,,Singh,03300,WICKHAM,LN,,,Austin,tx,78725,,,,,,,020-21-4070,19450703
A104679,L SINGH,,,3300,WICKHAM,LN.,,,AUSTIN,TX,7872,,,,,,, 020214070 ,1945-07-03
A103019,Lynda,,Singh,3300,Whickam,LN,,,"Austin,Tx",,78725-0,,,,,,,,07/03/1945
A104778,Linda,Kelley,Singh,14600,Marsh,LN,APT,l111,Addison,TX,75001,PO Box,29173,2146,ADDISON,TX,75001,020-21-4070,19450703
A103462,L.SINGH,,,14600,MARSH,Ln,Apt,111I,ADD1SON,TX,75001-0000,POBOX,29173-2146,,ADDISON,Tx,750O1,,
A105556,Linda,,Sing,14600 ,MARSH,,,,"Addis,on",TX,75001,P O BOX,29173 ,2146,ADDISON TX,,75001,020214070,1945/07/03
A104172,CURTIS,,KELLEY,1413,MARCELLINA,AVE,,,Torrance,CA,90501-0000,PO BOX,9669,268,TORRANCE,CA,90507,020-21-5439,19400911
A100471,Curtis O.,,Kelly,1413,Marcelina,,,,torrance,CA,90501, po box,9669,,"Torrance,CA",,90507,020215439,09-11-1940
A103028,C.,,KELLEY,01413,MARCELINA,AVE.,,,TORRANCE,CA,905OI,PO BOX,9669,268,TORRANCE,CA,90507,,1940/09/11
A102396,Curtis,OUTLAW,KELLEY,1413,MARCELINA,AVE,,,TORRANCE,Cali.,90501,POBOX,9669 268,,TORRANCE,CA,90507,020-21-5439,
A101153,Curtis O.,,Kelly,89205,Ave 76,,,,THERMAL,CA,922A4,,,,,,,020215439,09/11/1940
A104525,CURTIS,OUTLAW,KELLEY,089205,AVENUE 76,,,,THERMAL, CA,92274,,,,,,,020-21-5439,1940-09-11
A104104,c. kelley,,,892O5,AVENUE 76,,,,THERMAL,CA,92274-0000,,,,,,,,
A105832,CURTISS,,KELLEY,89205,Ave76,,,,"THERMAL,CA",,92274,,,,,,,020-XX-5439,1940
A105680,Curtis,OUTLAW,KELLEY,89205,AV ENUE 76,,,,THERMAL,CA,92274,,,,,,,0202-154-39,11-09-1940
A102902,Mike,,lopez,0135,Rennert,Way,,,dixon,ca,95620-0000,,,,,,,151-28-8035,1907-08-05
A103943,L DE L VEGA,,,135 ,ReNnerT,WAY,,,"DIXON,CA",,95620,,,,,,,151288035,08/05/1907
A100061,LINDA,,D L VEGA,135,RENERT,WY,,,DIXN,CA,9562O,,,,,,,151-XX-8035,
A104768,ROBERT,,MENA,135,Rennert,,,,Di xon,CA,95620,,,,,,,,1907
A106197,L. DE LA VEGA,,,839,LINCOLN,AVE,APT,511,WOODLAND,CA,95695,PO BOX,10067,8513,WOODLAND CA,CA,95776-0000,151-28-8035,1907-08-05
A106300,JOSEPH,CRISTINE,ALVAREZ,0839,Lincon,AV.,APT,5l1,Woodland,CA,95695, POBox ,10067-8513,,Woodland,CA,95761,151288035,08/05/1907
A100423,LINDA,,D.L.VEGA,839,LINCOLN,AVE,,,"WOOD,LAND",CA,95695A,PO BOX,10067 , 8513,WOODLAND,CA,9576,,1907
A105989,Linda,,DeLaVega,19920,Index,St.,,#1,Northridge,CA,91326,,,,,,,151288035,1907-08-05
A104659,linda,,de la vega,19920,indx,ST,#,1,NORTHRIDGE,CA,91326,,,,,,,151-28-8035,19070805
A102055,L. D.,,VEGA,19920,INDEX,,,1,Northrdge,CA,91326,,,,,,,,1907
A106701,Lynda,,DELAVEGA,1992O,INDEX St,,,001,North Ridge,CA,9132G,,,,,,,151-28-8035,
A101072,ROBERT,A,DYER,19920,IND X,ST,,1,N0RTHRIDGE,CA,91326,,,,,,,,19070805
A101242,Linda,,De La Vgea,19 920,INDEX,ST.,#,,NORTHRIDGE,,91326,,,,,,,151288035,
A106918,Donld,,SINGH,338,BEL TOWER,AVE,,,lake placid,FL,33852,,,,,,,151-29-4898,
A101344,D.,,SINGH,338,BELLTOWER,AVE,,,LAKE PLACID,FL,3385,,,,,,,,1900-01-01
A102541,DONALD,,SIGH,338,BELL TOWER,AV,,,Lak Placid,,33852,,,,,,,151294898,
A106048,Don,,Singh,1301,10th,Ave,,,deer field beach,FL,33441,p0 b0x,3007,,Deerfield Bch,FL,33443-,,1900/01/01
A103491,DONALD,,SING,1301,10TH,,,,DEERFIELD BEACH,FL,33441,PO BOX,3007283,,,FL,,151-29-4898,
A104140,D. Singh,,,130l,lOTH,AVE,,,DEERFIELD BEACH,,33441,,3007,283,DEERFIELD BEACH,FL,,151294898,01-01-1900
A104157,DONALD,,SINGH,5208,69th,ST.,,,PALMETTO,FL,34221,,,,,,,151-29-4898,
A104586,Don,,Signh,5208,69TH ST,,,,Palmeto,,34221,,,,,,,,19000101
A102355,D.,,Singh,5208,69th,st,,,PAL METTO,FL,3422l,,,,,,,,01/01/1900
A100507,Donald,,Singh,5208,69TH,STREET,,,PALMETTO,FL,34221,,,,,,,151294898,1900-01-01
A104985,Donaldo,,Singh,5208,69th,,,,PALMETTO,FL,34221,,,,,,,,
A103837,DONALD,,SINGH,5208,69TH,ST,,,Palmtto,FL,34221,,,,,,,,190001
A104811,LINDA,,Singh,4530,Black Walnut Woods,ST,,,"SAN,ANTONIO",TX,78249,,,,,,,151288035,
A106195,Lyn da,,SING,4530,BLACK WALNUT WOODS,,,,San Antonio,TX,78249,,,,,,,,1907-08-05
A100168,M Q,,Quiggly,453O,BLAK WALNUT WOODS,ST,,,SAN ANTONIO,,78249,,,,,,,151-28-8035,
A105558,Linda,,SINGH,4530,BLACK WALNUT WDS,ST,,,San Antonio,TX,78249-,,,,,,,,19070805
A101386,DONALD,,SINGH,4530,BLACK WALNUT WOODS,ST,,,SANANTONIO,TX,78249,,,,,,,151-29-4898,
A104851,Donald,,Sing,4530,Blk Walnut Woods,,,,San Antonio,Tx,78249,,,,,,,,1/1/1900
A106968,D Singh,,,4530,BLACK WALNUT WOODS,ST,,,San Antonio,TX,,,,,,,,151294898,1900-01
A100324,DONALD,,SINGH,4530,BLACK WALNUUT WOODS,ST,,,SAN ANTONIO,,78249,,,,,,,,19000101
A104377,Don,,Singh,04530,BLACK WALNUT WOODS,,,,SAN ANTONIO,TX,78249,,,,,,,,
A106036,LINDA,,SINGH,10308,PARK ST,,,,Bellflower,CA,90706,,,,,,,,8/5/1907
A102154,L. Singh,,,10308,PRAK,ST,,,BELLFLOWER,CA,9706,,,,,,,151288035,
A103208,Linda,,Sing,103O8,PARK,ST,,,BELLFLOWER,,90706,,,,,,,151-28-8035,
A105290,Linda,,Singh,1009,Shelterbay,,,,HERCULES,CA,94547,P O BOX,58348,,Herculess,CA,94547,151-28-8035,
A103170,L. Singh,,,1009,SHELTER BAY,,,,HERCULES,CA,94547,POB,58348-5355,,,,,,19070805
A101715,LINDA,,SING,l009,SHELTER BAY,,,,hercules,,94547,,,5355,HERCULES,CA,,151288035,08/05/1907
A107021,Lisa,,FERNANDEZ,11536,IMPERIAL HWY,,APT,7,Norwalk,CA,90650,,,,,,,,1948-12
A106451,F. Khalil,,,I1536,IMPERIAL,HWY,#,7,NORWALK,CA,9065O,,,,,,,079-48-8880,12/08/1948
A102648,L. Fernandez,,,11536,IMPRERIAL,HWY,APT,,"NOR,WALK",CA,,,,,,,,,19481208
A106402,Lisa,,FERNANDEZ,11536,IMPERIAL,,,07,NORWALK,,90650,,,,,,,079488880,
A105936,lisa,,FERNANDES,11536,IMPERIAL HWY,,,7,norwalk,CA,90650,,,,,,,,19481208
A105939,stephen,,PORTILLO,1021 1,PAVILION,DR,,,BAKERSFIELD,CA,93312,,,,,,,079-48-8880,
A104632,L.,,FERNANDEZ,10211,PAVLION,DR.,,,Bakersfield,Ca,93312,,,,,,,,1948-12-08
A101406,LISA,,FERNDZ,10211,PAVILION DR,,,,BAKERSFIELD,,93312,,,,,,,079488880,
A102066,Lisa,,FERNANDEZ,31838,Via Ventana,,,,Thousand Palms,CA,92276,,,,,,,079-48-8880,
A100403,Isela,E.,hernandez,31838,VIA VENTANA,,,,THOUSND PALMS,CA,92276,,,,,,,,19481208
A103555,L. Fernandez,,,31838,VIA VENT NA,,,,"THOUSAND,PALMS",CA,,,,,,,,,
A101454,Laura,,GARCA,3183 8,VIA VENTANA,,,,Thousnd Palms,,92276,,,,,,,079-48-8880,1948-12-08
A103937,lisa,,FERNANDEZ,31838,VIA VENTANA,,,,THOUSAND PALMS,CA,92276,,,,,,,,19481208
A106315,Celso,J.,Santos,504,Hapsburg,ST,,,Jacksonville,AR,72076,,,,,,,079-49-4953,54-08-24
A103489,C. J.,,SANTOS,504,HAPSBURG,St.,,,JACKSONVILLE,AR,7207G,,,,,,,,1954-08-24
A101124,CELSO,,SANTOS,504,hapsburg,,,,jacksonville,,72076,,,,,,,079494953,
A104743,Celso Jacob,,Santos,504,HAPSBURGST,,,,Jackson ville,AR,72076,,,,,,,,19540824
A104593,ROBERT,,MENA,504,HASPBURG,ST,,,JACKSONVILLE,AR,72076,,,,,,,,
A100565,Celso,jacob,Santos,10480,Jeter,Rd.,,,FAYETTEVILLE,ar,72701,,,,,,,079494953,1954-08-24
A106020,c.j.,,Sant0s,10 480,JETER,RD,,,Fayetteville,AR,727O1,,,,,,,,19540824
A102110,CELSO,J.,Santos,10480,Jetr,RD,,,fayettevile,AR,72701-,,,,,,,079-49-4953,195408
A103132,Celso Jacob,,Santos,10480,JETER,,,,FAYETTEVILLE,AR,,,,,,,,07949-4953,1954-08-24
A104444,celso,jacob,Santos,,JETER ROAD,,,,Fayetteville ,AR,72701,,,,,,,,19540824
A102779,CELSO,J,SANTOS,4805,hwy 7,,,,HOT SPRINGS VILLAGE,AR,71909,,,,,,,079-49-4953,1954-08-24
A107253,Celso,,Santos,4805,HIGHWAY 7,,,,"hot springs,village",Ar,719O9,,,,,,,079494953,195408
A106170,C Santos,,,48-05,HIGWY 7,,,,HOT SPRINGS VILLAGE,AR,71909,,,,,,,,19540824
A104657,c.jacob,,SANTOS,4805,HIGHWAY 7,,,,HotSpringsVillage,AR,719O9,,,,,,,07949-4953,
A100642,Celso Jacob,,Santos,4805,Hwy7,,,,Hot springs village,AR,71909,,,,,,,,1954/08/24
A105388,CELSo,JACOOB,SANTOS,4805,highway7,,,,H SPRINGS VLG,AR,71909,,,,,,,,19540824
A100346,Lisa,,Santos,954O,Lake Serena,Dr.,,,BocaRaton,FL,33496,po box,25385,880235,Boca Raton,FL,33488,079-48-8880,19481208
A103514,l.santos,,,9540,Lake Serena,DR,,,BOCA RATON ,FL,33496 ,P O BOX,25385,,BOCA RATON,FL,,,12/08/1948
A101534,Liza,,Santos,9540,LakeSerena,,,,B CaraTon,FL,33496,,25385,880235,BOCARATON,FL,33488,079488880,
A100429,LISA,,SANTOS,9540 ,LakeSerena ,Dr.,,,BocaRaton,FL,33496,POBOX,,,,,,079-48-8880,194808
A103399,Cels0,Jacob,Santos,9540,Lake serena,DR,,,Boca Raton,FL,33496,"po,bo",25385,880235,boca Raton,FL,33488,079494953,19540824
A105922,CELSO,J.,santos,9540,LAKE SERENA,Dr.,,,BOCA RATON,FL,33496,POBOX,,880235,BOCA RATON,,33488,079-49-4953,
A104514,C. SANTOS,,,9540,Lake Srena,DR,,,BOCA RATON,FL,33496,P O BOX,25385,,,FL,,,195408
A101341,Celso Jacob,,Santos,9540,Lake Serena,DR,,,Boca Raton,FL,3349,,25385,880235,Boca Raton,FL,33488,079-49-4953,1954/08/24
A102784,lisa,,santos,704,Wilma Strt,,,,tampa,FL,33612,po box,1885,76972,Tampa,fl,33675,079-48-8880,1948-12-08
A102613,L.santos,,,704,WILMA,,,,TAMPA,FL,336l2,PO BOX,1885,76972,TAMPA,FL,33675,,12/08/1948
A106574,Lisa,,Sant0s,704,Wilma,ST,,,Tampa,FL,33612,PO BOX,1 8 8 5,76972,Tampa ,FL,33675,,1948/12
A105259,LISA,,SANTOS,704,WILMA ST,,,,TAMPA,FL,33612,P O BOX,,76972,TAMPA,FL,33675-,079488880,
A103403,Lisa,,Santos,704,WILMA,ST,,,Tampa,FL,33612,,,,,,,079-48-8880,19481208
A101109,l.s.,,Santos,704,WILMA,ST.,,,Tampa,FL,33612,,,76972,,FL,,079-48-8880,1948-12-08
A104814,CELSO,Jacob,SANTOS,0704,WILMA,street,,,TAMPA,FL,33612,P0B0X,1885,76972,TAMPA,FL,33675,079494953,19540824
A106644,c.santos,,,704,Wilma,ST,,,Tampa,fl,33612-,PO BOX,,76972,Tampa,FL,33675,,
A107222,Celso Jacob,,Santos,704,Wilma St,,,,Tampa,FL,33612,PO BOX,1885,,Tampa,FL,33675,079-49-4953,1954/08/24
A102152,CELSO,,SANTOS,704,WILLMA,ST,,,TAMPA,FL,33612,,1885,76972,TAMPA,FL,33675,079-49-4953,195408
A105573,LISA,,SANTOS,3599,GATEHOUSE,Cir,Apt.,336,Stuart,FL,34994,PO BOX,10129,,Stuart,fl,,079-48-8880,1948-12-08
A104343,Lisa,,Santos,3599,GATE HOUSE,CIR,,,stuart,FL,34994,P O BOX,10129,361,stuart,FL,34995,079488880,194812
A105045,L.santos,,,3599,GATEHOUSE CIR,,APT,336,STUART,FL,349O4,,10129,361,,FL,34995,,08/12/1948
A105304,Al berto,,hernandez,3599,GATEHOUSE,CIR,APT,336,stuart,FL,,PO BOX,,,STUART,FL,34995,079-48-8880,
A101831,C.JACOB,,SANTOS,3599,GATEHOUSE,CIR,APT,336,STUART,FL,34994,POBOX,10129,361,STUART,FL,34995,,19540824
A102457,Celso,J.,Santos,03599,GateHouse,Cir.,APT,336,Stuart,FL,34994,PO BOX,,361,Stuart,FL,34995,07949-4953,1954/08/24
A106930,MARIYA,,SOSA,3599,GATEHOUSE,,Apt,336,Stuart,FL,34994,,10129,361,Stuart,FL,34995,079-49-4953,195408
A103377,C Santos,,,3599,Gatehouse cir,,,,stuart ,FL,34994,p o box,10129,,,FL,34995,,1954
A103098,lisa,,santos,9014,Jackson,Ave.,,,jacksonville,fl,32208,p o box,4285,5314,Jacksonville,FL,32247,,1948/12/08
A101816,L.SANTOS,,,9014,JACKSN,AVE,,,JACKSONVILLE,FL,322O8,POBOX,4285,,JACKSONVILLE,FL,32247,079488880,
A105702,Lisa,,Sant0s,9014 ,Jackson,AVE,,,Jacksonville,FL,32208,,4285,5314,,FL,32247,079-48-8880,194812
A104818,A. H.,,HERNANDEZ,8510,ARDOCH,RD,,,MIAMI LAKES,FL,330l6,,,,,,,079488880,1948-12-08
A103748,lisa,,santos,8510,Ardoch Rd,,,,miamilakes,FL,33016,,,,,,,079-48-8880,19481208
A100890,L.santos,,,08510,ARDOCH,RD,,,MIAMI LAKES,FL,33016,,,,,,,,1948/12/08
A104411,Lisa,,SANTOS,8510,ARDOCK,RD,,,Miami Lakes,FL,33016,,,,,,,079-48-8880,1948/12
A102903,LISA S.,,,8510,ARD0CH,RD,,,MIAMI LAKES,FL,33016,,,,,,,,1948
A106969,rafael,F.,VELASQUEZ,8510,Ardoch,,,,MIAMI LAKES ,FL,33016,,,,,,,079-48-8880,1948-12-08
A102173,Lisa,,Santos,225,23rd,St.,apt,1002,Miami,FL,33137,"po,box",731,430115,Miami,FL,33243,079-48-8880,19481208
A104799,ROBERT,,PEREEZ,225,23RD ST,,,,miami,fl,33137,PO BOX,731,430115,Miami,FL,,,1948/12/08
A101419,Lisa,,Sant0s,225,23RD,ST,APT,1002,MIAMI,FL,33137-,PO BOX,,,MIAMI,FL,33243,079-48-8880,194812
A103935,LISA,,SANTOS,225 ,23rd,St,Apt,1002,Miami ,FL,33137,, 731,430115 ,Miami,FL,33243,,1948
A103725,lisa,,fernandez,2125,LANE ST,,,,yreka,CA,96097,,,,,,,154-87-8398,1901-03-15
A100229,L. fernandez,,,212.5,LANE STREET,,,,YREKA,CA,96097-,,,,,,,,15/03/1901
A105245,Lisa,,FERNANDEZ,212.5,LANE,ST,,,Yreka,CA,96097,,,,,,,154878398,19010315
A100972,LIsa,,Fernadez,212.5,LANe,ST,,,IREKA,CA,,,,,,,,,1901
A102320,l.fernandez,,,2125,Lane st.,,,,YReka,CA,96097,,,,,,,,
A100133,LISA,,FER N ANDEZ,212.5,LANE,ST,,,YREKA,CA,96097,,,,,,,,190103
A102839,Lisa,,Fernandez,10314,Leary,st.,,,san diego,Ca,92124,,,,,,,154878398,1901-03-15
A106840,Lysa,,"FERNANDEZ,",10314,leery,ST,,,"SAN, DIEGO",CA,92124,,,,,,,154-87-8398,19010315
A100509,LISA,,FERNANDEZ,10314,LEARY,,,,sandiEGO,CA,9212A,,,,,,,154878398,
A103581,L. Fernandez,,,10314,LEARY,ST,,,SAN DIEGO,CA,92124,,,,,,,,03/15/1901
A102164,Liza,,Fernanes,133,Castrbridge,CT,,,roseville,CA,95747,P O BOX,4262,852,RoseVille,CA,95-661,154-87-8398,1901-03-15
A101232,N. B.,,Fowler,0133,CASTERBRIDGE,CT,,,RoSEVILLE,ca,95747,P0 BOX,,852,ROSEVILLE,CA,95661,154878398,19010315
A106408,L Fernandez,,,133,CASTERBRIDGE,CT,,,Roseville,CA,95747,POBOX,4262,,,,9566I,154-87-8398,
A104942,J.Mendoza,,,133,CasterBridge,Ct.,,,roseville,CA,95747,PO BOX,4262,852,ROSEVILLE,,,,19010315
A103308,Sherry,,GALVEZ ,697,TEATHER,AV,,,DELTONA,FL,32738,P.O. BOx,,5635,deltona,Fl,32728,154-89-6467,1900/01/01
A105796,ARMANDO,R.,JUMPR,697,TEATHER,AVE,,,DELTONA,FL,32738-,PO Box,4929,563S,DeLTONA,FL,32728,154896467,19000101
A106071,A. Jumper,,,697,Teather,,,,DELTONA,FL,32738,pobox,4929,5635,,,,,01-01-1900
A103822,armando,,jumper,6697,Teather,Ave,,,DELTONA,FL,32738,,,,DELTONA,FL,32728,154-89-6467,
A106851,AMELITA,ANN,MURPHY,697,TEATHER,AVE,,,DELTONA,,32738,p o box,4929,,DELTONA,FL,3272B,154-89-6467,1900
A105231,ARMANDO,RENEE,JUMPER,697,TEATHER,AVE,,,Deltona,FL,32738,,4929,,,,,,19000101
A102837,Armondo,RENE,JUMPER,8085,BABCOCK ST,,,,palm bay,FL,32909,,,,,,,154-89-6467,1900-01-01
A106144,Armando R.,,Jumper,8085,Babcock,St.,,,Palm.Bay,FL,32909,,,,,,,154896467,
A105808,A Jumper,,,8085,Babcok,ST,,,PALM BAY,FL,32909,,,,,,,,1/1/1900
A102866,ARMANDO,,JUMPER,8085,BABCOCK,ST,,,palmbay,FL,32909,,,,,,,154-89-6467,
A100573,ARMANDO,RENEE,JUMPER,8085,BABCOCK,ST,,,PALM BAY,fl,329O9,,,,,,,154-89-6467,19000101
A106215,Lisa,,JUMPER,1318,Fisher,ST,,,waco,tx,767O5,PO BOX,8534,24026,WACO,TX,76702,154-87-8398,15/03/1901
A103880,L.Jumper,,,1318,FISHER,st.,,,Waco,TX,76705,po box,8354,24026,WACO,,,154878398,
A102720,LISA,,JUMER,1318,FISHER,ST,,,WACO,TX,76705,PO BOX,,24026,WACO,TX,,,19010315
A106293,Lisa,R,Jumper,1318,Fisher,,,,WACO,TX,76705,PO BX,8534,,waco,TX,76702,154-87-8398,1901-03-15
A100821,SUSAN,ANN,VASQUEZ,1318,FISHE R,ST,,,w aco,TX,76705,PO BOX,8534,24026,,TX,,154-87-8398,03/1901
A107190,L,,Jumper,1318,Fisher,ST,,,WACO,TX,6705,POBOX,8534,24026,WACO,TX,76702,154-87-839,
A101196,Armando,Renee,Jumper,1318,Fisher,St,,,Waco,TX,76705,po box,8534,24026,,,,154-89-6467,1900-01-01
A106784,A. Jumper,,,1318,Fisher,,,,WACO,TX,76705,PO BOX,,24026,WACO,,,,1900/01/01
A100017,ARMANDO,RENEE,JUMPER,318,FISHER,ST,,,WACO,TX,76705,PO BOX,8534,24026,WACO,TX,76702,154896467,
A105098,Armndo R.,,Jumper,1318,Fiser,ST,,,waco,TX,76705,P O BOX,8534,24026,WACO,TX,76702,154-89-6467,01-01-1900
A103773,ARMANDO,,JUMPER,1318,FISHER,ST,,,WACO,,76705,P.O.BOX,8534,24026,WACO,TX,76702,154-8-96467,19000101
A102287,Lisa,,JUMPER,10522,Beechnut,ST,#,2528,houston,TX,77072,,,,,,,154-87-8398,1901-03-15
A105779,ROBERT,FAYE,LAXTON,10522,Beechnut,St,APT,,Houston,TX,77072,,,,,,,154878398,
A105335,LISA,,JUMPR,10522,BEECHNUT,ST,APt.,2528,HOUSTON,TX,7707Z,,,,,,,,19010315
A101463,Armando,Renee,Jumper,10522,Beechnut,St,APT,2528,HOUSTON,tx,77072,,,,,,,154-89-6467,1900-01-01
A102495,ARMANDO,,JUMPER,10522,Beechnut,ST,#,2528,houston,TX,77072,,,,,,,154896467,19000101
A102572,A. Jumper,,,10522,Beehcnut,ST,APT,,HOUSTON,TX,77072,,,,,,,,1900/01/01
A107154,ARMANDO,R,JUMPER,10522,BEECHNUT,st.,,2528,Houston,TX,77072,,,,,,,154-89-6467,
A103548,ARMNDO,Renee,JUMPER,10522,BEECHNUT,ST,APT,2528,HOUSTON,TX,77072,,,,,,,,1/1/1900
A104462,Armando,Renee,Jumper,10522,Beechnut,ST,APT,2258,HOUSTON,TX,77072,,,,,,,154-89-6467,19000101
A100481,Lisa,,Jumpr,7525,Acts,Ct,,,north.richland hills,TX,76180,,,,,,,154-87-8398,19010315
A100105,L. Jumper,,,7525,Acts,CT,,,NORTH RICHLAND HILLS,Tx,76180,,,,,,,154878398,
A106581,LISA,,JUMPER,7255,ACTS,CT,,,N RICHLAND HILLS,TX,76180,,,,,,,,1901-03-15
A103786,Lisa,Renee,Jumper,7525,ACTS,CT,,,NORTH RICHLAND HILLS,TX,7618O,,,,,,,154-87-8398,1/3/1901
A100853,L Jumper,,,7525,ACTS,,,,"NORTH RICHLAND, HILLS",TX,76180,,,,,,,1548-78398,19010315
A106133,Armando,,JUMPER,7525,ACTS,Ct.,,,NORT RICHLAND HLLS,TX,761O8,,,,,,,154896467,1900-01-01
A104187,A Jumper,,,7525,ACTS,CT,,,NORTHRICHLANDHILLS,TX,76180,,,,,,,,01/01/1900
A100737,ARMANDO,RENEE,JUMPER,7525,Acts,,,,NORTH RICHLAND HILLS,TX,76180,,,,,,,,19000101
A104576,Armondo,Rene,Jumper,7525,ACTS,CT,,,NORTH RICHLAND HILLS,Tx,76180,,,,,,,154-89-6467,1900
A105540,Lisa,,Jumper Fernandez,442,GARVEY,RD,,,PALMBAY,FL,32908,POBOX,9366,110088,PALMBAY,FL,32911,154-87-8398,1901-03-15
A106258,L. Fernandez,,,442,Garvey Rd,,,,Palm Bay,FL,329O8,PO BOX,9365,,,,,,19010315
A103255,LISA,,FERNNDEZ,442,GARVEY,RD,,,PALM BAY,FL,32908,po box,9365,110088,PALM BAY,,32911,154878398,
A105793,Armando,Renee,Jumper,1101,Anne Elisa,CIR,,,Saint Cloud,FL,34772,PO BOX,14746,700024,saint cloud,FL,3477Z,154-89-6467,19000101
A106104,ARMANDO R.,,JUMPER,1101,ANNE ELISA,CIR,,,ST. CLOUD,FL,34772,P.O. BOX,14746,700024,ST CLOUD,FL,34770,154896467,1900-01-01
A101446,A Jumper,,,1101,AnneElisa,CIR,,,Saint Cloud,FL,34772,p o box,14746,,,,,,01/01/1900
A103290,WILLIAM,AMILCAR,PORTILLO,1101,ANNE ELIZA,CIR,,,"Saint Cloud,",FL,34772,PO BOX,14746,700024,Saint Cloud,FL,34770,154-89-6467,
A105227,Armndo Renee,,JUMPER,1011,Anne Elisa,CIR,,,SAINT CLOUD,fl,34772,POBX,14746,700024,SAINT CLOUD,FL,3477O,154-89-6467,1900
A102429,ARMANDO,REN.,JUMPER,1101,ANNE ELISA,CIR,,,StCloud,FL,34772,PO BOX,,700024,St CLOUD,FL,,,1900/01/01
A102632,Maria,,SOSA,2558,Lake Debra,Dr,APT,17107,Orlando,FL,32835 ,"po,box",108O,720506,ORLANDO,fl,32872-,011504406,1912-04-02
A102446,M. ,,Sosa.,2558,LAKEDEBRA,DR,apt,171O7,orlando,FL,32835,PO BX,1080,72050b,ORL ANDO,FL,32872,011-50-4406,04/02/1912
A107088,Karin,,Varj,2558,lake debra,drive,apartment,17107,Orlnado,FL,3283S,P O BOX,1080,720506,ORLANDO,FL,32872,011-50-440,19120402
A100120,MARIA,,SOSA, 2558,LAKE DEBRA,,APT,17107,ORLANDO,FL,32835,POBOX,,720506,ORLANDO,,32872,011-50-4406,
A101002,Maria,,Sosa,2558,Lake Dbera,DR,APT,17107,OrlandO,FL,32835,PO BOX, 1080,720506,,,,,19120402
A105957,Barbra,,GONZALEZ,14001,Hyde Park,DR,APT,203B,FORT-MYERS,fl,33912,p o box,284,7586,"Fort,Myers",FL,33911,011504406,1912-04-02
A100013,Maria,,SOSA,14001 ,HYDE PARC,Dr,apt.,203,FORT MYERS,FL,33912,PO BX,,7586,FORT MYERS,FL,3391I,011-50-4406,19120402
A103969,M. A.,,Sosa,14001,HYDE PARK,DR,APT,203,FORT MYERS,FL,33812,,,,,,,011-50-4406,
A106015,randy,,CRILLY,140O1,HYDE PARK,DR.,APT,203,FORT MYERS,FL,33912,P0 BOX,284, 7586 ,fOrt myers,fl,33911,011-50-4406,04/02/1912
A101444,Maria,,SOSA,14001,HYDE PARK,DR,APT,,FORTMYERS,FL,33912-,PO BOX,284,7586,FORT MYERS,,,,1912
A101636,MAria,,Sosa,2730,74th,WY,APT,2711,davIe,FL, 33314,,,,,,,011-504406,19120402
A103949,M. S.,,Sosa,2730,7 4 T H,WAY,,271l,DAVIE,FL,33314,,,,,,,011-50-4406,1912/04/02
A104980,Maria,,S0SA,2730,74TH,WAY,apartment,2711A,DAVIE,FL,33314,,,,,,,011-50-4406,4-2-1912
A104457,MARIA,,SOSA,2730,74TH,,APT,,DAVlE,FL,33134,,,,,,,,19120402
A101007,Maria,,Sosa,,74TH,WAY,APT,2711,DAVIE,FL,33314,,,,,,,,19120402
A103728,PAMELA,,JOHNSON,2730,74 TH,WY,APT,2711,DAVIE,FL, 33314,,,,,,,011-50-4406,
A100676,Pedro,,RAMOS,093,ATLANTIC,Cr,apt,201,PITTSBURG,CA,94565,,,,,,,011510375,1919/02/01
A105607,PEDRO ,,RAMOS,93,ATLANT1C,CIR,,201,PITTSBURG,CA,94565,,,,,,,011-51-375,19190201
A103369,P. RAMOS,,RAMOS,93,ATLANTIC,CIR,APT,201A,"Pittsburg,",CA,94565,,,,,,,011-51-0375,19190201
A106615,PEDRO,,RAMOS ,93,ATLANTIC,,APT,201,PITTSBRUG,CA,94565-,,,,,,,011-51-0375,
A103929,Pedro,,Ramos,93,Atlantic,Cir.,APT,201,P ittsburg,CA,9456S,,,,,,,011-51-0375,191902
A104126,PEDRO,,RAM0S,2201,5TH,ST,APT,205,"SANTA,mONICA",CA,90405,,,,,,,011-51-0375,1919-02-01
A100896,PEDRO,,RAMOS,2201,FIFTH,ST,,205,SANTAMONICA,CA,904O5,,,,,,,011-51-0375,19190201
A100802,P. Ramos,,RAMOS,2201,5TH,St.,apt,205,Santa Monica,CA,90405,,,,,,,011-51-0375,02/01/1919
A104937,PEDRO,,RAMOS,2201,5TH,,APT,,SANTA MONIKA,CA,90405,,,,,,,,19190201
A106670,PEDRO,,Ramos,,5th,ST,APT,205,Santa Monica,CA,90405,,,,,,,011-51-0375,
A105122,dianna,M,Heernandez,2201,FTH,ST,APT,250,SNT MONICA,CA,90405,,,,,,,011510375,19190201
A102696,PEDRO,,RAMOS,41713,WOODRIDGE,AVE.,UNIT,3,MURRIETTA,CA,92562,,,,,,,011-51-0375,02/01/1919
A107068,PEDRO,,RAM0S,41713,WOODR1DGE,AVE,UNIT,03,MURRIETA,CA,92562,,,,,,,011-51-0375,19190201
A106269,P. RAMOS,,RAMOS,41713,WOODRIDGE,AVE,,3,murrieta,CA,92562-,,,,,,,,19190201
A102486,PEDRO,,RAMOS,41713,wood ridge,Ave,unit,3A,MURRIETA,CA,92562,,,,,,,011-51-0375,
A105006,Pedro,,Ramos,,WOODRIDGE,AVE,UNIT,3,MURRIETA,CA,92562,,,,,,,011-51-0375,19190201
A107129,Maria,,Ramos,1637,SHIRLEY,Dr,,,Pleasant Hill,CA,94523,P0BOX,1430,2333,PLEASANT HILL,ca,94523,011-50-4406,1912/04/02
A100154,MARIA,,RAM0S,1637,SHERLEY,DR,,,PLSANT HILL,CA,94523,PO BOX,,2333,PLEASANTHILL,CA,94523,011-50-4406,19120402
A105040,m. ramos,,RAMOS,1637,SHIRLEY,,,,PLEASANT HILL,CA,94523,PO BOX,1430,,PLEASANT HILL,CA,,011504406,
A103735,MARI,,RAMOS,1637,SHIRLEY,DR,,,PLEASANT HILL,CA,9452E,PO BOX,1430,2333,,,94523,,19120402
A103413,PEDRO,,RAMOS,1637,SHIRLEY,DR.,,,PLEASANT HILL,CA,94523,PO BOX,1430,2333,Pleasant Hill,CA,94523,011-51-0375,01-1919
A104252,P. RAMOS,,RAMOS,1637,SHIRLEY,DR,,,PLEASANTHILL,CA,94523-,PO BOX,143O,,,,94523,,19190201
A106183,PEDRO,,Ramos,1637,Shirley,Dr,,,Pleasant Hill,CA,94523,pobox,1430,2333,PLEASANT HILL,CA,94523,011-51-0375,1919/02/01
A101481,PEDRO,,RAM0S,1637,SHIRLEY,DR,,,PLEASANT HILL,CA,94523,,1430,2333,PLEASANT HILL,CA,,011-51-0375,19190201
A105571,PEDRO,,RAMOS,1637,SHIRLY,DR,,,pleasnt hill,CA,94523,PO BOX,,,,,,011510375,19190201
A107149,PEDRO,,Ramos,1637,SHIRLEY,,,,PLEASANT HILL,CA,94523,PO BOX,1430,2333,"Pleasant,Hill",CA,94523,011-51-0375,19190401
A104291,MARIA,RAMOS,SOSA,3505,CORALWOOD,Way,,,Sacramento,CA,95826,,,,,,,011-50-4406,1912/04/02
A107197,M. RAMOS,,SOSA,350S,CORALWOOD,WAY,,,SACRAMENTO,CA,95826,,,,,,,011-50-4406,19120402
A102559,MARIA RAMOS,,SOSA,3505,CORALWOOD,,,,SACRAMENTO,CA,95826-,,,,,,,,19120402
A104589,MARIA,R.,SOSA,3505,CORALWOOD,WAY,,,SACRAMENTO,CA,95826,,,,,,,,(1912)0402
A106262,NIGEL,,PADRID,3505,CORALWOOD,WAY,,,SACRAMENTO,CA,95826,,,,,,,011-50-4406,1912
A100632,MARIA,,SOSA,,CORALWOOD,WAY,,,SACRAMENTO,CA,95826,,,,,,,011-50-4406,19120402
A106287,MICHAEL,,HERNANDEZ,8367,ELM,AVE,,,FRESNO,CA,93706,PO BOX,5502,5991,fresno,CA,93755,011-50-4406,19120402
A103378,Maria,R.,SOSA,8367,ELM,Ave,,,FRESNO,CA,93706,PO BOX, 5502 ,5991,"Fresno,CA",,93755,,19120402
A102921,M. RAMOS,,SOSA,8367,ELM,AVE,,,FRESNO,CA,937O6,PO BX,5502,,FRESN0,CA,93755,011-50-4406,
A103460,MARIA,RAMOS,Sosa,1386,Hillcrest,DR,APT,732,Thousand Oaks,CA,91362,,,,,,,011-50-4406,1912-04-02
A104423,M. RAMOS,,SOSSA,1386 ,HILLCREST,DR,APT,732B,THOUSAND OAKS,CA,91362-,,,,,,,,19120402
A101784,MARIA,RAMOS,SOSA,,HILLCREST,DR,APT,732,THOUSANDOAKS,CA,91362,,,,,,,011-50-4406,19120402
A105394,MARIA RAMOS,,SOSA,1386,HILLCRET,DR,APT,73,THOUSAND OAKS,CA,91362,,,,,,,011504406,
A103635,PEDRO,,RAMOS ,4185,ARIZONA,ST,,,SAN DIEGO,CA,92104,,,,,,,011-51-0375,19190201
A102565,bradley,,lyons,4815,ARIZONA,ST,,,SANDEIGO,CA,92104,,,,,,,011-51-0375,19190201
A105644,PEDRO,,RAM0S,4185,ARIZONA,St.,APT,21,SAN DIEGO,CA,921O4,,,,,,,011510375,1919/02/01
A106992,P. RAMOS,,RAMOS,4185,ARIZONA,ST,,,SAN DIEGO,CA,92104,,,,,,,,19190201
A106797,PEDRO,,RAMOS,,ARIZONA,ST,,,SAN DIEGO,CA,92104-,,,,,,,011-51-0375,
A103980,PEDRO,,RAMOS,4185,ARIZONA,,,,SAN DIEGO CA,,92104,,,,,,,011-51-0375,19190201
A100762,D.,,GONZALEZ,6343,KATRINA,PL,,,palmdale,CA,93552,,,,,,,025314936,19001019
A104078,Maria,,Migenez,6343,KATRINA   ,PL,,,Palmdle,CA,93552,,,,,,,025-31-4936,1900-10-19
A100818,M.,,MIGENES,6343,Katrina,PLACE,,,palmdale,CA,93552-,,,,,,,,19001019
A106003,MARIIA,,MIGENES,6343,KATIRNA,PL,,,PALMDALE,CA,93552,,,,,,,025-31-4936,
A100883,MARIA,,MIGENES,6343,KATRINA,PL,,,PALMDALE,CA,9355A,,,,,,,025-31-4936,1900
A102406,MARIA,,MIGENES, 8151,BANANA,AVE,,,Fontana,CA,92335,,,,,,,025-31-4936,19-00-10-19
A105690,Maria,,Migenes,8151,bannana,AVE,,,FONTANA,CA,92335,,,,,,,025314936,19001019
A104152,"MIGENES, MARIA",,,8151,BANANA AVE,,,,Fontana,CA,9233,,,,,,,,19001019
A106919,Marla,,Migenez,8151,BANANA,AVE.,,,"fontan,CA",CA,92335,,,,,,,025314936,1900/10/19
A104598,M.,,MIGENES,8151,BANANA,,,,F O N T A N A,CA,92335,,,,,,,025-314-936,19001019
A107174,MARIA,,MIGENES,254,16TH,ST,,,San Pedro,CA,90731,PO BOX,59165,1428,San Pedro,CA,90733,025-31-4936,19001019
A102699,M aria,,Migenes,254,16 TH,STREET,,,SANPEDRO,CA,90731,P O BOX,59165,1428,SAN PEDRO,CA,90733,025-31-4936,1900-10-19
A105592,maria,,migenez,254,16th,ST,,,SAN PEDRO,CA,90Z31,POBOX,"59165,1428",,SAN PEDRO,CA,90733,025314936,
A102256,Maria,,MIGENES,254,16t h,ST,,,"SAN PEDRO,",CA,90731,PO B0X,59165,1428,San Pedro,CA,90733A,,19001019
A100341,M.,,MIGENES,254,16TH,,,,SAN PEDRO,CA,90731,POBX,59165,,San Pedro,,90733,025-31-4936,19001019
A105605,William,,VILLARREAL,1171,FRUITWOOD,CT,,,tracy,CA,95376,,,,,,,025-31-7183,19031202
A102138,WILLIAM,,VILARREAL,1171,FRUITWOOD,Ct.,,,Tracy,CA,9537,,,,,,,,1903-12-02
A106095,Wm.,,VILLARREAL,1171,FRUNITWOOD,CT,,,TRACY,CA,95376A,,,,,,,025-31-7183,190312
A106562,WILLIAM,,VILLARREAL ,7500,IRA,AVE,,,BELL GARDENS ,CA,90201,,,,,,,025317183,19031202
A106448,Wm,,VILLARREAL,7500,IRA,AVENUE,,,Bell Gardens,CA,90201-,,,,,,,,1903-12-02
A103506,William,,VILLAREAL,75000,IRA,AVE,,,BELL GRDNS,CA,9020I,,,,,,,025317183,1903/12/02
A100677,PAUL,,VASQUEZ,7500,IR A,AVE,,,"BELL,GARDENS",CA,90201,,,,,,,025-31-7183,
A102012,WILLIAM,,VILLARREA L,7500,IRA,AVE.,,,BELLGARDENS,CA,902O1,,,,,,,025-31-7183,19031202
A102099,WILLIAM,,VILLARREAL,7500,IRA,,APT,3,BELL GARDENS,CA,90201,,,,,,,,19031202
A105269,William,,Villarreal,20681,OLEANDER,Ave,,,perris,Ca,92570,,,,,,,025-31-7183,19031202
A102005,WILLIAM,,VILARREAL,2068I,OLEANDER,AVE,,,PERRIS,CA,95270,,,,,,,025317183,1903-12-02
A103700,Jackie,v.,NAECKER,20681,OLANDER,AVE,,,PERRIS,CA,92570-,,,,,,,,190312
A100964,William,,Villareal,20681,OLEANDER,AV.,,,peris,CA,9257O,,,,,,,025-31-7183,
A101549,SHERRY,,GAL V EZ,20681,OLEANDER,,,,PERRIS CA,CA,92570,,,,,,,025.31.7183,19031202
A100081,MARIA,,VILLAREAL,1909,DR MARTIN LUTHER KING JR,WAY,,,HAINES CITY,FL,33844,,,,,,,025-31-4936,19001019
A105276,Maria V.,,VILLARREAL,1909,DR MARTIN KING L JR,WAY,,,"Haines,City",FL,33844-,,,,,,,025-31-4936,1900/10/19
A105849,M.,,Vilareal,1909,DR MARTIN LUTHER KING JR,WAY,,,HainesCity,FL,3384A,,,,,,,025314936,
A106427,william,,villarreal,1909,DR. MARTIN LUTHER KING JR,WAY,,,haines city,FL,33844,,,,,,,025-31-7183,19031202
A104705,WILLIAM,,VILARREAL,N/A,DR MLK JR,WAY,,,HAINES-CITY,FL,33844,,,,,,,,1903/12/02
A104963,WM.,,VILLARREAL,1909,DR MARTIN LUTHER K. JR,,,,HainesCity,FL,3384,,,,,,,025317183,
A102384,maria,,villarreal,628,PALMETTO,St,,,welaka,fl,32193,,,,,,,025-31-4936,19001019
A106988,Maria,,Vilarreal,628,PALMETO,STREET,,,WELA.KA,FL,32193,,,,,,,,1900-10-19
A102332,MARIA,,MEZA,628,PALMETTO ST,,,,WELAKA,FL,3219A,,,,,,,025-31-4936,
A102691,Mary,,VILLARREAL,682,PALMETTO,ST,APT,2A,WELAKA,FL,32193-,,,,,,,025-31-4936,19001019
A107039,MARIA,,VLLARREAL,628,PALMETTO,ST.,,,WE LAKA,FL,3213,,,,,,,025314936,19001019
A107202,M. V.,,VILLARREAL,628,PALMETTO,ST,,,"Welaka,Fl",FL,32193A,,,,,,,,1900/10/19
A103788,William,,Villareal,628,Palmetto,ST,,,WELAKA,FL,32193,,,,,,,025-31-7183,19031202
A102877,WILLIAM,,VILLARREALL,628 ,PALMETTO,STREET,,,"WELAKA,",FL,3219,,,,,,,025-31-7183,1903/12/02
A102083,WM.,,VILLARREAL,628,PALMETO,ST,,,WEL.AKA,FL,32193,,,,,,,025317183,190312
A105977,DAVID,,RAMIREZ,628,PALMETTO,ST,,,WELAKA FL,FL,3Z193,,,,,,,,19031202
A100087,WILLIAM L.,,VILLARREAL,628,PALMETTO STREET,,APT,1,WELAKA,FL,32193,,,,,,,025.31.7183,
A101607,MARIA,,VILLARREAL,234,3RD,St,,,cape coral,FL,33990,,,,,,,025-31-4936,19001019
A102202,M. V.,,VILLARREAL,234,THIRD,ST,,,CapeCoral,FL,3399,,,,,,,025314936,
A107072,Maria,,Villareal,234,3RD,ST.,,,"CAPE, CORAL",FL,33990-,,,,,,,,1900-10-19
A102468,MARY,,VILLARREAL,234,3RD ST,,#,7,CAPE CORAL FL,FL,33990A,,,,,,,025-31-4936,19001019
A101679,WILLIAM,,VILLARREAL,234,3RD,ST,,,"cape,coral",FL,33990,,,,,,,025-31-7183,19031202
A107227,WM.,,VILLARREAL,234,THIRD,STREET,,,CAPE CORAL,FL,3399A,,,,,,,025317183,1903-12-02
A100293,William,,VILLAREL, 234,3RD,ST,,,"CAPE CORAL, FL",FL,33990-,,,,,,,,
A106397,WILLIAM,,VILLARREAL,234,3 RD ST,,UNIT,11,capecoral,FL,33990,,,,,,,025.31.7183,19031202
A100334,William V.,,VILLARREAL,234,3RD,ST,,,CAPE CORAL FL,FL,3Z990,,,,,,,025-31-7183,1903/12/02
A102189,Maria,,Garza,102,Warren,Rd,,,Judsonia,AR ,72081,,,,,,,032739496,1926-12-10
A103500,M. ,,GARZA ,102,WARREN,RD.,,,JUDSONIA,AR,72081-,,,,,,,032-73-949,19261210
A106696,maria ,,Garzia,10 2,WARREN,RD,,,Jud Sonia,AR,72081,,,,,,,032739496,
A104837,Marla,,GRAZA,102,Waren ,,,,JUDS0NIA,AR,72O81,,,,,,,,1926
A104447,Maria,,Garza,9715,Baseline,Rd,,,LITTLE ROCK,ar,72209,,,,,,,032-73-9496,19261210
A103313,MARIYA,,GARZA,971 5,BASE LINE,Rd.,,,"Little,Rock",AR,722O9,,,,,,,032-73-949 6,26-12-10
A105973,M.,,Garza,9715,BASLINE,,,,L Ritterock,AR,72209-,,,,,,,032739496,
A100541,WM.,,VILLARREAL,9715,BASELINE.,ROAD,,,LITTLE ROCK,AR,72209,,,,,,,,1926/12/10
A104008,Maria,,Garsa,202,Park,St.,,,STAR CITY ,AR,71667,"po,bo",33646,613,STAR CITY,AR,71667,032-73-9496,19261210
A105490,MARIA,,GARZA,202,PARK,,,,StarCity,AR,71667-1,PO BOX,33646 613,,STAR CITY,AR,71667,03 2 73 9496,1926-12-10
A104137,Marhia,,GARZA,202,PAK,ST,,,STAR CITY,AR,71667,POB,3364F,6I3,STAR CITY,AR,716G7,032-73-9496,
A102739,M.,,Garza,20 2,PARK,ST.,,,STAR CITY,A R,71667,,33646,,STAR CITY,AR,,,1926/12/10
A100073,Maria,,Garza,202,PARK,ST,,,STAR CITY,AR,,PO BOX,33646,613,,,,03273-9496,1926
A103652,Salvador,,Galvan,2484,CILE,Ln,,,Marianna,FL,32446,,,,,,,032-74-3377,1932-03-15
A106435,SALVADOR,,GALVAN,2484,CIL,LN,,,Marrianna,FL,32446-,,,,,,,032-74-337,19320315
A106229,S. ,,GALVAN ,2484,CILE LN,,,,MARIANNA,FL,3244G,,,,,,,032743377,32/03/15
A104081,SAvador,,Galvain,248 4,CILE,LN,,,Marian Na,FL,32446,,,,,,,,1932
A102035,Salvador,,Galvan,9772,Glenbrook,Dr,,,PORTSAINTLUCIE,FL,34987,P O BOX,4349,8433,PORT SAINT LUCIE,FL,34985,032-74-3377,19320315
A101696,S.,,GAL VAN,9772,GLENBROOK,DR.,,,Port Saint Lucia,FL,34987-,PO BOX,4349,8433,PORT SAINT LUCIE,FL,,032-74-337,1932/03/15
A100839,Sal Vador,,Galvan,9772,GLENBROOK,,,,"PORT,SAINT,LUCIE",FL,34987,POBOX,434 9,8433 ,,FL,3498S,,32-03-15
A102437,Maria,,Galvan,140,Doral,Circ,,,NAPLES,FL,34113,POB,19935,11593,Naples,FL,34101,032-73-9496,1926-12-10
A104874,Maria,,Justin,140,DORRAL,CIR,,,NAPLES,FL,341 13,po box,19935,11953,NAPLES,FL,34101 ,032-73-949,
A102077,MARIA,,GALVAN,140,DORAL,,,,"Naples,FL",,34113-,,19935,,,,,032739496,19261210
A104405,Salvador,,Galvan,140,Doral,Cir,,,Naples,FL ,34113,PO BOX,19935,11593,Naples ,FL,341O1,032-74-3377,19320315
A107114,S. ,,GALVAN,140,DORAL CIR.,,,,NAPLES,FL,34l13,po box,19935,11593,NAPLES,FL,,032-74-337 ,32/03/15
A101536,Salvadore,,GALVAN,140,DORLA,CIR,,,"NAPLES,FL",,34113,PO BOX,19935,11593,,FL,34101,032743377,1932
A101043,SAl Vador,,Galva n,140,DORAL,CIR,,,naples,fl,34113-15,POBOX,19935,11593 ,Naples,,,,1932-03-15
A100899,Salvador,,GALVAN,140,DORAL,CI R,,,NAPLES,FL,34113,P0 BOX,19935,11593,NAPLES,FL,34101 ,032-74-3377,
A107140,Maria,R.,Thompson,494,Thames Bluff,Rdg,,,Fort Pierce,FL,34982,,,,,,,033-17-5672,19391129
A105138,Maria R,,Thomson,494,THAMES BLF,RDG,,,Fort Pierce,FL,34982-,,,,,,,033-17-567,1939-11-29
A103269,M.,,Thompson,494,THAMES BLUFF,RDG.,,,F0RT PIERCE,FL,34982,,,,,,,033175672,
A106421,Cecelia,,Rodriguez,494,ThamesBluff,,,,"FORT,PIERCE",FL,34982,,,,,,,033-17-5672,19391129
A101493,M aria,R O BERT,THOMPSON,494,Thames Bluff,RdG,,,FT.PIERCE,FL,34982,,,,,,,,19391129
A101310,Maria,,Thompson,494,THAMES   BLUFF,RDG,,,FortPierce,FL,3498Z,,,,,,,033-17-5672,1939
A100980,Maria,Robert,Thompson,3129,Burk,St,,,TAMPA,FL,33614,PO BOX,1885,76972,TAMPA,F L,33675,033175672,1939-11-29
A104822,M.,,THOMPSON,3129,BURKE,ST.,,,"Tampa,FL",,33614 ,"po,box",1885,76972,,FL,33675,033-17-567,19391129
A103939,RICHARD,,GGONZALEZ,312 9,BURKE,ST,,,TAM PA,FL,33614,,,,Tampa,FL,33675,,1939
A106351,Mari a,ROBERT,Thompson,1905,ELODIE,Ln,,,GULF BREEZE,FL,32563,PO BOX,96865,627,GULFBREEZE,FL,32562,033-17-5672,19391129
A104177,M.,R.,THOMPSON,1905,Elodie,LN.,,,"Gulf Breeze,FL",,32563,POB,96865,627,GULF BREEZE,FL,32562,033175672,
A105676,Maria,Robert,Thompsen,1905,ELODIE,LN,,,"GULF, BREEZE",FL,3256 3,PO BOX,9686S,,,FL,32562,033-17-56 72,1939-11-29
A102737,Earl G.,,PIMIENTA,1905 ,ELODIE,LN,,,GULF BREEZE,FL,32563-1,,96865,627,GULF BREEZE,FL,32562,033-17-5672,39
A103853,Maria Robert,,Thompson,1905,ELODIE,,,,GULF BREEZE,FL,32563,PO BOX,96865,627,GULF BREEZE,FL,32562,,19391129
A104629,Julio,Reed,Thompson,7332,Scout,DR,,,Plano,TX,75025,,,,,,,033-18-0186,19360123
A106771,JULIO,REED,THOMSON,7332,SCO UT,DR.,,,"PLANO,TX",,75025,,,,,TX,,033-18-018 ,1936-01-23
A104652,J.,,Thompson,73 32,SCOUT,DR,,,PLANO,TX,75025 ,,,,,,,,19360123
A104750,Julio,,Thom pson,7332,SCOT,DR,,,PLANO,TX,7502S,,,,,TX,,033180186,
A100259,Julio,,Thompson,5409,Enclave,Circle,APT,417,Fort Worth,TX,76132,,,,,,,033-18-0186,19360123
A105743,JULIO,REED,THOMPSON,5409,ENCLVE,CIR,APT.,41 7,FORT WORTH,TX,76132-,,,,,,,033-18-018 ,36-01-23
A105806,J.,,Thomson,5409,ENCLAVE,CIR.,,,Ft.Worth,TX,7613 2,,,,,,,,1936
A102817,Maria,Rbert,thomson,1015,SAm houston,Blvd.,,,pharr,TX,78577,,,,,,,033175672,1939-11-29
A107242,M. R.,,Thmpson,1015,Sam Houston,,,,PHARR,tx,78577,,,,,,,033-17-5672,19391129
A102796,MARIA,ROBERT,THOMPSON,1015,SAM HOUSTON BLVD,,,,PHARR,TX,7857,,,,,,,033-17-5672,193911
A101723,maria,R,Tompson,015,SAM HOUSTON,BLVD,,,PHARR,Tx,78577,,,,,,,033-17-5672,
A103875,Maria,Robert,Thompson,1015,Sam Huston,BLV,,,"PHARR,",TX,78577A,,,,,,,033-17-5672,1939/11/29
A106145,Julio,Red,Thompson,1015,SAM HUESTON,BLVD,,,PHARR,TX,78577,,,,,,,033-18-0186,19360123
A103040,JULIO,R.,THOMPSON,1015,SAM HOUSTON,,,,Pharr,TX,78577,,,,,,,033 18 0186,1936-01
A103663,JULLIO,,Thompsn,1015,Sam Houston,BLVD.,,,PHAR,Tx,78577,,,,,,,033-18-0186,19360123
A104605,Julio,READ,Thompsn,1O15,SAM HOUSTON,BLVD,,,PHARR,TX,78577,,,,,,,,19360123
A105190,J. R.,,THOMSON,1015,SamHOuston,Blvd,,,Phiar,,,,,,,,,033-18-0186,19360123
A102061,RICHARD,L,GONZLAEZ,2045,Toluca DR,,,,Brownsville,TX,78526,,,,,,,033175672,19391129
A105151,MARIA,R.,Thompson,2045,TOLUCA,DR,,,brownsville,TX,78526,,,,,,,033-17-5672,1939-11-29
A106520,M R,,THOMPSON,204S,Toluca,DR.,,,BROWNSVILLE,TX,7826,,,,,,,,19391129
A106657,Marya,ROBERT,Tompson,2045,TOLUCA,,,,brownville,tx,78526,,,,,,,033-17-5672,19391129
A100177,M. ROBERT,,THOMPSON,2045,ToLUCA,DR,,,BROWNSVILLE,TX,78526,,,,,,,033-17-5672,
A101933,MARIA,ROBERT,THOMPSON,2045,TOLUCA,Dr,,,BROWNSVILLE,TX,7852A,,,,,,,033-17-5672,1939/11/29
A101608,Julio,READ,THOMPSON,2045,TOLUCA,DR,,,BROWNSVILLE,TX,78526,,,,,,,033-180186,19360123
A101656,JU. R.,,Thompsn,2045,Toluca,DR.,,,BRWNSVILLE,TX,7856,,,,,,,033-18-0186,1936-01-23
A103844,D. Garcia,,,2045,TOLUCA DR,,,,BROWNSVILLE,TX,78526,,,,,,,033-18-0186,
A103897,FERDINAND,,KHALIL,204S,Toluca,DR,,,Brownsville,TX,78526,,,,,,,033-18-0186,193601
A106770,Maria,,Thompson,7541,Amber,DR,,,Dallas,TX,75241,PO BX,4968,810892,DALLAS,TX,75381,033-17-5672,19391129
A102149,MARIA R,,Thomson,7541,AMBER Dr.,,,,DALLAS,TX,75241A,p.o. box,4968,,Dallas,TX,75381,,19391129
A102449,M. R.,,THOMPSON,7541A,Amber,DR,,,DALAS,TX,75241,PO BOX,04968,810892,DALLAS,TX,75381,033-17-5672,1939-11-29
A103209,maria,R,thompson,7541,amber,dr,,,Dallas,Tx,75241,POBOX,,810892,Dallas,TX,75381,033175672,193911
A104536,Julio,Read,Thompson,7541,Amber,DR,,,Dallas,TX,75241,PO BOX,4968,810892,Dallas,TX,75381,033-18-0186,1936-01-23
A102686,JULIO,R.,THOMPSON,7541,AMBER,,,,DALLAS,,75241,pobox,4968,,Dallas,TX,75381,033180186,36/01/23
A105057,J. R.,,Thompsn,7541,Amber DR,,,,DALAS,TX,75241,P O BOX,,810892,DALLAS,TX,75381A,033-18-0186,
A105126,Julio,,Thompson,7541,Amber,DR,,,Dallas,TX,72541,PO BOX ,4968,810892,Dallas,TX,,,19360123
A104877,Maria,,Castillo,807,Pennington St,,,,Lowell,AR,72745,POBOX,20690,1781,LOWELL,AR,72745,035-396139,19190208
A103573,MARIA,,CASTILO,807,PENNINGTON,ST,,,LOWELL,ar,72745,PO BOX,2069O,1781,Lowell,AR,727A5,035-39-6139,1919-02-08
A104007,JOHN,,GARCIA,807,Penngton,ST,,,LOWEL,AR,7274A,P O BOX,20690,,LOWELL,AR,72745,,
A101466,Maria,,Castillo,807,Pennington,ST,,,Lowell,AR,72745,PO BX,20690,1781,,,72754,035-39-6139,191902
A106908,MAria,,Castilo,807,Pennington,,,,LOWELL,AR,72745,POBOX,20690,1781,Lowell,AR,72745,035-39-6139,1919/02/08
A100727,Juan,A.,Betchley,21093,Forbes,Ave,,,Hayward,CA,94545,,,,,,,035 41 6068,19250524
A100437,JUAN,ALAN,BETCHLY,21093,FORBS,AVE,,,HAYWARD,CA,94545,,,,,,,035-41-6068,19250524
A100571,J. ALAN,,BETCHELEY,21093,Forbes Ave,,,,Hayward,CA,,,,,,,,035-41-6068,1925-05-24
A102323,Juan,Alan,Betchley,21903,Forbes,Ave.,,,hayward,CA,94545,,,,,,,,19250524
A104628,JUAN,,BETCHLEY,21093,FORBES,,,,"HAY,WARd",CA,9454A,,,,,,,035-41-6068,19250524
A105811,Maria,,BETCHLEY,1302,Ingrassina Ave,,,,Port Saint Lucie,FL,34953,POBOX,4349,8433,PORT SAINT LUCIE,FL,34985,035-39-6139,19190208
A104368,MARIA,,BETCHLY,1302,INGRASSINA,AVE,,,PORT. SAINT LUCIE,FL,3493,P O BOX,4349,8433,PORT SAINT LUCIE,FL,34985,035-39-6139,1919-02-08
A100913,M. BETCHELEY,,,1302,Ingrasssina,Ave.,,,Port-Saint-Lucie,FL,34953,PO BOX,4349,,Port Saint Lucie,FL,34985A,,19190208
A102166,Maria,,Betchely,1302,INGRASSINA,AVE,,,PORT SAINT LUCIE,FL,34953A,POBX,4349,8433,PORT SAINT LUCIE,FL,34985,035-396139,
A103887,Juan,A.,BETCHLEY,1302,INGRASSINA,AVE,,,PORT SAINT LUCIE,FL,34953,POBX,4349,8433,PORT SAINT LUCIE,FL,34985,035-41-6068,19250524
A105601,NICHOLE,,HERNADNEZ,1302,Ingrassina,AVE,,,PORTSAINTLUCIE,FL,34953a,PO BOX,,8433,PORT SAINT LUCIE,FL,34985,035416068,1925/05/24
A103978,JUAN,,BETCHLEY,1302,INGRASSINA,,,,PORT SAINT LUCIE,FL,34953,PO BOX,4349,8433,PORT SAINT LUCIE,FL,34895,035-41-6068,19250524
A101118,Juan,Alan,Betchley,1302,Ingrassina Ave,,,,"Port, Saint Lucie",FL,34953,P O BOX,4349,,PORT SAINT LUCIE,FL,34985,,19250524
A104476,JUAN,ALAN,BETCHELEY,1302,INGRASSINA,AVE,,,PORT SAINT LUCIE,FL,34953,PO BOX,4349,8433,PORT SAINT LUCIE,FL,34985,035-41-6068,19250524
A107167, J. Bonilla ,,,12821,Randolph siding,rd,,,jupiter,fl,33478,PO BOX,10035,683,JUPITER,FL,33468,035-39-6139,19190208
A106196,Maria,,BETCHLEY,1821,Randoloh Siding,RD.,,,JUPITER,FL,33478,P.O. BOX,10035,,Jupiter,FL,33468,,191902
A104244,M R.,,Betchly,12821,Randolph Siding,RD,,,JUPITER,FL,33478,POBX,10035,683,JUPITER,FL,33468A,035-39-6139,1919-02-08
A103228,MARIA,,BETCHELEY,12821,RANDOLPH SIDING,RD,,,"JUPITER,",FL,3347A,PO BOX,10035,683,JUPITER,FL,33468,035396139,19190208
A102182,Michel,,Lopes,12821,Randolph Sding,,,,JUPITER,FL,33478,P O BOX,,683,JUPTER,FL,33468,035-39-6139,
A105815,Maria,,Betcheley,12821,RANDOLPH SIDING RD,,,,Jupiter,FL,33478,PO BOX,10035,0683,JUPITER,FL,33468,035-39-6139,19190208
A102303,Juan,A.,BETCHLEY,12821,Randolph Siding,RD,,,Jupiter,FL,33478,PO BOX,10035,683,JUPITER,FL,33468,035-41-6068,19250524
A103827,J.,,Betchley,12821a,Randolph Siding,,,,JUPITER,FL,3347A,PO BX,10035,683,JUPITER,FL,33468,035-41-6068,19250524
A103232,JUAN,ALAN,BETCHLEY,12821,RANDOLPH SIDING,RD.,,,JUPITER,FL,33478A,PO BOX,10035,683,JUPITER,FL,33468,,1925-05-24
A102386,Juan Alan,,Betchley,12821,Randolh Siding,RD,,,Jupiter,FL,33478,P O BOX,10035,,Jupiter,FL,33468,035416068,19250524
A106533,JUAN,,BETCHELEY,12821,RANDOLPH SIDING RD,,,,"JUPITER,FL",FL,33478,PO BOX,10035,683,JUPITER,FL,33468A,035-41-6068,
A104549,Maria,,Betchley,21739,HARD CASTLE,ROAD,,,Spring Hill,FL,34610,P.O. BOX,11848,3353,springhill,fl,34611,035396139,1919-02-08
A103537,NIGEL,S,PADRI,21739,Hardcastl,Rd,,,SPRING HIL,FL,34610,"po,bo",11884,3353,SpRING HILL,FL,3461,035-39-6139,19190208
A105389,Jon,,Ramirez,21739,HARDCASTLE,RD,,,Springhill,F1,346I0,P O BOX,11848,3353,SpringHill,FL,34611,03539-6139,19190208
A104731,maria,,BETCHLEY,217 39,Hardcastle,,,,Spring Hill,FL,,POBOX,11848,,Spring Hill,FL,3461,035-39-6139,
A104231,Mariya,,Betchley,21739,Hardcastel,RD.,,,SPRNG HILL,FL,346O,po box,11848,3353,SPRING HILL,Fl,34611,035-39-6139,1919
A105798,MARIA,D.,SIMM0NS,3650,sunrize,CT,,,MARTINEZ,CA,94553,,,,,,,008212350,1978/06/14
A103339,M. D.,,Simmons,3650,SUNRISE,Ct.,,,"martinez,",CA,9455,,,,,,,008-21-2350,19780614
A101156,Marija,Dale,Smmons,365O,Sunrise,,,,Martinez,CA,94553,,,,,,,,1978
A100375,EARL,G.,PIMENTA,6003,68TH,TERR,,,TAMARAC,FL,33321-,,,,,,,008-222-516,05/19/1971
A100846,Earl G,,Pimienta,6003,68th,Ter,,,tamarac,Fl,33321X,,,,,,,008-22-2516,19710519
A102574,E.G.,,Pimiemta,6003,68TH,,,,TAMARAC,FL,3332,,,,,,,008-22-2516,
A106542,Earl,G,Pimienta,60003,68TH,TER,,,TAMARRAC,FL,33321,,,,,,,008-22-2516,1971-05-19
A102109,Earl G.,,PIMIENTA,6003,68th,Ter.,,,"tamarac,",FL,33321,,,,,,,008222516,19710519
A105628,E. G.,,PIMIENTA,6003,68TH,TER,,,TAMARAC,,33321,,,,,,,008-22-2516,19710519
A106741,M. Dale,,Pimiento,14,SUMMERCREST,CIR,,,THEWOODLANDS,TX,77381,,,,,,,008-21-2350,19780614
A103164,Maria D.,,Pimienta,14,SUMMR CREST,Circle,,,THE WOODLANDS,TX,7738I,,,,,,,008-21-2350,1978-06-14
A105183,maria,DALE,Pimienta,14,Summer Crest,CIR.,,,"The,Woodlands",Tx,77381,,,,,,,,19780614
A102881,EARL G,,PIMMENTA,14,SUMMER CREST,CIR,,,THE WOODLANDS,TX,77381,,,,,,,,19710519
A100715,E. G.,,Pimienta,14,SUMMERCRST,CIR.,,,THE WDLS,TX,77381,,,,,,,008-22-2516,71-05-19
A102251,Earl,G.,Pimienta,14,Summer Crest,Cir,,,THE WOODLANDS,TX,77381,,,,,,,008-22-2516,19710519
A106323,DEBRA CRAIG,,SCHERER,14,Sumr Crest,CIR,,,"THE,WOODLANDS",TX,77381,,,,,,,008-22-2516,19710519
A101712,MARIA,DALE,Pimienta,111,HOLLY S,WY,,,San Marcos,TX,78666,,,,,,,008-21-2350,19780614
A103756,M. Dale,,PIMENTA,111,HOLLY'S,WAY,,,"san marcos,",tx,7866,,,,,,,008212350,06/14/1978
A101813,Maria D.,,Pimienta,1I1,HOLLYS,WAY,,,SAN MARCOS,TX,78666,,,,,,,,1978
A106008,maria,dale,pimienta,111,HOLLYS,WAY,,,SAN MARCOS,TX,78666,,,,,,,008-21-2350,19780614
A106326,Earl,g,pimienta,111,HOLLY'S,way,,,San Marcos,TX,78666,,,,,,,008-22-2516,19710519
A104656,E. G.,,PIMIENTA,111,Hollys,wy,,,"SAN,MARCOS",TX,78666,,,,,,,,19/5/1971
A100351,Earl G.,,Pimienta,I11,HOLLYS,WAY,,,SanMarcos,TX,78666,,,,,,,008-22-2516,19710519
A106332,earl,,Pimienta,111,HOLLYS,Way,,,SAN MARCOS,Tx,78666-,,,,,,,008222516,1971-05-19
A106136,E. G.,,Pimiemta,111,HOLLYS,,,,SAN MARCOS,,78666,,,,,,,008-22-2516,
A104991,J. Gonzales,,,111,HOLYLS,WAY,,,SAN MAROS,TX,78666,,,,,,,008-22-2516,1971
A102028,George,,HERNANDEZ,611,DOGWOOD,LN,,,JONE SBORO,AR,72401,P 0 BOX,9508,85,Jonesboro,AR,72403,045-41-5098,19000101
A106866,"MIDDLETON, M.",,Savoi,611,Dog Wood,LN.,,,Jonesboro,Ar,724O1,PO BOX,950B,85,JONESBORO,AR,27403,045-41-5098,01/01/1900
A104820,Faddy,ALAN,Evans,611,Dogwood,,,,"Jonesboro,",AR,72401,POBox,9508,,Jonesboro,AR,72403,045415098,19000101
A106613,MARIA,,SAVOY,611,DOGWOOD,LN,,,JONESBORO,AR,72401-,PO BOX,9508,85,JONESB0R0,AR,724O3,045-41-5098,
A103300,M.Savoy,,,611,DOGWOOD,LN,,,JONESBORO,AR,72401,PO BOZ,9508,85,jonesboro,ar,72403,,1900
A103046,Maria,M.,Sav0y,1532,HUTCHINSON,ST.,,,PEARIDGE,AR,72751,P O BOX,9135,292,PEA RIDGE,AR,72751,045-41-5098,19000101
A101627,Joe,,Reyes,1532,HUTCHINSON,St,,,PEA RIDGE,AR,7275I,"po,box",9135,,PEA RIDGE,AR,72751,045-41-5098,19000101
A101768,Mae,,Rodriguez,1532,Hutchinson,,,,PEA RIDGE,Ar,,POBOX,9135,292,"PEA,RIDGE",AR,72751,,01/01/1900
A107228,JACK,C.,LARIOS,5611,BRANCH,ST,,,HOLLY WOOD,FL,33021,,,,,,,045 42 2192,1903-11-15
A103068,Jack,,Larius,561I,Branch,,,,H0LLYWOOD,FL,33021,,,,,,,,11/15/1903
A105430,J. C.,,LARIOS,5611,BRANCH,St.,,,HOLLYWOOD,FL,3302I,,,,,,,045-42-2192,19031115
A103948,JACK C,,LARIOS,5611,BRANCH,ST,,,Hollywood,fl,33021,,,,,,,045422192,1903
A106233,jack,C,larios,5611,branch,St,,,HOLLYWOOD,,33021,,,,,,,045-42-2192,
A102290,J.C.,,LARIOS,5611,BRANCH,,,,"HOLLYWOOD,",FL,33021,,,,,,,045-42-2192,19031115
A107164,Deborah,,Williams,1115,60TH,ST,,,HIALEAH,FL,33012,PO BOX,976,126743,Hialeah,FL,3301 2,045-42-2192,19031115
A103612,jack,c.,LARIOUS,1115,60 TH,st.,,,HIALEH,Fl,33012x,PO-BOX,976,126743,HIALEAH,FL,33012,045-42-2192,1903-11-15
A101941,J. C.,,LARIOS,II15,60TH,,,,"HIALEAH,",FL,33012,PO BOX,976,,HIALEAH,FL,33012,,15/11/03
A100221,MARIA,MIDDLETON,LARIOS,36683,LONGBRANCH,AVE,,,MURRIETTA,CA,92563,PO BOX,12326,213,murrieta,CA,92564,045-41-5098,1900
A106150,Maria Middleton,,Larious,366 83,LONGBRANCH,AVE.,,,Murrieta,CA,9256O,P O BOX,12326,213,Murri eta,Ca,92564,045-41-5098,01/01/1900
A102119,M.M. Larios,,,36683,LONG BRANCH,Ave,,,murrieta,CA,92563,POBOX,12326,,MURRIETA,CA,92564,045415098,19000101
A101859,MARIA,,LARIOS,36683,LONGBRANCH,AV,,,"MURRIETA,",CA,92563-,po box,12326,213,MURRIETA,CA,92564,,19000101
A102579,Maria,Middleton,Larios,36683,Longbranch,Ave,,,MURRIETA,CA,,PO BOX,12326,213,MURRIETA,CA,92564,045-41-5098,
A104961,jack,c,larlos,36683,longbranch,Ave,,,MURRIETA,CA,92563,PO box,12326,213,Murrieta,CA,92564,045422192,1903-11-15
A104294,J.C.,,Larios,36633,Long brach,AV,,,murrieta,CA,92563,p o box,12326-213 ,,murrieta,CA,92564,045- 42 -2192,19031115
A102235,Jack ,C.,LARIOs,36683,Longbranch,,,,MURRIETA,CA,92563-,POB,12326 ,213,MURRIETA,CA,92564a,045-42-2192,
A100045,Maria,,ramerez,28003,Sturbrdige,DR.,,,CASTAIC,CA,91384,,,,,,,045-921489,1975/06/26
A101389,M.,,Ramirez ,28003,STURBRIDGE ,Dr,,,Castaic,CA,9138,,,,,,,045-92-1489,1975062
A106200,MARIA ,,RAMIREZ,28003,sturbridge,DR,,,CASTAIC,CA,91384,,,,,,,045921489,1975-06
A103626,Mariah,,Ramirez,280003,Sturbridge,DR,,,Castiac,CA,91384,,,,,,,045-92-1489,1975
A101977,mARIA,,RAMEREZ,28003,sturbridge,Dr.,,,CASTAIC,CA,91384-,,,,,,,,19750626
A106682,Nigel,S,PADRID, 28003 ,Sturbridge,DR,,,"Castaic,",CA,91384,,,,,,,045 92 1489,
A106814,RICHARD,B.,HANSEN,6231,SPRING  FOREST,CIR,,,Jacksonville,FL,32216,,,,,,,045922904,1968-01-05
A102074,R.,B,Hansen,6231,SpringForest,Circle,,,Jacksonsville,FL,32216a,,,,,,,045-92-2940,19680105
A101062,richard,,Hansen ,623I,springforest,CIR,,,jacksonville,FL,32216,,,,,,,045 92 2904,1968/01/05
A106633,RICHARD,B,HANSEN,6231,SPRING FORREST,CIR,,,JACKSONVILLE,FL,32216,,,,,,,045-92-2904,01-05-1968
A102619,Richrd,B.,Hanssen,631,Springforest,CIR.,,,Jacksonville,FL,32216,,,,,,,,
A102070,M Rojas,,ROJAS,22727,Copper Canyon,Drive,,,ELMENDORF,TX,78112,,,,,,,045-92-1489,1975-06-26
A105689,mARIA,,hansen,22727,"Copper,Canyon",Dr,,,Elmendorf ,TX,7811,,,,,,,045-92-1489,19750626
A106966,MARIA,L,HANSEN,227272,COPPER CANYON,DR,,,elmendorf,TX,78112,,,,,,,04592-1489,
A101954,Marie,,Hansen,22727,CopperCanyon,DR,,,Elmendorf,TX,78112,,,,,,,045-92-1489,1975
A106573,Maria ,,Hansen,22727,Copper Canyon,,,,Elmendorf,Tx,78112,,,,,,,,19750626
A105083,Richard,B,Hanson,22727,Copper Canyon ,DR,,,ELMENDORF,TX,78112-,,,,,,,045-92 2904,19680105
A100641,RICHARD,,HANSEN,22727,CopperCanyon,DR,,,"ELMENDORF,",TX,78112,,,,,,,045-92-2904,01/05/1968
A105300,Richd,B.,Hansen,22727,Copper Canyon,Dr.,,,Elmendorf,TX,78112,,,,,,,045922904,680105
A102171,R.,B,Hansen,22787,CopperCanyon,DR,,,Elmendorf,TX,78112,,,,,,,045-92-2094,1968-01
A102124,richard,b,hansen,22727,copper canyon,dr,,,elmendorf,TX,78112,,,,,,,045-92-2904,
A103154,Richard B.,,Hansen,22727,Copper Canyon,DR,,,ELMENDORF,TX,7811Z,,,,,,,,19680105
A103172,MARIA,,HANSON,6235,WESTWICK,DR,,,Houston,TX,77072,,,,,,,045921489,19750626
A103640,Maria,,Hansen ,6235 ,West wick,DR.,,,HOUSTON,TX,77072,,,,,,,045-92-1489,1975-06-26
A104245,María,,Hansen,6235,WESTWICK,,,,Houston,Tx,77072,,,,,,,,19750626
A102742,M.,,Hansen,6253,Westwick,DR,,,Houston,TX,77072-,,,,,,,045-92-1489,1975
A102161,Maria,L.,Hansen,6235,Westwick,Dr,,,Houston,TX,7707Z,,,,,,,045-92-1489,
A105799,RICHARD,B.,HANSEN,6235,WESTWICK,DR,,,HOUSTON,TX,77072,,,,,,,045-92-2904,1/5/1968
A105930,Richar,B,Hanssen,6235,Westweek,DR,,, Houston,TX,77072,,,,,,,,19680105
A106756,R.,B,Hansen,6236,Westwick,Dr,,,Houston,TX,77072A,,,,,,,045-92-2904,
A104036,MARIA,,HANSEN,4122,Ranger,DR,,,Dallas,TX,75212,,,,,,,045-92-1489,19750626
A103240,Maria,,"Hansen """, 4122 ,Ranger,Dr.,,,DALLAS,TX,,,,,,,,,1975-06-26
A106529,M.,,Hamilton,4122,Raner,,,,"Dal,las",TX,75212,,,,,,,045-92-1489,
A101231,maria,,hansen,4122,ranger,dr,,,dallas,tx,75212-,,,,,,,045-92-1489,19750626
A101644,Richard,B,Hansen,4122,Ranger,Dr,,,Dallas,TX,75212,,,,,,,045-92-2904,19680105
A103134,R.,,Hansen,41212,Ranger,,,,Dallas,TX,75212,,,,,,,045-92-290,1968
A101378,Richd,B.,Hanssen,4122,Ranger,DR,,,"Dall,as",TX,7521,,,,,,,045922904,
A100418,richard,b,hansen,4122,ranger,dr,,,dallas,TX,75212A,,,,,,,045-92-2904,1/5/68
A104064,J. BROWN,,,4122,Ragnar,DR,,,Dallas,TX,75212,,,,,,,,19680105
A102224,R.B.,,Hansen, 4122 ,Ranger, Drive,,,Dallas,TX,75212-,,,,,,,045-92-2904,
A105904,Maria,R.,Thompson,221,Interchange,DR,Apt,109,Palm Bay,FL,32907,,,,,,,052-52-6900,19300727
A103364,MARIA ROBERT,,THOMPSON,221,INTERCHANGE,DR.,apt,190,"PALM,BAY",FL,32907-,,,,,,,052526900,
A101593,M.,R.,Thompson,221,Interchange,,APT,109,Palm Bay,Fl,32907,,,,,,,,1930-07-27
A104562,maria,Robert,Thompson,1450,Anchor,ln,,,Merritt Island,fl,32952,,,,,,,052 52 6900,19300727
A102403,Maria,,Thomson,145O,Anchor,LN,,,MERRITT ISLAND,FL,3295,,,,,,,,1930-07-27
A104663,M. R.,,Thompson,1450,Ancher,LN,,,"Merritt,Island",FL,32952a,,,,,,,052-52-6900,
A104882,Maria Robert,,Thompsen,14500,Anchor,LN,,,Merritt Island,FL,32952,,,,,,,052526900,193007
A104103,Mari,R.,Thompson,1450,Anch0r,LN.,,,Merritt Island,FL,32952,,,,,,,052-52-6900,1930
A106395,Maria,R.,Thompson,1760,Foxhall,CIR,,,Kissimmee,FL,34741,po box,2938,421136,Kissimmee,FL,34742,052-52-6900,19300727
A104452,M.ROBERT,,Thomson,176O,Foxhall,CIR,,,KISSIMEE,FL,3474,"po,box",,,KISSIMMEE,FL,,,
A103885,Maria Robert,,Thompson,1760,Fox halls,CIR,,,"Kissimmee,",FL,34741a,p o box,2938-421136,,Kissimmee,FL, 34742 ,052526900,193007
A102810,Maria,R.,Thompsen,1760,foxhall,cir,,,kissimmee,fl,34741-,,2938,421136,kissimmmee,Fl,34742,052-52-6900,
A105574,jose,,valle,706,HEMPSTEAD27,,,,ozan,ar,71855,P O BOX,24087,21,ozan,AR,71855,052529529,1940-12-14
A100286,JOE,,VALLE ,706,HEMPSTEAD 27,,,,OZAN,AR,71855-,"po,bo.",24087,,OZAN,AR,71855,05252-9529,19401214
A100514,J O S E,,VALLE,0706,hempstead27,,,,Ozan,AR,7185S,PO BOX,24087,21,Ozan,AR,,,194012
A103441,maria,robert,Valle,0660,oak park,Rd,,,SOPCHOPPY,FL,32358,,,,,,,052-52-6900,19300727
A104164,Maria,R.,VALLE,660,OAKPK,ROAD,,,Sopchoppy,FL,32358,,,,,,,052526900,1930-07-27
A103328,MARI,ROBERT,VALLEE,660 ,oak park,rd,,,S0PCH0PPY ,FL,3235O,,,,,,,052-25-6900,1930
A105736,M. Valle,,,660,OAK PARK RD,,,,SOPCHOPPY,fl,32358,,,,,FL,,,7/27/30
A106799,Maria Robert,,VALLLLE,660,Oak Park Rd,,,,sop choppy,FL,32358 ,,,,,FL,,052-52-9600,19300727
A106382,M R Valle,,,66O,Oak Prk Rd,,,,SOPCHOPPY,FL,,,,,,,,,
A100037,JOSE,,VALLE,660,OAKPARK,RD,,,SOPCHOPPY,fl,32358,,,,,,,052-52-9529,19401214
A104833,Jose V.,,,660,OakPark rd,,,,SOPCHOPPY,FL,3235B,,,,,,,052-52-9529,
A101498,JASON,,GONZÁLEZ,0660,OAK-PARK,RD,,,Sopchoppy,FL,32358,,,,,,,05252 9529,1940-12-14
A104528,jos3,,vale,660,Oak Park Road,,,,SOPCHOPPY,FL,32358,,,,,FL,,,19401214
A104623, J.V. ,,,660,OAK PARK DR,,,,SOPCHOPPY,FL,32358,,,,,,,,
A103821,MARIA,,CROW,218,BILLSTOWN,RD,,,delight,Ar,71940,,,,,,,06524-0668,01-01-1900
A105552,M.CROW,,,218,BILLSTOWN RD,,,,Delight,AR,71940,,,,,,,,1/1/00
A102525,maria,,crowe,218,Bilstown,Rd.,,,DELIGHT,AR,7194O,,,,,,,065-24-0668,1900
A102749,Mari,,Crow,218,bilstown,,,,delight,ar,,,,,,,,065240668,19000101
A104626,MARIA,,CR0W,218,BILLSTOWN,RD,, ,Delight,AR,71940,,,,,,,065-24-0668,
A100971,M Crow,,,218,BillStown rd,,,,DELIGHT,,,,,,,,,,
A104724,Maria,,CROW,8730,Highway229,,,,leola,AR,72084,,,,,,,,19000101
A103824,M. Crow,,,08730,HIGHWAY 229,,,,LEOLA,ar,72084,,,,,,,065-24-0668,1900
A104005,MARIA,,CROW,873O,HIGHWAY 229,,,,Leola ,AR,7208L,,,,,,,06524 0668,1/1/1900
A101285,maria,,crow,108,SUNSET,LN,,,N LITTLE ROCK,AR,72118,po box,4160 ,94138,NORTH LITTLE ROCK ,ar,72190,065-24-0668,19000101
A106242,Maria CROW,,,108,Sunset Lane,,,,North Little Rock,AR,72118,P0 B0X,4160,94138,N.LITTLE ROCK,AR,,065240668,1900-01-01
A103636,M Crow,,,108,Sunset ln,,,,"NORTH,LITTLE,ROCK",AR,,,,,,,,,
A102964,M.C.,,Crow,108,SUNSET,LN,,,North Little Rock,AR,72118,po.box,4160,,northlittlerock,ar,7219O,065-24-668,01/01/00
A106226,KURT,A.,ESPINOZA,400,LINCOLN,AVE,,,NEW SMYRNA BEACH,FL,32169,,,,,,,065256231,1903-07-05
A100848,KURT,,ESPINOzA,400,linc0ln,AVE.,,,New Smyrna Bch,FL,32169,,,,,,,065-25-6231,19030705
A103841,KURT,,E.,400,LINCOLN AVE,,,,NEW-SMYRNA-BEACH,FL,3216Q,,,,,,,,1903
A105353,kurt,alberto,espinoza,999,72ND ST,,,,MIAMI,FL,33138,,,,,,,065-25-6231,19030705
A106129,KURT ALBERTO,,ESPINOZA,0999,72nd,St.,,,miami,fl,33138,,,,,,,065256231,1903-07-05
A101296,K ESPINOZA,,,999,72ND ST,,,,"miami,fl",FL,3313B,,,,,,,,
A103594,Maria,,ESPINOZA ,2049,north,dr,,,Tyler,TX,75703,PO BOX,4692,133140,tyler ,TX,75713,065-24-0668,19000101
A104903,MARIA,,ESPINOZA,2049,NORTH DR,,,,"TYLER,TX",TX,75703,P.O. BOX,4692,133140,TYLER,TX,,065240668,01/01/1900
A104169,M. ESPINOZA,,,2049,north dr,,,,Tyler,Tx,75703,,,,,,,,
A102980,Maria,,Espin0za,2049,North,Dr.,,,TYLER,TX,7570Z,P O Box,4692 ,133140,Tyler,TX,75713,065-24-0668,1900
A100468,M E,, ,2049,N DR,,,,Tyler,,,POBOX,4692,,TYLER,TX,75713,,
A101420,KURT,,espinoza,2049,NORTH,DR,,,tyler,TX,75703,po box,4692,133140,tyler,TX,75713,065-25-6231,19030705
A101832,K ALBERTO ESPINOZA,,,2049,north dr,,,,"Tyler,TX",TX,75703,P O BOX,4692,133140,Tyler,TX,75713,,1903-07-05
A102503,KURT,A.,ESPIN0ZA,2049,NORTH DRIVE,,,,TYLER,TX,75703,PO BOX,4692,133140,TYLER,TX,,065256231,7/5/1903
A104803,kurt,,espinoza,2049,N DR,,,,tyler,,,,,,,,,,
A104396,K ESPINOZA,,,2049,NORTH,DR,,,TYLER,TX,7570Z,P.O.BOX,4692,133140,TYLER,TX,75713,065-25-6231,1903
A107251,KURT,,ESPINOZA,2049,NORTH DR.,,,,TYLER,TX,75703,po.box,4692,133140,tyler,tx,757139,065-25-6231,19030705
A106072,MARIA,,vspinoza,526,HARDING,BLVD,,,san antonio,TX,78221,PO BOX,5738,690362,SAN ANTONIO,TX,78269,065-24-0668,19000101
A106028,M. Espinoza,,,526,Harding Bl,,,,"San,Antonio",TX,78221,P.O.BOX,5738,690362,San Antonio,TX,,,1/1/1900
A105718,Maria,,espinoza,0526,HARDING BLVD,,,,SAN ANTONIO,TX,7822I,PO BOX,5738,690362,SanAntonio,TX,78269,065-24-0668,01/01/1900
A106166,KURT,,espinoza,526,HARDING,BLVD,,,San Antonio,TX,78221,PO BOX,5738,690362,SAN ANTONIO,TX,78269,065-25-6231,19030705
A106379,K A Espinoza,,,526,HARDING BLVD,,,,"SAN,ANTONIO",TX,78221,P.O. BOX,5738,690362,SAN ANTONIO,TX,78269,,1903-07-05
A105766,MARIA,,RIC0,0526,HARDING BLVD,,,,SAN ANTONIO,tx,7822I,po box,5738,690362,SanAntonio,TX,78269,065-25-6231,7/5/1903
A101486,maria,,McBean Yee,920,nutwood,St.,apt.,40,anaheim,ca,92804,"po,bo",11102,8242,Anaheim,CA,92812,077902261,07/07/1963
A106394,MARIA,,MCBEAN-YEE,0920,NUTWOOD,ST,APT,40 ,ANAHEIM ,CA,928O4,POBOX,11102,8242,ANAHEIM,CA,92812-,077-90-2261,196307
A106022,Maria,,ESPINOZA,920,NUTWD,ST,APT,40,ANAHIEM,CA,92804,PO BOX,111O2,,AnAheim,CA,92812 ,,1963-07-07
A105459,MARIE,,MC BEAN YEE,920,Nutwood,St,Apt,4O,ANAHEIM,CA,9284,,,,,,,07790-2261,1963
A106524,Maria,,McBeanYee,1495,heatherwood,AVE,,,"Chula,Vista",CA,91913,,,,,,,077-90-2261,07-07-1963
A106720,M,,McBean-Yee,1495,HEATHERWOOD,AVE,,,CHULA VISTA,CA,919I3,,,,,,,077902261,
A106489,Maria,,McBeanYee, 1495,Heatherwd,Av,,,ChulaVista,CA,91913,,,,,,, 077-90-2261 ,1963-07
A103124,MARIA,,MCBEAN YEE,1495,HEATHERWOOD,,,,CHULAVISTA,CA,9191,,,,,,,,19630707
A100219,Richard,L,GONZLAEZ,10007,CHERYL,ST,,,Manvel,Tx,77578,,,,,,,077-95-2638,19700303
A106085,A.,,Ramos,10007,CHERYL,ST,,,MANVEL,TX,77578,,,,,,,077952638,1970-03-03
A101836,Allan,,Ramos,1007,CHERYL,ST.,,,manvel,TX,7757A,,,,,,,077-95-2683,197003
A103942,ALLAN,,RAMOS,10007,CHERYL,,,,MAN VEL,TX,77578,,,,,,,077-95-2638,70
A105663,A L L A N,,Ramos,1O007,Cheyrl,ST,,,Manvel,TX,77578,,,,,,,,
A106881,allan,,ramos,10007,cheryl,st,,,manvel,tx,77578,,,,,,,077-95-2638,03/03/1970
A104668,MARIA,,RAM0S,3348,PLANTATION,DR,,,Sarasota,FL,34231,,,,,,,077-90-2261,1963-07-07
A100151,M.,,RAMOS,3348,PLANTATION,DR.,,,SAR ASOTA,FL,34231,,,,,,,,19630707
A106843,david,,Rodriquez,348,PLANTATION,DR,,,Sarasota,FL,3423l,,,,,,,077902261,
A102048,MARIA,,RAMOS,3348,PLANTATOIN,DR-,,,"SARASOTA,",FL,34231,,,,,,,077-90-2261,1963
A103149,maria,,RAMOS,3348,PLANTATION,DR,,,sarasota,fl,34231,,,,,,,077-90-2261,63-07-07
A100796,MARIA,,RAMOS,3348 ,PLANTATION ,DR,,,SARASOTA,FL,34231,,,,,,,077-90-2261,196307
A103225,ALLEN,,ram0s,3348, plantation,DR,,, Sarasota,FL,34231,,,,,,,077-952638,19700303
A106276,Allan,,RAMOS,3348,PLANTATON,,,,Sarasota,FL,3423i,,,,,,,077952638,1970-03-03
A100020,A.,,Ramos,3348,PLANTATI0N,DR,,,SARASOTA,FL,34231,,,,,,,,03/03/1970
A106547,all an,,ramos,3348,PLANTATION,DR.,,,SARASOTA,FL,34231,,,,,,,077-95-2638,70
A105962,ALLAN,,RAMOS,3348 ,PLANTATION ,DR,,,SARASOTA ,FL,34231 ,,,,,,,077-95-2638,197003
A105629,Maria,,RAMOS,1114,KEMPTONCHASE,PKWY,,,ORLANDO,FL,32837,,,,,,,077-90-2261,1963-07-07
A100611,M.,,Ramos,114,KEMPTON CHSE,PKWY,,,ORLANDO,FL,32837,,,,,,,,19630707
A107022,MARIA,,RAM0S,1114,KEMTPON CHASE,PKWY,,,ORLANOD,FL,32837,,,,,,,077902261,
A106826,marIa,,ramos,1114,KemptonChase,,,,Orlando,Fl,3283Z,,,,,,,077-90-2261,63-07-07
A105258,MARIA,,RAMOS, 1114,KEMPTON CHASE ,PKWY,,,ORLANDO ,FL,32837 ,,,,,,,077-90-2261,196307
A103380,K.A.CASILLAS,,,1114,Kempton Chase,PKWY,,,Orlando,FL,32837,,,,,,,,1963
A101628,Alan,,Ramos,1114,Kemptonchase,Pkwy,,,Orlando,FL,32837,,,,,,,077-95-2638,1970-03-03
A101502,Allan,,Ramos,11114,KEMPTON CHASE,,,,ORLANDO,FL,3283S,,,,,,,077952638,19700303
A102318,A.,,Ram0s,1114,KEMPT0N CHASE,PKWY,,,ORLANDO,FL,32837,,,,,,,,03/03/1970
A102521,ALLAN,,RAMOS,1114,KEMPTONCHASE,PKWY,,,ORLANDO,FL,32837,,,,,,,077-95-2638,70
A100001,Maria,,Ramos,3916,Adams,ST.,,,Hollywood,FL,33021,,,,,,,077-90-2261,196307
A106490,MARIA,,RAM0S,3916,ADAMS,ST,,,HOLLY WOOD,FL,33021,,,,,,,077902261,
A102522,Mari,,Ramos,9316,ADAMS,ST,,,HOLLYWOOD,FL,33021,,,,,,,,07-07-1963
A106443,M.,,RAMOS,3916,ADAM5,,,,HOLLYWOOD,FL,3302I,,,,,,,077-90-2261,19630707
A105074,joyce,,baird,3916,ADAMS,ST,,,HOLLYWOOD,FL,33021,,,,,,,077-90-2261,1963
A101834,Mariah,,Ramos,3916,Adams,St,,,Hollywood,FL,33021,,,,,,,,63-07-07
A105216,ALLAN,,RAMOS,3916,ADAMS ,ST,,, HOLLYWOOD,FL,33021,,,,,,,077-95-2638,03/03/1970
A100614,A.,,RAMOS,3916,ADAMS,ST.,,,HOLLY-WOOD,FL, 33021 ,,,,,,,,1970-03-03
A100769,Allan,,RAM0S,3916,ADAMS,,,,HOLLYWOOD,FL,3302i,,,,,,,077952638,19700303
A106062,Maria,,R0JAS,1303,SantomasAquino,,,,San Jose,CA,95130,P O BOX,1820,640083,SanJose,CA,95164,081-56-0153,1950-10-21
A100225,MARIA,,ROJAS,1303,SAN TOMAS AQUINO PWAY,,,,"SAN,JOSE",CA,95130,POBX,820,640083,SANJOSE,CA,95164,081-56-0153,195010
A102976,Mariah,,Rojas,1303,St Thomas Aquino,,,,San Jose,CA,95130-,PO BOX,1820,64O083,San Jose,CA,9516A,081-560153,
A100941,M.,,ROJAS,103,SANTOMAS AQUINO,,,,SAN JOSE,CA,95130,PO BOX,1820,,SJ,CA,95164 ,,19501021
A103326,MARIA,,ROJAS,1303,SANTOMASAQUINO,,,,SAN JOSE,CA,95130,PO Box,1820,640083,San Jose,CA,95164,081-56-0153,1950
A104014,MA RIA,,ROJAS,1303,SAN TOMAS AQUINO,,,,SAN JOSE,CA,95130,,,,,,,,
A100106,CARLOS,A.,RAMOS,12803,TOMAHAWK,LN,,,Norwalk,CA,90650,,,,,,,081-56-3127,19481213
A101642,CARLOS,,RAM0S,12803,TOMAHAWK,LN.,,,NORWALK,CA,9065O,,,,,,,081563127,1948-12-13
A101572,C. A.,,RAMOS,12803,TOMA HAWK ,LN,,,NORWALK,CA,90650,,,,,,,081-56-3127,194812
A106209,CARLOS,,RAMOS,2803,TOMAHAWK,,,,"NORWALK,",CA,9065I,,,,,,,,12/13/1948
A106643,Carlos,,Ramos,12803,Tomahawk,Ln,,,norwalk,ca,90650,,,,,,,081-56-3127,1948
A103541,CARLOS,,RAMOS,12803,TOMAHAWK,LN,,,NORWALK,CA,90650,,,,,,,,
A104939,CARLOS,,RAMOS,9513,BEACH,ST,,,LOSANGELES,CA,90002,,,,,,,081-56-3127,19481213
A105472,Carlos,,Ramos,5913,BEACH,ST,,,LOS ANGELES,CA,90002,,,,,,,081-563127,1948-12-13
A100192,CARL0S,A,RAMOS,9513 ,beach,ST.,,,LOS ANGELES,CA, 90002,,,,,,,,194812
A106528,C.,,RAMOSS,9513,BEACH,,,,"LOS,ANGELES",CA,900O2,,,,,,,081-56-3127,12/13/1948
A102834,CARLOS,,RAMOS,9513,BECH,ST,,,LOS ANGELES,CA,90002,,,,,,,081-56-3127,
A106612,Carlos,A.,Ramos,1522,constitution,blvd.,,102,Salinas,CA,93905,,,,,,,081563127,19481213
A104684,c.ramos,,,1522,constitutional,BLVD,#,102,SALINAS,CA,93905,,,,,,,081-56-3127,
A104810,Carols,Alberto,Ramos.,15 22,CONSTITUTION,BLV,#,012,SALInas,CA,939O5,,,,,,,081-56-3127,1948-12-13
A106158,maria,,espinoza,1011,beyer,wy,,056,"San,Diego",CA,92154,,,,,,,081-56-0153,1950-10-21
A102528,M.Ramos,,,1011,BEYER,WAY,spc,56,SANDIEGO,CA,9215,,,,,,,081560153,19501021
A101709,Mariah,,Ramos,1011,Byer,wy,SPC,56,SAN DIEGO,CA,92154,,,,,,,081-560153,10/21/1950
A100589,MARIA,,RAM0S,1011,BAYER,,,56,SAN DIEGO,CA,92154A,,,,,,,081-56-0153,195010
A103482,María ,, Ram0s,1011A,BEYER,WAY,SPC,,SAN DIEGO,CA,92154,,,,,,,,1950/10/21
A102956,Carloz,A,Ramus,1011,BEYYER,WY,,56,San Diego,CA,92154,,,,,,,081-56-3127,
A106995,C. Ramos,,,1011,BEYER,WAY,SPC,056,SAN DIEGO,CA,92154,,,,,,,081 56 3127,19481213
A102999,Carlos Alberto,,Ramos,1011,Beyer,Way,Spc,56,SANDIEGO,CA,92154,,,,,,,,1948/12/13
A103998,C.A.,,Ramos,1011,BEYER,,SPC,56,SAN DIEGO,CA,92154,,,,,,,081563127,194812
A103901,MARIA,,MURILLO,1361,YOSEMITE,DR,#,2,LOS ANGELES,CA,90041,,,,,,,086-01-7041,19130620
A104033,Maria,,Murillo,1361,yoesemite,Dr.,,2A,Los Angeles,CA,90041-0000,,,,,,,086017041,1913-06-20
A104257,M.Murillo,,,136I,YOSEMITE,DR,APT,2,"LOS,ANGELES",CA,9004I,,,,,,,,
A103503,"MURILLO, MARIA",,,1361,YOSEMITE,,APT,002,LOS ANGELES,CA,90041,,,,,,,086-01-7041,191306
A105565,Maria,,Murllo,1361,YOSEMITE,DRIVE,,2,LOS ANGELES,CA,90041,,,,,,,,1913/06/20
A106526,Mariah,,Murillo,1361,Yosemite,DR,APT,II,Los Angeles,CA,90041,,,,,,,086-01-7041,
A104004,Maria,,Murillo,15482,ORION,St,,,LAKE ELSINORE,CA,92530,,,,,,,086-01-7041,06/20/1913
A101452,MARIA,,MURILLO,15482,ORION,,,,LAKE ELSINORE,CA,925300,,,,,,,086017041,1913-06-20
A106102,Mariah,,Murillo,15428,Orion,STREET,,,Lake Elsinore,CA,9253O,,,,,,,,19130620
A105851,M.Murillo,,,15482,ORION,st,,2,"LAKE,ELSINORE",CA,92530,,,,,,,,
A103226,"Murillo, Maria",,,15482,Orion,St.,,,lake elsinore,ca,92530,,,,,,,086-01-7041,1913/06/20
A101584,MARIA,,MURILLO,15482,ORION,ST,,,LAKE ELSINORE,,92530A,,,,,,,,1913
A103359,Sam,M.,Justin,4455,Whitney,Ave,,,Sacramento,CA,95821,,,,,,,086019936,19040511
A101708,Sammy,,Justin,4455,WHITNY,AVE.,,,SACRAMENTO,CA,9582I,,,,,,,086-01-9936,11/05/1904
A100855,S. Justin,,,4455,Whitney,,,,SACRAMENTO,CA,95821,,,,,,,,1904-05-11
A101616,"JUSTIN, SAM",MONIQUE,,4455,WHITNEY,AVE,,,Sacramento,CA,95821,,,,,,,086-01-9936,190405
A106920,Maria,,Justin,1641,20th,St,Apt,003,Oceano,CA,93445,,,,,,,086-01-7041,1913/06/20
A106137,M. Justin,,,1641,20TH,ST,,3,OCEANO,CA,93445,,,,,,,086017041,19130620
A100600,Maria,,Justin,164l,20TH,ST.,APT,3,OCEANO,CA,9345,,,,,,,,1913-06-20
A101367,Mary Justin,,,1641,20TH,ST,APT,3A,OCEANO,CA,93445,,,,,,,086-01-7041,1913
A107216,"Justin, Maria",,,1641,20TH,ST,,,OCEANO,CA,93445,,,,,,,,
A105511,S. Justin,,,1641,20TH,ST,APT,3,Oceano,CA,93445,,,,,,,086-01-9936,19040511
A102960,SAMMONIQUE,,JUSTIN,1641,2OTH,ST.,APT,3,OCEANO,CA,93445,,,,,,,086-019936,
A102864,Sam Justin,,,1641A,20th,ST,,,OCEANO,CA,9344S,,,,,,,,1904-05-11
A106898,TERESA,,AANANYA,2208,Clematis,,,,BRADENTON,FL,34209,,,,,,,109-07-0822,1949-07-28
A103365,M.Casillas,,,2208-,CLEMATIS,,,,BRADENTON,FL,34209,,,,,,,109070822,
A100681,Maria,M,Cassillas,220B,CLEMATISE,,,,Bradenton,FL,34209,,,,,,,,19490728
A106175,Maria M,,Casillas,2208,CLEMATISE,,,,BRADENTON,FL,3420,,,,,,,109-07-0822,1949
A104333,"Casillas, Maria",M.,,2208,CLEMATISE,,,,Bradenton,Fl,34209A,,,,,,,,
A104530,robert,,Perez,14300,NICASSIO,WAY,,,SOQUEL,CA,95073,,,,,,,109-07-3107,1950-10-15
A103082,K.Newton,,,14300,NICASIO,WAY,,,Soquel,CA,95073-101,,,,,,,109073107,19501015
A101847,Ken,,Newton,14300A,NICASIO,,,,SOQUEL,CA,95073A,,,,,,,,1950/10/15
A106164,Kenneth L,,NEWTON,14300,NIcAsIo,WaY,,,"SO,QUEL",CA,95073,,,,,,,109-07 3107,195010
A100155,"Newton, Kenneth",L,,14300,NICASO,WAY,,,SOQUEL,,95073,,,,,,,109-07-3107,
A106045,Kenneth,L,Newton,18880,IDALEONA,RD,,,PERRIS,CA,92570,PO BOX,3169,,PERRIS,CA,92572,109-07-3107,1950/10/15
A106210,K.Newton,,,18880,IDALENA,ROAD,,,PERRIS,CA,92570,POBOX,3169-817,,PERRIS,CA,92572,109073107,19501015
A105405,Kenneth,,Newton,18880,IDALEONA,RD,,,PERRIS,CA,92570,P O BOX,,817,perris,CA,9257O,,1950-10-15
A101925,Kenneth L.,,Newton,29108,Shorecliff,DR,,,Lake Elsinore,CA,92530,PO BOX,15517,1228,LAKE ELSINORE,CA,92531,109-07-3107,19501015
A105248,Kennth,,Newton,29108,SHORECLIFF,DR.,,,LAKE ELSINORE,CA,92530,po box,15517,1228,Lake Elsinore,CA,92531,109073107,1950-10-15
A106964,K. Newton,,,29108,SHORE CLIFF,DR,,,"LAKE,ELSINORE",CA,92530,"PO,BOX",15517-1228,,LAKE ELSINORE,CA,92531,,1950/10/15
A100969,"Newton, Kenneth",L,,29108,SHORECLIFFE,DR,,,Lake Elsinore,,92530A,P.O.BOX,15517,1228,Lake Elsinore,CA,92531,109-07-3107,
A107258,KENNEWTH,,NEWT0N,29108,SHORECLIFF,DR,,,LAKE ELSINORE,CA,92530,PO BOX,1551 7,1228,LAKE ELSINORE,CA,92531,109-07-3107,1950
A105960,Kenny Newton,,,29108,SHORECLIFF,,,,Lake Elsinore,CA,92530,P O BOX,,1228,Lake Elsinore,CA,92531,,1950-10
A101261,Maria,M.,Newton,4020,vista greens,dr.,,,keller,TX,76248,,,,,,,109070822,1949-07-28
A100803,m. newton,,,4200,VISTA GREEN,DR,,,Kellar,Tx,76248,,,,,,,109-07-0822,28/07/1949
A102879,MARY,,FAVARETO,4020,Vsta Greens,Drive,,,KELLER,TX,7624,,,,,,,109070822,194907
A105129,MARIA,,NEWT0N,4020,VISTA-GREENS,DR.,,,K E L L E R,TX,76248,,,,,,,109-07-0822,
A102533,B Garcia,,GARCIA,04020,VISTA GREENS,Dr,,,KELLER,TX,76248-1420A,,,,,,,10907-0822,07/28/49
A104266,IMELDA,,Gonzalez,4020,VISTA grns,DR,,,keler,TX,76248,,,,,,,109073107,1950-10-15
A100921,Kenneth,L.,NEWTON,4200,VISTA GREENS,,,,"KELLER,",TX,76248,,,,,,,109-07-3107,
A107098,K.,L,N E W T O N,4020,VISTA GREENS,DR.,,,KELLER,Tx,7624,,,,,,,109-073107,10-1950
A104815,KENNETH,,NEWWTON,4020,VISTAGREENS,DR,,,KELLER,TX,76248,,,,,,,,19501015
A104857,Maria,,NEWTON,4635,BOCA CHICA,Blvd,,,Brownsville,tx,78521,,,,,,,109-07-0822,19490728
A102785,M. NEWTON,,,4635,BOCA-CHICA,BLVD.,,,BROWNSVILLE,TX,78251,,,,,,,109070822,1949/07/28
A101684,MARIA,M,NEUTON,4635,BOCA CHICA,BV,,,"brownsville,",TX,78521,,,,,,,109-07-0822,
A106830,JOSE,,MENDOZA,4635,BOCA CHICA,BLVD,,,BROWNSVILLE,TX,78521-2187,,,,,,,109073107,1950-10-15
A107141,KENNETH,L.,NEWTON,4635,BOCA CHICA,,,,Brownsvile,TX,78521,,,,,,,109-07-3107,
A101657,K L NEWTON,,,635,BOCA CHICA,BLVD,,,BROWNSVILLE,TX,78521,,,,,,,109-073107,15-OCT-1950
A101488,KEN L,,Newtn,4635,BOCA CHIKA,BLVD.,,,BROWNSVILLE,Tx,7852,,,,,,,,195010
A105502,Kenneth,,NEWTON,04635,BOCA CHICA,BLV,,,BROWNSVILLE,TX,78521,,,,,,,109-073107,1950/10/15
A107065,KEN.,L,Newton,4635,Bocachica,Blvd.,,,Brwnsville,TX,78521a,,,,,,,109-07-3107,10/15/50
A105513,M Diaz,,,13265,COOPER,RD.,,,SPR1NG HILL,FL,34609,POBX,11848,3353,Spring Hill,FL,34611-2,117-92-4062,1918-04-08
A104448,MARIA,,DIAZ,13265,COOPR,Rd,,,SPRING HILL,Fl,34609,P.O. BOX,11848,3353,SPRING HILL,FL,34611,,19180408
A106718,Maria,,Diaz,13265,COOPER,,,,Spr. Hill,FL,34609,PO Box,11848,3352,SPRING HILL,Fl,3461,117924062,1918
A100265,MARIA,,DIAZ,10443,MIRACLE,,,,NEW PORT RICHEY,FL,34654,PO BOX,23668,34656-1405,NEW PORT RICHEY,FL,34654,117-92-4062,1918-04
A103252,M Diaz,,,01443,MIRACLE,LN,,,NEWPORT RICHY,FL,34654,POBX,23668,,NEW PORT RICHEY,FL,,117924062,19180408
A103284,Maria,,Diaz,10443,MIR ACLE,LN.,,,NEW PORT RICHEY,Fl,34654,PO BOX,,,,,34654,117-92-4062,
A103295,MAR1A,,D1AZ,10443,MIRACLE,LN,,,NEW PORT RICHEY,FL,34654,po.box,23668,34656-1405,new port richey,FL,3465A,,1918/04/08
A100300,Maria,,Diaz,6237,GANNETDALE,DR,,,LITHIA,FL,33547,PO BOX,16364,562,LITHIA,Fl,33547,117-92-4062,19180408
A101360,MARIA,,DIAZ,06237,GANETDALE,Dr.,,,LITH1A,FL,33547-689,PO BX,16364,562,Lithia,Fl,33547,,1918-04-08
A105371,M DIAZ,,,6237,GANNETDALE,,,,LITHIA,FL,33547,PO BOX,,,,,,117924062,1918/04/08
A107160,BRIAN,,RICO,4915,TYRONE,AVE,APT.,225,Sherman Oaks,CA,91423,POBX,39215,57156,SHERMAN OAKS,CA,91413,117-93-3080,1912-11-12
A106645,B RICO,,,4915,TYRONE,AVE.,APT,,SHERMAN OAKS,CA,9142,PO BOX,39215,57156,SHERMAN OAKS,CA,,117-93-3080,12 NOV 1912
A100090,Brian,,Rico.,04915,TYRONE,,,,"SHERMAN OAKS,",CA,91423-00A,P0 BOX,,,SHERMAN OAKS,CA,91413,117933080,19121112
A105746,Brian,,Ric0,462,H1GH,ST,,,AUBURN,CA,95603,POBOX,6186,,Auburn,CA,95604,117-93-3080,1912-11-12
A104647,RACHEL,,RI0S,0462,HIGH,St.,,,"AUBURN,",CA,95603,P.O. BOX,6186,63,AUBURN,CA,95604-321,,1912/11/12
A106304,BRIAN,,R I C O,462,HIGH ST,,,,AUBURN,Ca,9603,,,,,,,117933080,19121112
A102141,B. RICO,,,462,HIGH,ST,,,Auburn,CA,95603,PO BOX,6186,63,Auburn,CA,95604,117-93-3080,12-11-1912
A103495,BRIAN,,RICO,462,HIGH,ST,,,AUBURN,CA,95A03,PO BOX,6186,,auburn,CA,95604,117-93-3080,
A105790,BRIAN,,RICO,2340,IROQUOIS,ST,,,SANTA ROSA,CA,95403,PO BOX,512,15031,"SANTA,ROSA",CA,95402,117-93-3080,19121112
A103607,Brian,,Rico,2304,IROQUIS,ST,,,Santa Rosa,Ca,95403,POBX,512,,SANTA ROSA,CA,95402,117933080,1912/11/12
A102142,B RICO,,,2340,IROQUOIS,St.,,,Santa Rosa,CA,95403-0,P.O. BOX,512,15031,,,,117-93-3080,11/12/1912
A105835,BRIAN,,RICO,2340,IROQUOIS,ST,,,SANTA ROSA,CA,95403,,,,,,,,1912-11
A105519,MARIA,,RICO,752,OLD LANDFILL,RD,,,"DEFUNIAK,SPRINGS",FL,32433,,,,,,,117-92-4062,1918-04-08
A106368,Maria,,R1CO,752,OLD LANDFILL,RD.,,,DEFUNIAK SPRINGS,FL,3243,,,,,,,117-92-4062,
A104400,M RICO,,,752,OLD LANDFILL,,,,Defuniak Springs,Fl,32433,,,,,,32433,117924062,19180408
A103402,MARIA,,RIC0,752,OLD LANDFILL,ROAD,,,DEFUNIAK SPRINGS,FL,32433,,,,,,,,1918/04/08
A107231,BR1AN,,RICO,752,OLD LANDF1LL,RD,,,DEFUNIAK SPRINGS,FL,32433,,,,,,,117-93-3080,19121112
A101741,BRIAN,,RICO,00752,OLD LANDFILL,RD,,,DEFUNIAK SPRINGS,FL,3243,,,,,,32433,,1912-11-12
A104905,Brian,,Rico,752,OLD LANDFILL,Rd.,,,"DEFUNIAK SPRINGS,",Ca,32433,,,,,,,117933080,
A101040,B RICO,,,752,OLDLANDFILL,,,,DEFUNIAK SPRINGS,FL,32433,,,,,,,117-93-3080,11/12/1912
A104413,Maria,,Rico,3465,Bee Ridge,Rd.,APT,323,sarAsota,fl,34239,P O BOX,5973,1257,SARASOTA,FL,3423o,117924062,1918-04-08
A107238,MARIA,,RICCO,3465,BEE RIDGE RD,,#,323,SARASOTA,FL,34239,POB,5973,,sarasota,FL,34230,117-92-4062,08/04/1918
A100984,M.,,RICO,3465A,BEE-RIDGE,RD,APT,323,SARASOTA,FLA,34239-,,,,,,,,19180408
A105756,BRIAN,,RICO,3465,BEE RIDGE RD,,APT,323,sarAsoTA,FL,34239,"po,box",5973,1257,"sara, sota",FL,3423O,117-93-3080,19121112
A104502,Brian,,Rico,03465,Bee Ridge,RD,APT.,323,SARASOTA,F.L.,34239,POBX,5973,1257,SARASOTA,FL,,117933080,1912-11-12
A101327,B.,,RCO,3465,BEE RDG,RD,APT,32,SARASOTA,FL,34239,,,,,,,,191211
A101140,BRION,,RICO,3465,BEE RDG,,APARTMENT,323,Sarasota,FL,34239,PO BOX,,,,,3423A,117-93-3080,
A103093,MARiA,,Diaz,1491,PANORAMA,DR,,,HOLLISTER,CA,95023,po box,13337,,Hollister,Ca,95024,120112023,1952-11-23
A103680,MARIA,,DIAZ,1491,PANORMA,DR.,,,HOLISTER,CA,95023,P0 B0X,,1736,hollister,CA,95024,120-11-2023,1952/11/23
A100030,M. DIAZ,,,1491,PANORAMA,,,,HOLLISTER,C.A.,95023,,,,,,,,
A100102,MARIA,,DIAZ,1491,PANORAMA DR,,,,HOLLISTER,CA,9502E,POBOX,13337,1736,HOLLISTER,CA,95024-,120-11-2023,19521123
A103294,mAria,,Diaz,6037,SHADYGLADE,AVE,,,North HOLLYWOOD,ca,91606,,,,,,,120-11-2023,11/23/1952
A102893,MARIA,,DIAZ,6037,SHADY GLADE,AVE.,,,N.HOLLYWOOD,CA,91606-,,,,,,,120112023,19521123
A103367,M.DIAZ,,,6037,SHADYGLADE,,,,NORTH HOLLYWOOD,CA,916o6,,,,,,,,1952
A103153,MARIA,,Dias,6037,SHADYGLADE,AV,,,"NORTH,HOLLYWOOD",CA,91606,,,,,,,120-11-2023,
A106341,MARIA,,DIAZ,5469,Barnard,ST.,,,SIMI VALY,CA,93063-,,,,,,,,1952-11-23
A105354,M.,,DIAZ,5469,Barnrd,ST,,,Simi Valley,CA,93063,,,,,,,120-11-2023,19521123
A100147,Maria,,Diaz,5469,Barnard,,,,SIMI VALLEY,CA,93063,PO BOX,,,,,,120112023,1952/11/23
A103760,M.DIAZ,,,5469,BARNARD,ST,,,"SIMI,VALLEY",CA,93063,,,,,,,,
A100052,ROBERT,,EPREZ,5469,BARNARD,ST,,,SIMI VALLEY,CA,9306A,,,,,,,120-11-2023,19521123
A102095,RICHARD,M.,PAZ,6,PRIMULA,,,,Rancho Santa Margarita,CA,92688,PO BOX,46911,80345,RANCHO SANTA MARGARITA,CA,92688,120-11-6101,19491011
A104066,R. PAZ,,,06,PRIMULA,,,,"RANCHO,SANTA MARGARITA",CA,92688,P O BOX,46911,,Rancho Santa Margarita,Ca,92688,,10/11/1949
A106096,RICHARD,,PAZ,6A,PRIMULA,,,,RANCHO SANTA MARGARITA,CA,92688-,POB,46911,80345,RANCHOSANTAMARGARITA,CA,92688,120-11-6101,194910
A103766,Richrd,M,PAZ,6,PRIMUA,,,,RANCHO SANTA MARGARITA,CA,92688,PO BOX,,80345,RANCHO SANTA MARGARITA,,9268A,120-116-101,
A102536,Richard,M,Paz,16386,La Chiquita,AVE.,,,LOS GATOS,CA,95032,P.O. BOX,60140,1624,Los Gatos,CA,95031,120-11-6101,1949-10-11
A103795,ROBERT,,LAXTON,16386,LA CHIQUITA AVE,,,,"LOS,GATOS",CA,95032-,PO BX,60140,,LOS GATOS,C.A.,95031,,10/11/1949
A104551,Richrd,,PAZZ,16386,LA CHIQUITA,AV,,,LOS GATOS,CA,9503C,PO BOX,,1624,,CA,95031,120-11-6101,
A105370,RICHARD,M,PAZ,1317A,EASTRIDGE DRIVE,,,,MODESTO,CA,95355,PO BOX,56648,582052,MODESTO,CA,95358,120-11-6101,19491011
A106905,RICH.,,PAZZ,1317,EASTRIDGE,DR,,,Modesto,CA,9535S,P.O.BOX,56648,,MODESTO,Ca,95358,120116101,11/10/1949
A104303,R.,,Paz,1317,EASTRIDGE,DR,,,MODESTO,CA,95355,,,582052,,,,,194910
A105614,Richard,,Paz,001317,EASTRIDGE DR,,,,MODESTO,CA,95355,PO BX,,582052,MODESTO,CA,9535S,120-11-6101,
A106380,R. PAZ,,,1317,EASTRIDGE,,,,MODESTO,CA,95355,,,,,,,,49
A106740,MARIA,,PAZ,160,PONDEROSA,AVE.,,,ANAHEIM,CA,92808,PO BOX,11102,,ANAHEIM,CA,92812,120112023,1952-11-23
A103690,Maria,,Paz,160,PONDEROSA,AVE,,,Anaheim,Ca,92808,po box,11102,8242,ANAHEIM,,92812-,120-11-2023,19521123
A102374,M. PAZ,,,160,PONDEROSA AVE,,,,ANAHEIM,C.A.,92808,,,,,CA,,,
A100112,MARIA,,PAZZ,160,PONDEROSA,AVE,,,ANAHEIM,CA,92808,,,,,,,12011203,1952
A106227,RICHARD,M,PAZ,160,PONDEROSA,AVE.,,,Anaheim,CA,92808,PO BOX,11102,8242,ANAHEIM,CA,92812,120-11-6101,19491011
A105946,Richrd,,PAZZ,160A,PONDEROSA,AVE,,,ANaheim,C.A.,92808,POBX,,8242,ANAHEIM,,9281Z,120-11-6101,
A104560,R.,,PAZ,160,PONDEROSA AVE,,,,ANaheim,CA,92808,P O BOX,,8242,,CA,92812,,10/11/1949
A102163,RICH.,M,PAZ,160,PONDEROSA,AVE,,,"ANAHEIM,CA",CA,92808,PO BOX,11102,,ANAHEIM,CA,92812,120116101,194910
A102633,MARIA,,ROBBINS,8408,OAK,ST,,,BENTON,AR,72015,,,,,,,124-14-6327,19460801
A101876,Maria,,Robbins,84O8,OAK,ST.,,,Benton,Ar,l2015,,,,,,,,08/01/1946
A105213,M. ROBBINS,,,8408,OAK ST,,,,BENTON,AR,72015-,,,,,,,124146327,
A101371,Mariah,,ROBBINS,8408,OAK,ST,,,"BENTON,AR",AR,72015,,,,,,,,1946
A107091,Maris,,ROBBINS,8408,OAK,ST,,,BENTUN,AR,72015,,,,,,,124-14-6327,1/46
A105982,MARIA,,ROBBINS,602,TURRENTINE,WAY,,,RUSSELLVILLE,AR,72802,P.O. BOX,44600,1354,RUSSELLVILLE,AR,72811,124-14-6327,1946-08-01
A101756,Maria,,Robins,602,Turrentine,WY,,,Russellville,Ar,72802,PO BOX,,1354,"RUSSEL,LVILLE",AR,72811,124-14-6327,
A101725,M. ROBBINS,,,602.,TURRENTINE,WAY,,,RUSSELLVILLE,,72802,P0 BOX,44600,,RUSSELLVILLE,AR,,124146327,08/01/1946
A105239,Marie,,ROBBINS,620,TURRENTINE,WAY,,,"RUSSELLVILLE,AR",AR,728O2,,,,,,72811,,1946
A102363,James ,M.,Lewis,13125,dearbonne,Dr,,,Del Valle,TX,78617,,,,,,,124-16-5048,1950-08-19
A104879,J. M.,,lewiss,13125,DearBonne,DRIVE,,,"del,valle",TX,78671,,,,,,,124165048,19500819
A101045,J. REYES,,,13125,DEARBONNE,DR,,,DEL VALLE,TX,,,,,,,,,
A105675,Jim,Marie,Lewis,1000,Greenlawn,BLVD,,,RoundRock,TX,78664,,,,,,,124 16 5048,1950/08/19
A101798,Jennifer,,Frasier,1000,Green lawn,Blvd.,,,Round Rock,TX,7866,,,,,,,124-16-5048,19500819
A103580,J. M.,,Lewis,1000,GREENLAWN,BLVD,,,"ROUND,ROCK",TX,78664,,,,,,,,1950
A105902,MAria ,,lewis,16,Artisan,Street,,,LADERA RANCH,CA,92694,,,,,,,124-14-6327,1946-08-01
A101780,JAMES,,FLOREZ,16 ,Artisen,st,,,LADERA   RANCH,CA,92649,,,,,,,124146327,19460801
A102090,Maria,,LEWIS,16,ARTISAN,ST,,,LADERA RANCH,CA,,,,,,,,,
A107249,MARIA,,lews,16,Artisan,St,,,Ladera Ranch,CA,92694-,,,,,,,124-14-6327,
A106392,JAMES,MARIE,LEWIS,16,ARTISAN,ST,,,LADERA RANCH,CA,92694,,,,,,,124-16-5048,19500819
A103001,James,M.,Lewis,016,artisan,St.,,,Ladera Ranch,CA,92694,,,,,,,124-16-504,1950-08-19
A100947,J. LEWIS,,,16,Artisan,,,,"Ladera,Ranch",CA,92694,,,,,,,,19500819
A105315,MARIA,,LEWIS,1530,23rd,st.,APT.,3,los angeles,CA,90011,"po,bo",503,881605,"los,angeles",CA,90009,124-14-6327,1946-08-01
A100439,M. Lewis,,,153O,23RD ,ST,APARTMENT,,Los Angeles,CA,9001l,P0 BOX,503 ,881605,LOS ANGELES,CA,90009,124146327,
A103305,Maria ,,Luis,1530,23rd,St,APT,3,LOS ANGELES,CA,9001,,,,,,,,19460801
A104192,Maria,,Lewis,1530,Twenty-Third,Street,,,LosAngeles,CA,90011,PO BOX,503,,LOS ANGELES,CA,90009,124-14-6327,1946-08-01
A103900,MARIA,,LEWIS,1530,23RD,ST,APT,3,"los,angeles",CA,90011A,P O BOX,503,881605,"LOS,ANGELES",CA,,,1946
A100756,JAMES,MARIE,LEWIS,1530,23RD,ST,APT,3,LOS ANGELES,CA,90011,PO BOX,503,881605,LOS ANGELES,CA,90009,124-16-5048,19500819
A106982,JAMES M.,,LEWIS,1530,23RD,STR,Apt.,03,los angeles,CA,900011,po box,0503,881605,los angeles,CA,90009,124-16-5048,
A104288,J. Lewis,,,1530,23RD,,APT,,"LOS,ANGELES",CA,90011,,,,,,,,1950-08-19
A106910,JAMES,,LWIS,1530,23RD ST,,APT,3,LOS ANGELES,CA,,PO BOX,503,881605,LOS ANGELES,CA,90009,124 16 5048,19500819
A100563,MARIA,,LEWIS,2769,Ophelia,Ave,,,SAN JOSE,CA,95122,PO box,1820,640083,SAN JOSE,CA,95164,124-14-6327,19460801
A105612,Maria Lewis,,,2769,OPHELIA,AVE,,,san jose,CA,9512,"po,box",182O,640083,"San,Jose",CA,95164,124146327,
A104518,M. lewis,,,2769,OPHELIA,,,,SANJOSE,CA,95122,,,,,,,,1946-08-01
A106896,Maria,,Lewis,2769,Opheliaa,AVE,,,San Jose,CA,95122,PO BOX,1820,640083,SAN JOSE,CA,,,19460801
A104446,MARIa,,Lewis,2769,Ophlia,Ave.,,,"San,Jose",CA,9512X,POBOX,1820,640083,SAN JOSE,CA,95164,124-14-6327,1946
A102984,James,Marie,Lewis,2769,OPHELIA,Ave.,,,San Jose,CA,95122,PO BOX,1820,640083,San Jose,CA,95164,124-16-5048,1950-08-19
A104065,J M Lewis,,,2769,Opheia,AVE,,,SANJOSE,CA,95122,,,,,,,124-16-5048,
A102470,R.A.,,Flores,2769,OPHELlA,AVE,,,"SAN,JOSE",CA,,,,,,,,,19500819
A102412,MARIA,,VILLARREAL,201,COLLEGE,BLVD,UNIT,55,NICEVILLE,FL,32578,,,,,,,128-58-6088,19020520
A104817,Maria,,Vilarreal,201,Collge,Blvd.,UNIT,0055,Niceville,FL,32587,,,,,,,128586088,1902-05-20
A106543,M. Villarreal,,,201,COLLEGE,BLV,#,55,Niceville,FL,32578,,,,,,,128-58-6088,
A106419,María,,VILLARREAL,201,college,Boulevard,,55,NICEVILLE,FL,32578-,,,,,,,,19020520
A100374,MARIA,,VILLARREAL,5200,WASHINGTON,ST,APT,202,HOLLYWOOD,FL,33021,PO BOX,13797,817432,HOLLYWOOD,FL,33081,128-58-6088,19020520
A105149,Maria V.,,,5200,Washinghton,St.,APT,202,Hollywood,FL,33012,POBOX,13797,817432,HOLLYWOOD,FL,33081,,1902-05-20
A106432,MARIA,,Villareal,520O,WASHINGTON,,APT,202,Hollywood,FL,33021,P O BOX,13797,817432,HOLLYWOOD,FL,33081A,128-58-6088,1902
A100233,M. villarreal,,,5200,Washington,ST,APT,202,HOLLYWOOD,FL,33021,"po,box",13797,817432,HOLLYWOOD,FL,33081,,
A103828,Maria,,VILLARREAL,5200,Washington,STREET,,,Hollywood,FL,33021,POBOX,13797,817432,HOLLYWOOD,FL,,128586088,19020520
A104960,MARIA,,VILLARREAL,1719,LEYBOURNE,LOOP,,,WESLEY CHAPEL,FL,33543,,,,,,,128-58-6088,19020520
A101348,M. Villarreal,,,1719,Leybourne,Loop,,,"WESLEY,CHAPEL",FL,3354X,,,,,,,128-58-6088,1902-05-20
A103693,Maria,,Villareal,1719,LEYBOURNE,LOOP,,,WESLEY CHAPEL,FL,,,,,,,,128586088,19020520
A102266,JARROD,LEE,MESNARD,3920,REDONDO BEACH,BLVD,APT,17,TORRANCE,CA,90504,PO BOX,9669,268,TORRANCE,CA,90507,128-58-6097,19030805
A101990,J. L. Mesnard,,,3920,Redondo Beach,BLVD,Apt.,17 ,torrance,CA,90504,PO BOX,9669,286,torrance,CA,90570,128-58-6097,1903-08-05
A105679,SHARY,,GUESSDOBA,392O,Redondo Bch,BLV,APT,17,TORRANCE,CA,9050A,"PO,BOX",9669,268,TORRANCE,CA,90507,128586097,
A101857,Jarrod,Lee,Mesnard,3920,RedondoBeach,Boulevard,,,TORRANCE,CA,90504-,P O BOX,9669,,TORRANCE,CA,,,19030805
A106611,Una Joe,,Lopez,31345,LOS RIOS,ST.,,,San Juan Capistrano,CA,92675,P.O. Box,48735,748,San Juan Capistrano,CA,92693,128586097,1903-08-05
A105121,J. L.,,MESNARD,31345,los rios,St,,,san juan capistrano ,CA,92675-,po box,48735,,"San,Juan,Capistrano",CA,9269,128-58-6097,19030805
A105341,KENNETH,,THOMAS,31345,LOS R10S,,,,SAN JUAN CAPISTRANO,CA,92675,POBOX,48735-748,,sanjuan capistrano,CA,92693,,190308
A103922,jarrod,,Mesnard,313 45,LOS RIOS,St.,,,San Juan Cap. ,CA,92675,"po,bo",48735,748,S.J. Capistrano,CA,92693a,128-58-609,19030805
A106441,JARED,L.,MESNRAD,31345 ,LOSRIOS,ST,,,san juan capistrano,CA,9267,PO BOX,,,,,,128-85-6097,19030805
A101749,jarrod,L,Mesnard,31345,LOS RIOS,ST,,,S J CAPISTRANO,CA,9267S,p o box,48735,,SAN JUAN CAPISTRANO,CA,92693,,
A101677,Maria,,Mesnard,22742,GLENDON,DR.,,,moreno valley,CA,92557,,,,,,,128586088,1902-05-20
A102221,maria,,MESNARD,22742,Glendon,Dr,,,"Moreno,Valley",ca,9255Z,,,,,,,128-58-6088,190205
A102554, MARY,,Mesnrad,2274 2,GLENDN,DR,,,MORENO VALLEY ,CA,92557,,,,,,,,19020520
A103779,JARROD,,MESNARD,22742,GLNDON,DR,,,Moreno Valley,CA,92557,,,,,,,128-58-6097,1903/08/05
A105447,J. L.,,Mesnard,22742,Glendon,Dr.,,,"MORENO,VALLEY",CA,92557-,,,,,,,128586097,1903-08
A102505,jarrod ,LEE,MESNRAD,2274 2,GLENDON,DR,,,MorenoValley,CA,9255,,,,,,,,19030805
A103128,maria,,mesnard,2162,LINCOLN,AV,,,escndido,CA,92027,,,,,,,128-58-6088,19020520
A101166,M.R.I.A.,,MESNARD,2162,lincoln,AVE.,,,Escondido ,CA,92027,,,,,,,128-58-608,1902-05-20
A102912,MARIA,,MESNARD,2162,LINCLON,AV.,,,ESCONDIDO,CA,9202,,,,,,,128586088,
A106681,Maria,L,Mesnard,2 162,LINCOLN,AVE,,,Escondido,CA,92027,,,,,,,,190205
A102272,mariA,,MESNRAD,,LINCOLN,AVE,,,Escodindo,CA,,,,,,,,128-58-6088,19020520
A100668,MARIA,,MESNARD,2162,LINCOLN ,AVE,,,"Esc,ondido",CA,92027,,,,,,,,
A103175,JARROD,,MESNARD,2162,LINCOLN,AVE.,,,ESC0NDIDO,CA,92027,,,,,,,128-58-6097,19030805
A100124,j. l.,,MESNRAD,2162,Lincoln,Ave,,,escondido,CA,9202,,,,,,,128-58-609,
A100997,Angel,A.,Christopherson,2 162,LINCOLN,AVE,,,esc on dido,CA,92027,,,,,,,128586097,1903/08/05
A100031, jared,L,MESNARD,,LINCLON,,,,ESCONDIDO,CA,92027a,,,,,,,,19030805
A101801,JARROD ,LEE,MESNARD,2162,LINCOLN,Ave,,,"ESC,ONDIDO",CA,92027,,,,,,,128-58-6097,
A102157,JARRAD,,MESNRAD,2162,LINCOLN,AV,,,ESCONDIDO,CA,92027,,,,,,,,
A102104,Maria,,Melena,3038,Eagle,Ln,,,Midlothian,TX,76065,po box,20168,372,Midlothian,TX,76065,130-56-4771,1905-01-18
A100673,MARIA,,MELENA,,,,,,MIDLOTHIAN ,TX,7606S,POBOX,20168-372,,MIDLTHIAN,TX,76065,,19050118
A102421,M. Melena,,Melina,3038,EGLE,,,,Midlothian,TX,76065,P O BOX,20168,372,MIDLOTHIAN,TX,,130-56-4717,190501
A106198,Maria,,MELENA ,303 8,EAGLE ,LN.,,,MIDLOTHIAN,TX,76065a,,20168,372,MIDLOTHIAN,TX,76065,130564771,19050118
A100282,THOMAS,,HERNANDEZ,3038,Eagle,LN,,,MIDLOTHIAN,TX,76065,PO BOX,,,,,,,
A100780,Maria,,Melena,155,DOUBL0ON,DR,,,Free port,TX,77541,,,,,,,130-56-4771,19050118
A101051,M.,,MELENA,,DOUBLOON,DR.,,,FREEPORT,TX,77541,,,,,,,,1905-01
A105489,MARIA,,MELENA,155,DOUBLOON,DR,,,Freeport,TX,7754,,,,,,,130564771,
A106559,Maria,,Melena,14110,BLAZEY,DR,,,houston ,tx,77095,po box,4857,280034,houston,tx,77228,130-56-4771,1905-01-18
A103042,"MELENA, MARIA",,,14110,BLAZEY,DR.,,,HOUSTON,TX,77095,"PO,BOX",4857,280034,Houston,TX,7722,130-56-4717,190501
A100841,richard,b,hansen,1411 0,BLAZY,,,,houston,TX,77095a,POBOX,,280034,HOUSTON,TX,77228,,19050118
A104897,MARIA,,MELENA,,BLAZEY,DR,,,HOUSTON,TX,,PO BOX,4857,280034,,,,130564771,
A104843,PAT.,,KOHLENBREG,14110,BLAZEY,DRV,,,Houston,TX,77095,,4857,280034,HOUSTON,TX,77228,,1905-01-18
A107002,Maria,,Melena,14110,BLAZEY,DR,,,Houston,TX,77095,PO BOX,4857,280034,HOUSTON,TX,77228,,
A107032,Jose,Guadalupe,Castillo,36494,ALDERPOINT,RD,,,BLOCKSBURG,CA,95514,,,,,,,130-56-6734,19000101
A101762,JOSE G.,,CASTILLO,36494,Alderpoint,Rd,,,BLOCKS BURG,CA,95514-,,,,,,,130-56-6734,1900-01-01
A100591,JOSE,,CASTILO,36494 ,ALDERPOINT,RD.,,,Blocksburg,CA,95514a,,,,,,,,190001
A105105,jose,G.,Castillo,36494,ALDERPOINT,RD,,,Blksburg,CA,95514,,,,,,,130566734,
A105932,MARIA,,CASTILLO,1620,MCDOWELL ,BND,,,LEANDER,TX,78641,PO BOX,37008,,Leander,TX,78646,130-56-4771,19050118
A103871,Maria,,Castilo,162O,McDowell,BND.,,,Leander,TX,78641,POBOX,37008,1818,Leander,TX,7864,130564771,1905-01-18
A100455,M. Castillo,,,1620,mcdowell,BND,,,LEANDER,Tx,78641,P O BO X,37008,1818,Leander,TX,,,190501
A106731,Jose,G.,Castillo,1620,MCDOWELL,BND,,,LEANDER,TX,78641,PO BOX,37008,1818,LEANDER,TX,78646,130-56-6734,1900-01-01
A100647,JOS.,,CASTILLO,1620,MCDOWELL,BND.,,,Laender,TX,78641,POBOX,37008,,LEANDER,TX,7864,,190001
A106012,Jose,,CASTILO,1620,MCDOWELL,BNDR,,,LEANDER,TX,7864,PO BOX,37008,1818,Leander,TX,78646,130-56-6734,19000101
A106005,JOSE,GUADALUPE,CASTILLO,,MCDOWELL,BND,,,LEANDER ,TX,78641,P O BOX,37008,1818,,,,130566734,19000101
A106795,J.C.,,CASTILLO,1620,McDowell,BND,,,LEANDER,tx,78641,,,,Leander,TX,78646,,
A102451,Maria,,Castillo,8443,Brompton Place,Dr,,,Houston,TX,77083,,,,,,,130-56-4771,1905-01-18
A104056,MARIA,,CASTILO,8443,BROMPTON PLACE,DR,,,houston,TX,77083,,,,,,,130564771,19050118
A105240,M.,,CASTILLO,8443,BROMPTON PL,DR.,,,HOUSTON,tx,77083a,,,,,,,,1905-01
A106077,Maria,,Castillo,84 43,BROMPTON PLACE,DR,,,Houston,TX,7708,,,,,,,,19050118
A106515,M CASTILLO,,,8443,BROMPTON PLACE,DR,,,HOUSTON,TX,77083,,,,,,,130-56-4771,
A105133,MARIA,,CASTILLO,8443,BROMPTONPLACE,DR,,,HOUSTON,TX,,,,,,,,,
A106730,Jose,gUADALUPE,Castilo,8443,brompton Pl,DR.,,,Houston,tx,77083,,,,,,,13056734,1900-01-01
A103103,J.,G.,Cast1llo,8443,BROMPTON,DR,,,HOUSTON,TX,7708,,,,,,,130-56-6734,
A103110,Jose GUADALUPE,,CASTILLO,8443,BROMPTon Place,,,,"Hous,ton",TX,77083-,,,,,,,,19000101
A105542,Maria,,CASTLLIO,287,EDEN RNCH,Dr.,,,New Braunfels,TX,78133,POBOX,19550,312366,NewBraunfels,TX,78131,130-56-4771,1905/01/18
A103873,M.,,Castillo,287,Eden Ranch,DR,,,NEW BRAUNFELS,TX,78133,PO BOX,19550,,NEW BRAUNFELS,TX,78131,130564771,
A103249,maría,,Castillo,287,EDEN RANCH,,,,"NEW, BRAUNFELS",TX,781331,,,,,,,,190501
A105222,JOZE,G.,CASTILLO,287,Eden Ranch,DR,,,NEW BRAUNFELS,TX,78133,P O BOX,19550,312366,NEW BRAUNFELS,TX,78131,130-56-6734,1900-01-01
A106539,J.,,Castillo,287,EdenRanch,Dr,,,New Braunfels,tx,78133,PO BOX,19550,312366,NEW BRAUN FELS,TX,78I31,130-56-6734,
A100058,James Glenn,,Haynie,287,EDEN RANCH,DR.,,,NEW BRAUNFELS,TX,7813,,,,,,,130566734,19000101
A106417,Jose,G.,CASTILLO,287,EDN RANCH,DR,,,NEW-BRAUNFELS,TX,78133,,,,,,,,1900
A103864,J,,CAST1LLO,287,EDEN RANCH,DR,,,NEW BRAUNFELS,TX,7813,PO BOX,19550,,NEW BRAUNFELS,TX,7813,,19000101
A104184,Jose,,Catillo,287,EDEN RANCH,,,,NEW BRAUNFELS,TX,78133,,,,,,,130-56-6734,1900-01-01
A105251,maria,j.,la monte,184,PooleR,Ln,,,Malvern,AR,72104,PO BOX,15869,1347,Malvern,AR,72104,135-89-1969,1956-12-15
A104319,M.,,Grn,184,POOLER LN,,,,MALVERN,AR,72104,P0 B0X,15869,1347,MALVERN,AR,,,1956
A104538,Maria,,Green,184,POOLER,LN,,,"MALVERN,",AR,72104,,,,,,,135891969,
A101887,Maria,G.,Green,184,POOLLER,LN,,,MALVERN,AR,721O4,POB,15869,1347,MALVERN,AR,72104,135-89-1969,19561215
A102994,Marie,,Greene,184,Pooler,Ln,,,Malvern,ar,72104,,,,,,,135-89-1969,1956-12-15
A102755,MARIA,,Green,184,POLER,LN,,,MALVERN,AR,7210,PO BOX,15869,1347,MALVERN,,,135-89-1969,
A102062,Claudio,,Garza,18819,Buffalo River,Way,,,Houston,TX,77084,,,,,,,135-89-2433,1950-01-03
A102044,C.,,Garza,181819,BuffaloRiver,,,,Houston,TX,77084,,,,,,,135892433,19500103
A100377,CLAUDIO,,GARZZA,18819,BUFFALO RIVER,WY,,,"HOUSTON,",TX,77084-,,,,,,,,
A106878,Claudio,,Garca,18819,BUFFALO RIVR,WAY,,,Houston,Tx,7708,,,,,,,123-45-6789,1950
A100206,claudio,,garza,18819,BUFFALO RIVER,WAY,,,"Hous,ton",TX,77084,,,,,,,135-89-2433,
A104534,CLaUdIo,,Garza,18819,Buffalo-River,Way,,,Houston,TX,77084A,,,,,,,135-89-2433,1950-1-03
A101528,Mariah,,Garza,3727,NATIONS,AVE,,,EL PASO,TX,79930,,,,,,,135-89-1969,1956-12-15
A104563,Maria,,Garza,3727,NATION,AVE.,,,ELPASO,TX,79930,,,,,,,135891969,19561215
A104312,M.,,Garza,3277,NATIONS,AVE,,,EL PASO,TX,7993,,,,,,,135-89-1969,
A103816,Claudio,,Garza,3727,NATIONS,AVE.,,,EL PASO,TX,79930-,,,,,,,135-89-2433,19500103
A100553,C.,,Garza,3727,NATION,AVE,,,ELPASO,TX,79930,,,,,,,135-89-2433,
A100956,Claudio,,GarzA,3727,NATION,AVE,,,EL PASO,TX,7993,,,,,,,135892433,1950-01-03
A102678,claudio,,Garza,3277,NATIONS,AVE,,,EL PASO,tx,79930,,,,,,,135-89-2433,
A101659,CLaUdIo,,Garza,3727,NATIONS,AVE,,,EL PASO,TX,79930A,,,,,,,,1950
A102637,Claudio,,GarZa,3727,NATIONS,AV,,,EL PASO,TX,79930,,,,,,,135-89-2433,1950-1-03
A101050,MARIA,,GARZA,8912,KING RNCH,DR,,,CROSSROADS,TX,76227,,,,,,,135-89-1969,19561215
A101521,Maria,,garza,8912,KING RANCH,DR.,,,Crossroads,TX,7622,,,,,,,135891969,
A102420,WM.,,VILLARREAL,8912,King Ranch,DR,,,CROSSROADS,TX,76227,,,,,,,135-89-1969,1956
A106255,JERRAMIE,A.,ULCH,8912,KNG RANCH,DR,,,"CROSSROADS,",Tx,76227,,,,,,,,19561215
A102576,Mariah,,Garca,8912,KING RANCH,DR,,,CROSSROADS,TX,7622A,,,,,,,135-89-1969,
A105706,John,,Lopez,8912,"KING,RANCH",,,,CROSSROADS,TX,76227,,,,,,,,1956-12-15
A104046,Claudio,,Garza,8912,KING RANCH,DR.,,,Crossroads,TX,7622,,,,,,,135-89-2433,19500103
A101600,C.,,Garza,8912,KINGRANCH,,,,CROSSROADS,TX,76227,,,,,,,135892433,
A106761,claudio,,GarZa,8912,KING RANCH,DR,,,Cross Roads,TX,76227,,,,,,,,1950
A104367,Maria,Middleton,Savoy,3445,Florentine,St.,,,Deltona,FL,32738,"PO, BOX",4929,5635,DELTONA,FL,32728,147-49-3750,1976-06-02
A106099,M.,M.,Savoy,3445,FLORENTIN,ST,,,DELTONA,FL,32738,po box,4929,5635,DELTONA,fl,32728,147-49-3750,
A104786,María,,Savoi,3445,Florentine,ST,,,"DELTONA,",FL,32738-,,,,,,,147493750,19760602
A102461,C LOPEZ,,,6420,48TH,STE,,,TAMPA,FL,33610,,,,,,,147-49-3750,1976-6-02
A107240,M.,Middleton,Savoy,6420,48TH,St.,,,TAMPA,FL,33610,,,,,,,147-49-3750,19760602
A103416,J. L.,,KOH LENBERG,6420,48TH,ST,,,Tampa,FL,3361,,,,,,,,1976
A104893,Marie,,Savoy,6420,48TH,,,,Tampa,,33610,,,,,,,147-49-3750,
A102841,"M,aria",Middleton,Savoy,6420,48th,ST,,,"Tampa,",FL,33610,,,,,,,147493750,19760602
A106564,Lorne,Wayne,Ford,2653,Cover,LN,,,NORTH PORT,FL,34286,PO BOX,8744,7006,NORTH PORT,FL,34290,147-50-0009,1981-06-13
A103699,L. W.,,Ford,2653,Cvoer,LN,,,NORTH PORT,FL,34286,P O BOX,8744,7006,NORTH PORT,FL,34290,147500009,19810613
A103878,Lorne,,Fordd,2653,COVER,LN,,,NORTHPORT,FL,34286,PO BOX,8744,,NORTH PORT,FL,34290,147-50-0009,1981
A104128,Lorne,Waitne,F0rd,2653,Cover,LN.,,,NORTH PORT,FL,34286-,PO BOX,8744,7006,,,,,
A102962,lorne,wayne,ford,3198,coral lake,wy,,,Coral springs,FL,33065,p o box,10976,8140,CORAL SPRG,FL,33075-,147-50-009,1981-06-13
A104969,Lorne W.,,FORDE,3198,CORAL LAKE,WAY,,,CORL SPRINGS,FL,33065,PO BOX,10976,8140,"C SPRINGS,FL",FL,3307S,147500009,19810613
A105003,LORN,W,FORD,3198,CORAL LAKe,WAY,,,CoralSprings,Fl,33065,POBX,10976 8140,,"CORAL,SPRINGS",FL,33075,,1981
A106598,M. Middleton,,FORD,07508,taxco,Drv,,,el paso,Tx,7991S,,,,,,,147-49-3750,06-02-1976
A105372,Maria,M.,Ford,7508,Taxxo,Dr,,A,El Paso,TX,79915,,,,,,,147-493750,
A106623,maria middleton,,ford,7508,TAXCO,,,,EL.PASO,TX,79915,,,,,,,,197606
A106295,Mary,,Forrd,7580,TAXCO,DR,,,El-Paso,TX,79915-,,,,,,,147-49-3250,1976-06-02
A103345,LORNE,WAINE,FROD,7508,TAXCO,DR,,,ELPASSO,TX,79915,,,,,,,147-50-0009,13/06/1981
A101332,L Ford,,FORD,7508,TAXCO,DR.,,,El Paso,TX,79915,,,,,,,147-500-009,198106
A102545,Lor. Wayne,,Ford,7580,Taxco,Dr,APT,1,EL PASO,TX,79915,,,,,,,,1981
A101233,LORNE,WAYNE,FODR,7508,TACXO,DR,,,EL PASO,TX,79915,,,,,,,,19810613
A103136,Lorne,,Ford,7508,TAXCO,,,,"El Paso, TX",,79915,,,,,,,147-50-0009,06/13/81
A104643,MARIA,,SAVOY,24839,INVERARY,Drive,,,Harlingen,TX,78552,,,,,,,147-49-3750,19760602
A100349,M Savoy,,SAVOY,24839,INVERARY,DR,,,HARLINGEN,TX,7852,,,,,,,,1976
A100126,MARY,,SAVOYE,24489,INVERRARY,DR,,,HARLINGEN,TX,78552,,,,,,,147493750,1976/06/02
A100893,Maria,,savoy,24839A,INVERARY,DR,,,"HARLINGEN, TX",,78552-,,,,,,,147-49-3750,
A104114,MARIA,FORD,SAVOY,24839,INVERARY,DR,,,HARLINGEN,TX,78552,,,,,,,417-49-3750,19760602
A106463,Lorne Wayne,,Ford,11907,YEATMANN,Ln,,,HOUSTON,TX,77067,,,,,,,147500009,19810613
A104235,L.Ford,,FORDE,11907,YEATMAH,LN,,,houston,Tx,77067,,,,,,,147-50-0009,
A104635,LORNE,WAYNE,FORD,1907,YEATMAH,LN,UNIT,15,Houston,TX,77067-3,,,,,,,,1981-06-13
A104031,Lorna,Wayne,Ford,11907,YEATMAH,,,,Houston,TX,77067,,,,,,,147-50-9090,198106
A106462,Lor.W.,,F0RD,11907,YEATMAH,LN,,,houston,TX,77067,,,,,,,147-60-0009,19810613
A106108,LORNE,W,FORD,11907,YEAMTAH,LN.,,,"HOUSTON,TX",,77067,,,,,,,147-50-0009,1981
A101868,lorn wayne,,ford,2720,Shore,Dr,,,GRANDPRAIRIE,TX,75052,,,,,,,147-50-0009,198106
A101206,L.Wayne,,FORDE,02720,SHORE,DR,,,GRAND PRAIRE,TX,75052,,,,,,,,1981-06-13
A104349,LORNE,,FORD,2720,SH0RE,DR,,2,Grand Prairie,TX,75052,,,,,,,147500009,19810613
A105731,Lorene,,Ford,2720A,SHORE,,,,GRAND PRAIRIE,TX,7505,,,,,,,,06/13/81
A100940,Lorne-Wayne,,FoRd,2720,SHORE,DR.,,,GRAND.PRAIRIE,TX,75052,,,,,,,147-50-8999,
A100791,LORNE,WAYNE,FORD,109,VOELTER,AV.,,,KILLEEN,TX,76541,,,,,,,147-50-0009,19810613
A101217,GLENN.,G,MARTINEZ,109,VOELT3R,Ave,,4,KILEEN,Tx,7654I,,,,,,,147-50-0090,1981/06/13
A105273,L.Ford,,FORD,109,VOELTER,,,,KILLEN,TX,76541,,,,,,,,1981
A102488,LORNE WAYNE,,FORD,109,VOELTER,AVE,APT,201,"KILLEEN,TX",,76541,,,,,,,147-50-0009,
A101238,Lorn e,Wayne,Ford,109,VOELTER,AVE,,,KILLEEN,TX,76541,,,,,,,147-50-0009,19810613
A106936,Lorne,,Forrdd,109,VOELTER,AVE,,,Killeen,TX,76541-,,,,,,,,1981-06-13
A107264,Maria,,ESPINOZA,1530A,WOOD,St,,,"FORTUNA,CA",,95540,,,,,,,155-51-3728,1959-07-06
A105162,MARIA,,ESPNOZA,1530,wood,ST,,4,fortuna,CA,9554O,,,,,,,,19590706
A101612,M. ESPINOZA,,ESPINOZA,01530,WOOD.,St,,,"Fortuna,CA",,95540,,,,,,,155513728,
A105234,maria,,espinoza,1530,WOOD,STREET,,,FORT UNO,CA,95540,,,,,,,155-51-3328,19590706
A105547,KARIA,,ESPINOZA,1530,WOD,ST,,,FORTUNA,CA,95540-,,,,,,,,1959
A104194,Maria,,E SPINOZA,1530,WOOD,ST,,,FORTUNA,CA,95540,,,,,,,155-51-3782,19590706
A103977,MAria,,espinoza,145,BRADFORd,dr.,,,sunnyvale,CA,94089,po bx,69876-61443,,sunynvale,Ca,94088,,1959-07-06
A104409,Maria E.,,ESPINOZA,0145,BRADFORD,DR,,,SUNYVALE,CA,94089,PO BOX,69876,61443,SUNNYVALE,CA,94088,155-51-3728,
A106359,MARI,,ESPINOZA,145,BRADFORD,DR,APT,2B,Sunnyvale,CA,94089,PO BOX,69876,61443,"Sunnyvale, CA",CA,9408B,155513728,195907
A102302,MARIA,,ESPINOZA,402,LANDIS,AV,,,oakley,CA,94561,P O BOX,4709,,OAKLEY,CA,94561,155-51-3728,1959
A100615,M. Espinoza,,ESPINOZA,402,Land1S,Ave,,,Oakley,CA,94561,po box,4709 1112,,"Oakley,CA",,94561,,7/6/59
A102270,MAIRA,,ESPINOZA,402,LANDIS,,,,OAKLEY,CA,9456I,P0 BOX,4709,1112,OAKLEY,CA,94561,155-51-3728,19590706
A100892,JOHN,,REED,4447,ASCOT,CIR,,,SARAS0TA,FL,34235,,,,,,,155-51-4184,19651114
A101853,Jhn,,Reed,4474,ASCOT,CIRCLE,,,"SARASOTA,FL",,34235,,,,,,,155514184,1965/11/14
A106232,JOHN K.,,REED,4447,ASCOT,CIR,APT,3,SARSOTA,FL,34235-,,,,,,,,19651114
A102218,JOHN,,REID,4447a,ASCOT,CIR,,,SARASOTA,FL,43235,,,,,,,155-41-5184,196511
A104740,John,,Reed,13665,FOREST LAKE,DR,,,LARGO,FL,33771,POBOX,14929,315,"LARGO,FL",,33779,155-51-4184,1965-11-14
A101203,Jhn,,READ,13665,FORREST LAKE,DR,,,LARGO,FL,33771,P O BOX,14929,315,LARGO,FL,3377I,155-15-4184,196511
A106779,JOHN,,REED,13665,FOREST LAKE,DRV,,,LARGO,FL,33771,PO BX,14929-315,,Largo,Fl,33779,155-51-4184,
A100054,J. Reed,,REED,13665,FOREST-LAKE,DR,,1,LARGO,FL,33771,PO BOX,14929,315,LARGO,FL,33779,,19651114
A101012,john,,REED,13365,FOREST LAKE,DR,,,LRAGO,FL,33771-,PO BOX,14929,315,LRAGO,FL,3377I,155-51-4184,1965/11/14
A101039,John,,Read,13665,FORST LAKE,DR,,,LARGO,FL,33771,PO BOX,14929,315,LARGO,FL,33779,155514184,65-11-14
A105640,Maria,,Reed,102,236th,St.,,,carson,CA,90745,PO box,14259,11792,CarSon,CA,90749,155-51-3728,1959-07-06
A106216,M RIA,,REED,0102,236TH ,,,,Carson,Ca,90745,po.box,14259,11792,carsn,Ca,9074,155513728,
A101223,M.,,Reed,102,236th,,,,CARSON,CA,90745-,POBX,14259,,"Carson,",CA,90749,,07/06/1959
A105012,MARI,,Reid,102,236th,street,,,carson,ca,90745,,14259,11792,crasn,ca,90749,155513728,195907
A101883,maria,,REED,102,236 TH,ST,APT,2B,Carson,CA,90745,P O Box,,,Carson,CA,90749,155-51-372,1959
A107218,MARIA,,READE,12,236th,ST,,,Carsson,CA,90754,POBX,14259,11792,Carson,CA,90749X,155-51-3278,
A100136,JOHN,,Reed,102,236th,St,,,Carson,Ca,90745,P.O.BOX,14259,11792,Carssn,CA,90749,155-51-4184,11/14/1965
A103389,J. ,,REED,102,236TH,ST,,,CARSON,CA,90745-,po-box,14259,,CARSON,CA,9074,,1965
A103043,LORNE,WAINE,FROD,102,236th,,,,caRson,CA,90745,Po Box,14259,11792,"Carson,CA",CA,90749,155514184,19651114
A102229,JOHN ,,READ,0102,236Th,ST,,,CARSON,CA,90745,po box,,11792,,CA,90749,155-51-4814,
A104219,Maria ,,REED,4702,cairnleigh,Dr.,,,houston,TX,77084,,,,,,,155-51-3728,1959/07/06
A100975,JAM3S,,LEWIS,4702,CAIRNLEIGH,,,,Houston,TX,77084,,,,,,,155513728,
A101543,Maria,,Reede,4072,CAIRNLEIGH,DR,,,houston,tx,77084,,,,,,,,195907
A100718,M RIA,,REED,4702,CAIRNLEIGH,DR,,,"Houston,TX",TX,7708,,,,,,,155-51-372,1959
A101631,Maria,,REED,4702,CAIRNLEE,DR,,,HOUSTON,TX,77084,,,,,,,155-51-3728,
A102707,MARI,,REED,4702,CAINLEIGH,DR,,,HOUSTON,TX,77084,,,,,,,,19590706
A101865,MARIA,DALE,SIMMONS,3301,ARENA ,BLVD,APT,3 ,SACRAMENTO,CA,95834,,,,,,,165-48-6488,1912-06-24
A102948,STEVEN,,Hernandez,3301,ARENA,BLVD.,APT.,003,"Sacramento,CA",CA,95834,,,,,,,165486488,24/06/1912
A100067,J.,L.,Kohlenberg,3301,AREENA,BLD,APT,3,SACRAMENTO,CA,9583,,,,,,,165-48-648,191206
A101230,MARIA,DALE,SIMON,3301,ARENA,BLVD,,,Sacramento,CA,95834-,,,,,,,,1912
A102781,Maria,,Simons,3310,Arena,Blvd,APMT,3,sacramento,ca,95834,,,,,,,165-48-6488,
A100463,THOMAS,R,MORALES,1382,MIKE,RD,,,QUINLAN,TX,75474,POBX,33014,2559,quinlan ,TX,75474,165-49-7800,1906/11/11
A102965,T. R.,,Morales,1382 ,MIKE,RD,,,Quinlan,Tx,75474-,po box,33014,2559,QUINLAN,TX,75474,,1906
A100884,THOMAS,R.,MORALEZ,1382,MIK,RD.,,,QUINLAN,TX,7547,PO BOX,3301,2559,Quinlan,TX,75474,165497800,
A101472,Thomas,,morales,1382,MIKE,,,,Quinlan TX,TX,75474,,,2559,Quinlan,,75474,165-49-780,11-11-1906
A103707,Thos,R,MORALES,1382,MIKE,RD,,,QUINLAN,TX,75474X,POBOX,33014,,QUIN-LAN,TX,75474,165-49-7800,190611
A100512,THOMAS,R,MORALES,1382,MIKE,ROAD,,,quinlan,TX,75474,,33014,2559,Quinlan,TX,,165-49-7800,
A103198,THOMAS ,R.,MRALES,908,8th,ST.,,,San Saba,TX,76877,,,,,,,165-49-7800,1906/11/11
A102530,T. R.,,Morales,908,EIGHTH,ST,,,san saba,Tx,76877-,,,,,,,,1906
A104280,CARLOS,,LEWIS,908,8TH,,,,SanSaba,TX,76877,,,,,,,165497800,19061111
A106884,thomas,r,MORALES,908,8Th,Street,,,SAN SABA,TX,7687,,,,,,,165-49-8700,
A105265,THMAS,R,MORALES,980,8TH,ST,,,"San Saba, TX",TX,76877,,,,,,,165-49-7800,06-11-1906
A105852,TOMAS,,MORALES,908,8TH,ST,,,SAN SABA,TX,76877,,,,,,,165-49-7800,
A106043,MARIA,DALE,MORALES,1877,Everglades,Dr.,,,Navarre,FL,32566,P O BOX,72314,6474,Navarre,FL,32566,165-48-6488,1912-06-24
A103197,Maria,D.,Morales,1877,EVERGLADES,DR,,,"navarre,FL",FL,32566,PO BOX,72314,,NAVARRE,,32566,165486488,24/06/1912
A105897,M. DALE,,Moralez,1877,EVERGLADS,DR,,,Navare,FL,3256,po box,72314,6474,navarre,FL,32566,165-48-648,191206
A101240,MARIA,DALE,MORALES,1877,EVERGLADES,,,,"Navarre, FL",FL,32566-,POBX,72314,6474,Navare,FL,32566,,1912
A102786,Mary,DALE,Morales,1877,EVERGLADES,DR,,,NAVARRE,FL,32566,,72314,6474,Navarre,FL,32566X,165-48-6488,
A101663,Maria,DALE,moralse,1877,EVERGLADES,DR,,,NAVARRE,Fla.,32566,PO BOX,72314,6474,NAVARRE,,32566,,19120624
A101468,THOMAS,R,MORALES,1877,EVERGLADES,DR,,,Navarre,FL,32566,POBX,72314,6474,Navarre,FL,32566,165-49-7800,19061111
A105292,g l e n n,,MARTINEZ,1877,EVERGLADE,DR,,,NAVARRE,FL,3256,PO BOX,72314,,Navarre ,,32566,,1906
A101212,Thomas,,MORALES,1877,EVERGLADES,,,,"navarre,FL",FL,32566-,PO BOX,,6474,Navare ,FL,32566,165497800,
A102640,PEDRO,E.,Rubio,7901,BAYMEADOWS,cir,APT,412,Jacksonville,FL,32256,PO BOX,4285,5314,JACKSONVILLE,FL,32247,165-48-6488,19120624
A101208,Maria D.,,Morales,7901,BAYMEADOWS,CIR,Apt.,0412,JACKSONVILLE,Fl,32256-,PO BOX,4285,5314,Jacksonville,,32247,165486488,1912-06-24
A100710,M. DALE,,Moralez,7901,BAYMEDOWS,CIR,,,"JACKSONVILLE,FL",FL,32256,POBX,4285,,,FL,32247,,24/06/1912
A106470,MARY,DALE,MORALES,7901,BAYMEADOWS,CIR,APT,412,jacksonville,FL,32256,PO BOX,4285,5314,JACKSONVILLE,FL,32247,165-48-6488,191206
A101082,MARIA,,Morales,7019,BAYMEADOWS,,,,JACKSONVILLE,FL,32256X,,4285,5314,JAX,FL,32247,165-48-6488,
A105630,THOMAS,R,MORALES,7901,BAYMEADOWS,CIR,APT,412,JACKSONVILLE,FL,32256,PO BOX,4285,5314,JACKSONVILLE,FL,32247,165-49-7800,19061111
A102981,Thomas,R.,Morales,7901 ,Baymeadows ,Cir,Apt.,0412,"jacksonville,FL",FL,32256,POBX,,5314,Jacksonville ,FL,32247,165497800,1906-11-11
A100515,T. R.,,MORALES,7901,Baymewdows,CIR,,,JACKSONVILLE,FL,32256-,PO BOX,4285,,,FL,32247,,
A101295,THOMAS,,MORALES,9017,BAYMEADOWS,CIR,APT,412,jax,FL,32256,PO BOX,4285,5314,JACKSONVILLE,FL,32247X,165-49-7800,
A104927,THOS,R,MORALES,7901,BAYMEADOWS,CR,APT,412,JACKSONVILLE,FL,32256,POBOX,4285,5314,JACKSONVILLE,FL,32247,165-49-7800,06/11/1906
A106642,THOMAS R.,,MORALES,7901,BAYMEADOWS,CIR,,,JACKSONVILLE FL,FL,32256,,4285,5314,JACKSONVILLE,FL,32247,,190611
A106727,MARIA,MORALES,SIMMONS,1462,APPLE BLOSSOM,WAY,,,HEMET,CA,92545,,,,,,,165-48-6488,19120624
A104076,Maria,Morales,Simmons,1462 ,APPLE BLOSSOM ,WAY,,,Hemet,Ca,92545,,,,,,,165486488,1912-06-24
A101289,M. MORALES,,SIMMONS,1462,APPLE BLOOM,WY,,,"HEMET,CA",CA,92545,,,,,,,,
A103100,MARY,MORALES,SMMONS,1462,APPLE BLOSSOM,WAY,,,HEMAT,CA,9254,,,,,,,165-48-6488,24/06/1912
A105557,MARIA,,SIMMONS,1462,APPLE BLOSSOM,,,,HMT,CA,92545X,,,,,,,165-48-6488,191206
A103242,MARIA,MORALES,SIMMONS,8811,CANOGA,AVE,SPC,412,CANOGA PARK,CA,91304,,,,,,,165-48-6488,19120624
A101023,Maria,,Simmons,8118,CANOGA,AV,SPC,,CanogaPark,Ca,91304,,,,,,,,1912-06-24
A100376,M. MORALES,,SIMMONS,8811,CANOOGA,AVE,,,"CANOGA,CA",CA,91304,,,,,,,165486488,24/06/1912
A105817,DONNA,,SAHINOVIC,8811,CANOGA,AVE,SPC,412,CONOGA PARK,CA,9130,,,,,,,165-48-6488,191206
A103383,MARIA,MORALES,SIMMONS,8811,CANOGA,,APT,412,"CANOGA PARK,CA",CA,91304,,,,,,,,
A105887,Maria,Morales,Simmons,995,Riverside,Drive,SPC,45,RIO DELL,CA,95562,,,,,,,165486488,1912-06-24
A104492,MARiA,Moraels,SIMONS,995,Riverside,DR,,,RIO DELL,CA,95562- ,,,,,,,165-48-6488,19120624
A103276,M. M.,,Simmons,995,riverside,dr,spc,45,Rio Dell,CA,95562,,,,,,,,191206
A102212,MARIA,M.,SIMMONS,995,RIVERSIDE,DR,,,RIO.DELL,CA,95562,,,,,,,165-486-488,06/24/1912
A101044,Mariah,Morales,Simm0ns,995,RIVERSDE,DR,SPC,45,RiO Dell,Ca,95562,,,,,,,,1912
A104276,THOMAS,R,MORALES,10960,BEACH,BLVD,LOT,551,JACKSONVILLE,FL,32246,POBOX,4285,5314,JACKSONVILLE,FL,32247,165-49-7800,1906/11/11
A104888,T. R.,,Moralez,10960,Bch,BLD, ,551,JAX,FL,32246,,,,,,,165497800,
A102526,THOMAS,,MORALES,10960,BEACH BLVD,,LOT,551,jacksonville,FL,32246,PO BOX,4285 5314,,jacksonvile,FL,3224I,,11-11-1906
A106050,Tom,,Morales,10960,beach,Blvd.,,,JACKSONVIlLE,Fl,32246,,,,,,,165-49-7800,19061111
A100064,THOMAS,R,MORALES,6679,WESTMONT,STR,,,PENSACOLA,FL,32503,,,,,,,165497800,1906-11-11
A106925,Thamas,R.,Morles,6679,Westmont,ST.,,,Pensacola,Fl,32503-,,,,,,,,190611
A106750,T R,,MORALES,6679,WESMONT,ST,,,PENSACOLA,FL,32503,,,,,,,,
A104424,Thomas,,Moralez,6679,WESTMONT ST,,,,PENSACOLA,FL,32503,,,,,,,165-49-7800,1906/11/11
A101123,tom,r,morales,6679,Westmont,st,,,pensacola,FL,32503z,,,,,,,,11.11.1906
A105018,TOMAS,,MORALES,6679,WESTMONT,ST,,,PENSACOLA,FL,32053,,,,,,,165-49-7008,19061111
A103196,María,,Quigley,7418,QUINN,ST,,,Dwny,CA,90241,P.O.BOX,3190,2555,Downey,CA,90242,168648276,
A100990,MARIA,,QUIGLEY,7418,QUINN,,,,"Downey,",Ca,90241,PO BOX,3190-2555,,DOWNEY,CA,90242-,168-64-8276,1988-04-22
A100694,M Q,,Quiggly,7418,QUINN St,,,,Downey,CA,90241,POB,,,,,,,19880422
A103179,James,,Lewis,1910,28th,AVE,,,Hollywood,FL,33020,P O BOX,13797,817432,Hollywood,FL,33081,168654311,19870311
A107236,DAWN L,,KOHENBERG,191O,28TH,AVE.,,,Hollywood ,FL,33020,,,,,,,168-65-4131,
A101060,James,,Lewi,1910,28TH AVE,,,,HOLYWOOD,FL,3302O,P.O.B.,13797817432,,HOLLYWOOD,FL,33081,,1987-03-11
A103173,J. LEWIS,,Lewis,1960,Murcott,DR,,,FOURT MYERS,FL,33967,PO BOX,284 7586,,Ft. Myers,FL,33911,168-65-4311,19870311
A101103,James,,Lewis,19060,Murcot,Dr.,,,Fort Myers,FL,33967,POB,284,7586,FT MYERS,FL,3391L,,1987/03/11
A107090,JAMES,,LEWIS,19060,MURCOTT,,,,FtMyers,fl,33967,,,,,,,,03/11/1987
A104771,JAMES,,Lews,8402,111th,ST,APT,206,SEMln0LE,FL,33772,,,,,,,168-65-4311,
A102622,J. Lewis,,Lewis,8402,111TH ST,,APT,206,SEMINOLE,FL,33772,,,,,,,,1987-03-11
A104249,JAMES,,LEWIS,8402A,111TH,ST,,206,SEMINOLE,FL,3372,,,,,,,,19870311
A103074,Maria,,Lewis,10926,CLEAR FORK,DR,,,HUMBLE,TX,77396,"po,box", 5215,15234,Humble,Tx,77347,168648276,19880422
A102404,MARIA,L.,LEWIS,10926,CLEARFORK,DR,,,"HUMBLE,",TX,77396 ,PO BOX,5215,15234,HUMBLE,TX,77347,168-64-8276,
A103845,M. Lewis,,Lewis,10926,Clear Fork DR,,,,HUMBEL,TX,77396,,,,,,,168648276,1988-04-22
A101011,MARIE,,LEWIS,1926,CLEARFORK,DR,,,HUMBLE,TX,77369,PO BOX,521515234,,HUMBLE,TX,77347,,1988042
A103283,Maria,,Lewis,10926,CLR FRK,Dr,,,"Humble,TX",TX,77396,PO BX,5215,15234,Humble,TX,77347 ,168-64-8276,4/22/1988
A104296,M. Lewis,,Lewis,10926,CLEAR FORK,,,,HUMBLE,TX,77396,,,,,,,168-648-276,
A101138,JAMES,,LEWIS,10926,CLEAR FORK,DR,,,HUMBLE,TX,77396,P O BOX,5215,15234,HUMBLE,TX,77347,168654311,19870311
A106316,J. Lewis,,Lewis,10926,Clear Fork DR,,,,HUMBLE,TX,77396,,,,,,,,1987-03-11
A106601,James,,LEWIS,10926,CLR FRK,Dr,,,"Humble,TX",TX,77396 ,PO BX,5215,15234,Humble,TX,77347 ,,
A103200,Maria,,Lewis,4110,PINEHURST,DR,,,Amarillo,TX,79109,,,,,,,168648276,1988/04/22
A100784,MARIA,L.,LEWIS,4110,PINEHRUST,DR.,,,AMERILLO,TX,79109-,,,,,,,168-64-8276,
A100367,M. Lewis,,Lewis,4I10,PINEHURST,,,,Amarillo,Tx,79109,,,,,,,,19880422
A101599,Maria,,Lewis,4110,PINE HURST DR,,,,"Amarillo, TX",TX,79109 ,,,,,,,168648276,1988-04-2
A105496,M Lewis,,Lewis,410,PINEHURST DR,,,,AMARILLO,TX,7919,,,,,,,,4/22/1988
A107239,James,,Lewis,4110,PINEHURST,DR,,,Amarillo,TX,79109,,,,,,,168-65-4311,1987-03-11
A100701,J. Lewis,,LEWiS,4110,PINEHRUST,DR.,,,AMERILLO,TX,79109-,,,,,,,168-65-4311,
A105398,James,,Lewis,410,PINEHURST DR,,,,Amarillo,TX,79109,,,,,,,,4/11/1987
A105818,JAM3S,,LEWIS,4110,PINEHURST,DR,,,Amarillo,TX,79109,,,,,,,,19870311
A103720,Maria,Lewis,Quigley,1236,BALLARD,ST,,,CENTER,TX,75935,,,,,,,168648276,1988-04-22
A102356,M. Lewis,,Quigly,1236,BALLARD ST,,,,"Center,TX",TX,75935,,,,,,,,19880422
A104371,MARIA,,QUIGLEY,1236,BALLARD,,,,CENTER,TX,7593,,,,,,,168-64-8276,
A101560,Maria,L.,QUGLEY,1614,Blue Heather,Ln,,,fresno,tx,77545,,,,,,,168648276,1988-04-22
A102590,MARIA,L,QuiGLEY,161 4,BLU-HEATHER,LN,,,FRESNO,TX,7754,,,,,,,,22/04/1988
A101467,M. Lewis,,Quigly,1614,B. Heather,lane,,,Frseno,TX,77545,,,,,,,168-64-8276,19880422
A106449,THOMAS,,LOPEZ,1614,blue heater,LN,,,Fresno,TX,,,,,,,,168-64-8276,
A106686,M Lewis,,Qgley,1614,BlueHeather,Ln.,,,fresno,TX,77545-XX,,,,,,,168648276,04/22/1988
A103721,james,,lewis,8327,Fairoaks,blvd,apt,23,Carmichael,CA,95608,po box,49361,2212,Carmichael,CA,95609,168654311,1987-03-11
A102941,Jms,,LEW1S,8327,FAIR OAKS,BLV,APT.,23,CARMICHAEL,CA,95608,P0 BOX,49361,2212,CARMICHAL,CA,,,19870311
A106516,JAMES,,LEWIS,8327,Fair Oaks,BLVD,,,Carmichael,CA,9560,PO BX,049361,2212,CARMICHael,CA,95609-X,,
A100131,James,,Lewis,12218,CasERo,pl,,,san diego,CA,92128-00,,,,,,,168-65-4311,19870311
A101172,J LEWIS,,Luis,12218,casero,PL.,,,San Diego,CA,92128,,,,,,,168654311,03/11/1987
A102498,James,,Lewis,"12,218",CASERO,PL,,,SanDiego,CA,9212B,,,,,,,,1987
A100640,james,,lew1s,12218,casero,Pl.,,,SAN DIEGO,Ca,,,,,,,,,
A102246,Jas.,,Lewis,12218,cazero,PL,,,"San,Diego",CA,92128,,,,,,,,87/03/11
A101160,JAMES,,LEWIS,,CASERO,PLACE,,,SAN DIEGO,CA,92128,,,,,,,...,19870311
A105642,Maria,,Ram1rez,1851,huron,dr,,,ventura,ca,93004,,,,,,,171-08-2424,1900-01-01
A103990,M RAMIREZ,,Ramirez,1 8 5 1,HURON,DR.,,,Ventura,CA,,,,,,,,171082424,
A105280,Maria,,RAMIREZ,185,hurons,DR,,,Ventura,CA,930O4,,,,,,,,19000101
A104681,Maria,,Ramirez,1851,Huron,DR,,,V E N T U R A,CA,93004,,,,,,,171-08-2424,
A102853,Mia,,Ramirez,1851,Huron,DR,,,Ventura,Ca,93004,,,,,,,171-08-242,01/01/1900
A104475,MARIA,,ramirez,18725,Cable,Ln,,,PERRIS,CA,92570,P0 BOX,3169,817,Peris,CA,92572,171.08.2424,19000101
A101805,M RAMIREZ,,Ramirez,18725,Cable,LN,,,PERRIS,CA,92570,P.O. BOX,3169,,PERRIS,CA,,171-08-2424,
A107085,Maria,,Ram1rez,"18,725",CABLE,Ln.,,,Perris,CA,9257,PO BOX,3169,,perris,CA,92572A,,
A104867,Marry,,Ramirez,18725,Cable,LN,,,PERRIS,ca,92570,PO BOX,3169,817,PERRIS,CA,92572,171082424,01/01/1900
A103540,Maria,L.,Ramirez,18725,Cable,LN,,,PERRIS,CA,92570-0000,,,,,,92572,,190001
A103263,M Ramierz,,Ramers,18725,Cable,Ln,,,PERRIS,CA,,P.O. BOX,,,PERIS,CA,,171-08-2424,
A102789,ROBERT,,DYER,6940,SUN FLOWER,CIR,,,FORT WORTH,TX,76120,,,,,,,171-08-4409,19010122
A107254,ROB,A,DYRE,694,SUNFLOWER,CR,,,Fort Worth,Tx,76120,,,,,,,171084409,1901-01-22
A103741,Robert,,Dyer,6940,Sunflower,CIR,,,FT WORTH,TX,76120-XX,,,,,,,,
A101078,Maria,,Dyer,6533,SilverQueen,Way,,,windermere,FL,34786,POBOX,34092,372,windermere,FL,34786,171-08-2424,19000101
A103391,M DYER,,DYAR,6533,SILVER QUEEN,WY,,,Windemere,FL,34786,PO BX,34092,372,WINDEREMERE,FL,34786,171082424,
A100284,WILLAM,,Baird,6533,SILVER QUEEN,way,,,Windermere,Fl,34786,PO BOX,34092,0372,Windermere,FL,3478,,1/1/1900
A107023,Maria,A.,Dyer,6533,SILVER QUEEN,Way,,,WINDEREMERE,FL,,,,,,,34786A,,190001
A102723,M Dyer,,Dyr,6533,Silver Qeen,WY,,,Windermere,FL,,PO BOX,34092,,Windermere,,,171-08-242,
A104838,ROBERT,A,DYER,6533,SILVER QUEEN,WAY,,,WINDERMERE,FL,34786,PO BOX,34092,372,WINDERMERE,FL,34786,171-08-4409,19010122
A105169,ROBERT,,DYR,6533,SILVER QUEEN,WY,,,Winderemere,FL,34786,POBX,34092,372,WINDEREMERE,FL,34786,171084409,1901/01/22
A103309,R. DYER,,DYER,6533,SilverQueen,Way,,,windermere,Fl,3478,PO BOX,,,Windermere,,,,1/22/1901
A105493,Robert,A.,Dyer,6533,Silver Qn,WHY,,,WINDEREMERE,FL,34786A,PO BOX,94092,372,WINDERMERE,FL,,,
A102886,Rob,A,Dyer,,SILVER QUEEN,WAY,,,Windermere,FL,34786,PO BOX,34092,373,"Wind,ermere",FL,34786,171-08-44O9,1901
A106631,Maria,DYER,Ramirez,17868,HWY18,,#,312,Apple Valley,CA,92307,,,,,,,171-08-2424,19000101
A105268,Mary,DYER,Ramrirz,17868,HWY 18,,,312,APPLE VALLEY,CA,923O7,,,,,,,,01/01/1900
A102159,M DYER,,RAMIREZ,17868,HWY 18,,Unit,312,APPLE-VALLEY,CA,,,,,,,,171082424,
A105316,MARIA,D,ramirez,17868,HWY 18,,#,0312,apple valley,Ca,92307,,,,,,,,190001
A104619,MARY,,RAMIREZ,17868,HWY 18,,#,312,"Apple,Valley",CA,92307,,,,,,,171-08-242,
A103480,MARIA,Dyer,RAMIREZ,712,Ramona,St,Unit,C,San Gabriel,CA,91776,,,,,,,171-08-2424,19000101
A102237,STEVEN,,HERNANDEZ,0712,RAMONA,,unit,C,SAN GABRIEL,CA,9177,,,,,,,171-08-242,
A101934,Maria D.,,Ramiz,712,RAMONA,ST.,,,"San, Gabriel",Ca,91776,,,,,,,,1/1/1900
A104520,ROBERT,,PEREEZ,1082,Rosetta,Dr,,,Deltona,fl,32725,po box,4929,5635,Deltona,FL,32728,171-08-4409,19010122
A106748,ROBERT,A.,DYRE,1082,rosetta,DR,,,DELTONA,FL,3272,PO BOX,4929,5635,DELTONA,FL,,,22/01/1901
A102102,ROB A,,DYER,1082,ROSETTA,,,,deltona,FL,32725,PO BOX,4929,5635,DELTONA,FL,32728,171084409,1901
A100837,Robert,A,Dyer,1082,Rosseta,Drv,,,DELTONA,FL,32725-XX,POBX,,,DELTONA,FL,,,
A104092,ROBERT,A,DYER,11760,95th,Ter,,,Seminole,FL,33772,,,,,,,171-08-4409,19010122
A100617,R. DYER,,DYRE,11760,95TH,TER,,,seminole,FL,33 772,,,,,,,171084409,19/01/01
A104432,Robert,A.,Dyer,,95TH,Terrace,,,SEMINOLE,Fl,33772,,,,,,,,
A100348,ROB,A,DYER,11760,95th,ter.,,,Seminole,FL,33773,,,,,,,171-08-440,1901
A103334,Robert,A.,Dyer,3585,Pumpkn,St.,,,Port Saint Lucie,FL,34953,,,,,,,171084409,1901-01-22
A106025,BOB,,DYR,358S,PUMKIN,ST,,,PORT SAINT LUCIE,FL,34953-,,,,,,,,01/22/1901
A106184,R  A  DYER,,,3585,PUMPKIN  ,St,,,"PORT,SAINT LUCIE",FL,34953,,,,,,,171-08-4409,190101
A100109,Maye,Jean,Rodriguez,3585,PUMPK1N,ST,,,PORT ST LUCIE,FL,34953,,,,,,, 171-084409,19010122
A104561,R.,A.,Dyer,   3585,Pumpkin,,,,Port St Lucie,FL,3495,,,,,,,171084409,
A105449,ROBT.,,DYER,3585,P.PUMPKIN,ST.,,,P S LUCIE,FLA,34953,,,,,,,171-08-4409,22/01/1901
A102245,Maria,,Wiseman,14638,Red Gum,ST,,,MorenoValley,CA,92555,,,,,,,187-607708,1903-08-06
A103317,M. M.,,Wisemann,14638,REDGUN,ST,,,MORENO VALLEY,CA,9255,,,,,,,187607708,19030806
A105217,María,M,WISEMAN,14638,Red Gum,St.,,,"Moreno,Valley",CA,92555a,,,,,,,,
A106225,M WISEMAN,,,14638,R. GUM,,,,Mor Valley,CA,92555,,,,,,,187-60-7708,1903
A100048,Maria,M.,Wiseman,1550,Rory,Ln,Spc,155,Simi Valley,CA,93063,PO Box,662,1375,Simi Valley,CA,93062,187-60-7708,06/08/1903
A103458,M.WISEMAN,,,155O,RORI,,#,155,SimiVly,CA,93063,"po,box",662/1375,,"Simi,Valley",CA,93602,,19030806
A105643,MariaM.,,Wiseman,155O,Rory,LN,,,SIMI VALLEY,CA,,P O BOX,662,1375,SIMI VALLEY,CA,93062,187-60-7708,
A100401,maria,,wiseman,2201,arena,bvd,APT,2206,Sacramento,CA,95834,PO BOX,12343,293357,SACRAMENTO,CA,95829,187607708,1903-08-06
A101154,M WISEMAN,,,2201,ARENA,BLVD,APT,226,SACRAMENTO,C4,95834,pobox,12343/293357,,"SACRAMENTO,",CA,9829,,03/08
A100533,Maria,M,WI5EMAN,2201,Arena,BVLD,,,SACRAMNTO,CA,9583,,,,,,,187-60-7708,19030806
A105461,MARY,,WISEMAN,2201,ARENA,BLVD,APT.,2206,SACRAMENTO,CA,95834-9,PO BOX,12343   ,293357,SACRAMENTO,CA,95829,,19030806
A106885,M. M. Wiseman,,,2210,ARENA,BLVD,APT,2206 ,"SACRAMENTO,CA",,95834,PO BOX,12343,293357,SACRAMENTO,CA,95829,187-60-7708,
A102816,KIRK,A.,CASILLAS,53,OAK HILL,DR,,,HUNTSVILLE,TX,77320,,,,,,,187609229,1909-05-05
A105822,Eva,E.,STINSON,53,OAKHIL,,,,HuntsVille ,TX,7732O,,,,,,,187-60-9229,05/05/1909
A102943,Kirke,,CASILLAS,53,OAK HILL,DR.,,,HUNTSVILLE,TX,77320,,,,,,,,19090505
A102360,KIRK,,CASILAS,53,OAK HILL,DR,,,HUNTSVILLE,TX,7732,,,,,,,187-60-9229,
A100396,K. ANGEL CASILLAS,,,53,OAKHILL,,,,Huntsville ,TX,77320,,,,,,,187-60-9229,19090505
A104485,KIRK,A,CASILLAS,6010,Antler,Dr,,,El Paso,TX,79924,PO Box,1957,27096,EL PASO,TX,79926,187-60-9229,1909-05-05
A103314,Kirk,,Casillas,601O,ANTLER,,,,EL PASO,TX,79924,"po,box",1957/27096,,"EL PASO, TX",TX,79926,187609229,05/05/1909
A104675,K.A.Casillas,,,6010,ANTLER,DR,,,"El, Paso",TX,79924,P O BOX,1957,27096,EL PASO,TX,7992,,
A106471,Kirk,Angel,Casillas,4829,Salem,Dr,,,Mesquite,TX,75150,P0 B0X,14233,852182,MESQUITE,TX,75185,187-60-9229,05/05/1909
A103169,KIRK,,CASILAS,4829,SALEM,DR.,,,MESQUITE,TX,7515,PO BOX,"14233,852182",,"MESQ.,TX",TX,75185,,19090505
A106596,K.A.CASILLAS,,,482O,SALE M,,,,MESQUITE,TX,75150-,"PO,BOX",14233/852182,,MESQUITE,TX,75185,187-60-9229,
A100165,KIRK ANGEL,,CASILLAS,4829,SALEm,Dr,,,MES QUITE,TX,75150,PO BOX,14233,852182,MESQUITE,TX,75185-1,187609229,19090505
A100863,Kirk Casillas,,,4829,Salem Dr,,,,MESQUITE,TX,,po box,14233,852182,"MESQUITE,TX",TX,75185,187-60-9229,19/09/05
A104958,MARIA,M,CASILLAS,108,GREEN WILLOW,LN,,,SEARCY,AR,72143,,,,,,,187-60-7708,19030806
A105390,Maria,,CASILAS,108,GREENWILLO,,,,"Searcy,",AR,72143,,,,,,,187607708,06/08/1903
A104546,MICHAEL,,LOPES,108 ,G WILLOW,LN,,,SEARCY,ARK,72143,,,,,,,,
A103526,Mary,,CASILLAS,108,GREEN WILLOW,LN,,,Seracy,AR,7214,,,,,,,,1903
A104915,KIRK,,CASILLAS,108,GREEN WILLOW,,,,SEARCY,AR,72143,,,,,,,187-60-9229,19090505
A102792,K. A. CASILLAS,,,108,GREEN WILLOW,LN.,,,SEARCY,A.R.,72143,,,,,,,187609229,
A106602,KIRKE,ANGEL,CASILAS,108,GRN WILLOW,LN,,,SEARCY,AR,72143-2,,,,,,,,19090505
A100942,K-A CASILLAS,,,180,GREEN WILLOW,LN,,,"SEARCY,AR",,72143,,,,,,,187-60-9229,05/05/1909
A101811,KIRK,,CASILLAS,108,GRN WILLOW,LN,,,SERCY,AR,72143,,,,,,,187-60-9229,1909
A106511,ROBERT,FAYE,LAXTON,108,Green Willow,Ln,,,Searcy,AR,72143,,,,,,,,19090505
A103515,MARIA,M.,CASILLAS,4021,HURICANE SHORES,DR,,,BENTON,AR,72019,PO BOX,18269,296,BENTON,AR,72018,187-60-7708,1903-08-06
A105067,M. CASILLAS,,,4021,HURRICANE SHORES,,,,"BENTON,AR",,72019,"po,box",18269/296,,BENTON,AR,72018,,19030806
A101111,D. Worth,,,4021,HURRICANE SHORE,DR,,,BENTON,AR,72019,PO BX, 18269 ,296,BENTON,AR,70218,187607708,03/08
A104757,KIRK,ANGEL,CASILLAS,4021,HURRICANE SHORES,DR,,,BENTON,AR,72019,PO BOX,18269,296,BENTON,AR,72018,187-60-9229,19090505
A104057,K. CASILLAS,,,402I,HURRICAN SHORES,DR.,,,"Benton,",AR,70219,P0 B0X,18269,296,BENTON,AR,72018,187-60-9229,
A104161,KIRKE,ANGEL,CASILAS,4021,HURRICAN SHOR,,,,BENTON,AR,7201,PO BOX,"18269,296",,"BENTON,AR",,72018,,1909-05-05
A104781,K.A.CASILLAS,,,4021,HURRICANE SHORES,DC,,,BENTON,ARK,72019,PO BOX,18269,296,BENTON,AR,72018,187609229,19090505
A102925,KIRK,,CASILLAS,4021,HURRICANE SHORES,DR,,,benton,ar,72019,,,,,,,187-60-9229,05/05/1909
A102658,KIRK,A.,CASILLAS,2240,OLD MILL,DR,,,DELTONA,FL,32725,,,,,,,187-60-9229,19090505
A101491,B. VERBENA,,VERBENA,224O,OL MILL,DR.,,,Deltona,FL,32725,,,,,,,,05/05/1909
A105741,K.A.CASILLAS,,,2240,OLD MILL,,,,DELTONA,FLA,32725,,,,,,,187609229,
A101602,kirk,Angel,CASILAS,85157,Lil william,Rd,,,Fernandina Bch,FL,32034,,,,,,,187609229,1909-05-05
A105191,KIRK,A.,cassilas,85157,LIL WILLIAM,R D,,,FERNANDINA    BEACH,FL,32034-,,,,,,,187-60-922,19090505
A106836,Kirck ,,CASILLAS.,85 157,LilWillm,RD,,,FERNADINA BEACH,F1,3203A,,,,,,,,1909/05/05
A105813,K. CASILLAS,,,85157,LIL WILLIAM,,,,"Fernandina,Beach",FL,,,,,,,,187609229,
A101884,KIRK,A,CASILLAS,1711,Western,RD,,,S Daytona,FL,32119,,,,,,,187-60-9229,05-05-1909
A101079,JACUELINE,V,NAECKER,01711,WESTERN RD,,,,SouthDaytona,Fl,3211g,,,,,,,187-60-922,19090505
A100994,JOSE,,MENDOZA,1711,WESTERN,RD,,,"South,Daytona",FL,32119-,,,,,,,,1909-05-05
A100670,K. CASILLAS,,,1711,WESTRN,RD,,,SOUTH DAYTONA,FL,32119,,,,,,,187609229,
A104440,KIRK ,A N G E L,CAS ILLAS,1711 ,WESTERN,ROAD,,,South Daytona,FL,32119,,,,,,,187609229,19090505
A100519,MARIA,,MURILO,14978,ORO GRANDE,St,,,SYLMR,CA,91342,POBX,7709,292663,Slymar,CA,91342,195-05-5156,1933/11/30
A100393,John,,BROWN,14978 ,OroGrande,ST,,,SYLMAR,C A,9134Z,P.O. BOX,07709,292663,SYLMAR,CA,91342-,195-05-5165,19331130
A103535,M. Murillo,,,14978,ORO GRANDE,,,,Sylmar,CA,91342,P0 BOX,7709,292663,Sylmar,CA,91342,195055156,
A107158,MARIA,,MURILL0,1498,ORO GRANDE ST,,,,"Syl,Mar",CA,,PO  BOX,,292663,Sylmar,,,,1933-11-30
A100965,Maria ,,Murillo,14978,OrO Grande,St.,,,SYLMAR,CA,91342,P.O BOX,7709,,,,,195055156,19331130
A100902,MARiA,,MURILLO,27875,camp plenty,Rd.,,,CANYON COUNTRY,CA,91351,,,,,,,195 05 5156,1933-11-30
A101376,Maria Murillo,,,27875,CAMP PLENTY RD,,,,"CanYon,Country",CA,91351,,,,,,,,19331130
A100764,M. MURILLO,,,27875,CAMP PLNTY,RD,,,CANYON COUNTRY,CA,9135I,,,,,,,195-05-5156,
A106677,MARIA,,MURILLO,2787.5,CAMP PLNTY,RD,,,CANYN CNTRY,CA,91351,,,,,,,195055156,1933/11/30
A102605,MariA,,Murillo, 27875 ,Campplein,Rd,,,CanyonCountry,CA,93151,,,,,,,195-05-5156,19331130
A103517,Sam,M.,Justin,3649,PLYMOUTH DR,,,,N HIGHLANDS,CA,95660,,,,,,,195-05-6776,1942/12/07
A100601,CHARLS,J.,DYER,364 9,PLYMOUTH,DR.,,,"NORTH,HIGHLANDS",CA,95660,,,,,,,195 05 6776,19421207
A103035,Charles D.,,,3649,PLYMOUTH,DR,,,NORTH HIGHLANDS,CA,9566o,,,,,,,,12-07-1942
A104848,C.DYER,,,3649,PLYMTH,DR,,,North Highlands,CA,95660,,,,,,,195056776,
A103181,JOZÉ,,REYS,3649 ,PLYMOUTH,DR,,,NORTH HIGHLANDS, CA,95660-,,,,,,,195-05-6776,19421207
A100487,LILIAH,,DIAZ,1862 1,LAURA LN,,,,ADELNTO,CA,92301,,,,,,,195-05-6776,1942-12-07
A101880,Charles,,DEYER,18621,Laura,LN,,,adelanto,CA,9230I,,,,,,,195-05-6776,
A100268,C. DYER,,, 18621,LAURA,LN,,,ADELANTO,CA,92301,,,,,,,195056776,1942/12/07
A107132,Mar ia,,DYER,3516,LUCILLE AVE,,,,MCALLEN,TX,78503,,,,,,,195-05-5156,1933/11/30
A103395,Maria,,Dyer,3516,lucillE,Ave.,,,MCALLEN,Tx,78503-,,,,,,,195055156,19331130
A101485,Carl ,,Estrada,03516,LUCILLE,AVE,,,MCALLEN,TX,785O3,,,,,,,,1933-11-30
A100559,MARIA,,DYER,3516 ,LUCIL,AVE,,,M CALLEN,TX,78503,,,,,,,195-05-5156,
A100870,CHARLES,,DYER,3516,LU SILLE,AVE,,,MCALLEN,TX,78503,,,,,,,195-05-6776,12-07-1942
A106329,C.Dyer,,,3516,LUCILLE,AVE,,,"MCALLEN,TX",,78503,,,,,,,195 05 6776,19421207
A103183,CHARLES J,,DYER,03516,LUCILLE AVE,,,,MCALLEN,TX,78503-,,,,,,,195-05-6776,
A105617,Charles,J.,Dyer,3516,LUCILE,AVE,,,McAllen,TX,78503,,,,,,,195056776,1942/12/07
A104431,MARIA,,DYER,3609,Tierra Real,DR,,,ELPASO,TX,79938,P 0 BOX,1957,27096,EL PASO,TX,79926,195-05-5156,19331130
A105324,M.Dyer,,,03609,TIERRA REAL,DR ,,,"EL PASO,TX",,79938,PO BOX,1957,27096,,,79926-,195055156,
A103677,Mary,,favareto,3609 ,TIERRA REAL DR,,,,EL PASO,TX,79938,POBOX,1957, 27096 ,El Paso,TX,79926,195-05-5156,1933-11-30
A101265,Maria,,DYER,3609,TIRRA REAL,DR,,,EL PASO,TX,7993A,P0 BOX,,27096,EL PASO,,79926,195-05-5156,19331130
A103156,M.DYER,,,3609,TIERRA REAL,DR,,,EL PASO,TX,79938,POBOX,1957,27096,El paso,TX,79926,,19331130
A102857,MARIA DYER,,, 3609 ,Tierra-Real,Drive,,,EL PASO,TX,,PO BOX, 1957 ,27096,"El Paso,TX",,79926,195-05-5156,1933/11/30
A104552,CHARLES,,DYER,3609,TIERRA REAL,DR,,,EL PASO,TX,79938,POBX,1957,27096,EL PASO,TX,79926,195-05-6776,1942-12-07
A104277,C Dyer,,,03609,TIERRA REAL,DR,,,ELPA SO,TX,79938,PO BOX,1957,27096,"EL PASO,TX",,79926-,195 05 6776,
A106398,Charles,J.,DYER ,3609,TIERRA R1AL,Drive,,,EL PASO,TX,79938,P0 BOX,1957, 27096 ,,TX,79926,195056776,19421207
A104063,MARIA,,DYER,7022 ,GLENDORA,AV,,,S.ANTONIO,TX,78218,,,,,,,195-05-5156,19331130
A103859,Claudio,,Garca,7022,GLENDORA AVE,,,,SAN ANTON IO,TX,7821B,,,,,,,195-05-5156,1933/11/30
A100598,Maria,,DYER,7022,GLNDORA,AVE,,,SAN ANTONIO,TX,78218-,,,,,,,195055156,
A103915,MARIA DYER,,, 7022 ,GLENDORA,AVE.,,,SANANTONIO,TX,78218,,,,,,,195-05-5156,1933-11-30
A107123,CHARLES,J.,DYER,7022,GLENDORA AVE,,,,SAN ANTONIO,TX,78218,,,,,,,195-05-6776,1942/12/07
A100427,C.Dyer,,, 7022 ,GLNDORA,AVE,,,SAN ANTONIO,TX,78218-,,,,,,,195056776,19421207
A100338,W.,,GRAHAM,7022,GLENDORA,AV,,,"SAN,ANTONIO",TX,7821B,,,,,,,195-05-6776,
A106374,Martha,,ANGUERRA,2115, ALMIRA ,ST,,,jacksonville,FL,32211,,,,,,,066 62 5608,1982-06-13
A106240,MARHTA,,Anguera,2115,ALMIRA,St.,,,JACKSONVILLE,FL,3221,,,,,,,066625608,198206
A100344,M. ,,A N G U E R A, 2 1 1 5 ,almira,,,,"J,ACKSONVILLE",FL,,,,,,,,,
A101104,Martha,,Anguera,708,FIELDSTONE,av,,,PORT ORANGE,FL,32129,,,,,,,066-62-5608,06/13/1982
A101336,M.,,ANGUERA,0708,FIeLDStOne,AVE,,,"Port,Orange",FL,32129-0000,,,,,,,06662 5608,19820613
A102891,MARTHA,,ANGUREA,708,FILDSTONE,Ave.,,,PORT ORAN GE,FL,3212Q,,,,,,,066/62/5608,
A104722,Marta,,Anguero,708,FIELDSTONE,,,,PT ORANGE,FLA,32129,,,,,,,,1982
A102289,MARTHA,,ANGUERA,1O00,CONSTITUTlON,DR.,APT,8,HOMESTEAD,FL,33034,,,,,,,066625608,13-06-82
A101595,CECILIA,E,HERNANDEZ,1000,Constitut1on,Dr,apt,h,Homestead,FL,033034,,,,,,,066-62-560,198206
A106656,M.,,Anguera,1000,CONSTITUTION,DR,APT,,HOMESTEAD,FL,33034,,,,,,,066-62-****,
A101150,Martha,,Anguera,10-00, Consti Tiution,DR,,H,HOMESTEAD,FL,3303,,,,,,,066 62 5608,1982
A105611,Marthah,,ANGUERA,1000,CONSTUTION,DR.,APT,H,HOMESTAD,FL,33034a,,,,,,,066625608,
A101802,Marha,,Angurea,1000,CONSTITUTION,,,H,Home Stead,Fl,,,,,,,,,
A104841,DANNIS,,HERNANDEZ,707, HOLLAND,DR,,,DENI50N,TX,75020,"po,bo",7525, 1864,DENISON,TX,75021,066-64-1444,1973-05-04
A101259,Henry W.,,Watson,707,Holland,DR.,,,DENISON,TX,7502,PO BOX,7525,1864,Denison,TX,75021-0001,066-64-144,19730504
A100685,H.,,WATSON,8707,Hlland,DR,,,Denison,Tx,,POB,7525,,Denison,TX,75021,066-64-****,1973
A105975,henrey,wesly,watson,707,Holland,Drive,,,DENISON,TX,75020,P O BOX,7525,186A,DENISON,TX,7502I,066641444,197305
A104916,jarrod,,Mesnard,707,HOLAND,Dr,,,DENISON,TX,75020,PO Box,7525,1864,DENISON,TX,,,
A100830,H.W.,,Watson,0707,HOLLAND,Dr,,,Denison,TX,75020,P0BOX,,1864,Denison,TX,75021,066 64 1444,1973/05/04
A104017,THOMAS,,HERNANDEZ,11367, CARISSA ,DR,,,dallas,TX,75218,PO Box,4968, 810892,DALLAS,TX,75381,066 64 1444,1973-05-04
A100141,H.,,WATSON,11367,CARISSA,,,,Dallas,TX,75218-1234,POBOX,4968,,Dallas,TX,75381,066-64-144,197305
A102995,Henry Wesley,,Watson,1l367,Carrissa,Drive,,,DALLAS,TX,75218,PO BOX,496B,810892,Dallas,Tx,,,1973
A104575,J POLANCO,,,11367,CARISA,DR,,,Dallas,Texas,75218,P O BOX,,810892,DAL.LAS,TX,75381,066641444,
A101334,THOMAS,,HERNANDEZ,11367,CARISSA,Dr,,,DALAS,TX,75218,PO BOX,4968,810892,Dallas,TX,75381A,,19730504
A105404,Henry,WESLY,WATSON,11367, CARISSA,DR.,,,Dallas,TX,75218,PO BOX,4968,810892,Dallas,TX,7538,066-64-1444,197305
A104894,HENRY,WESLEY,WATSON,4455,SUN BURY,Dr,,,BEAUMONT,TX,77707,PO BOX,70069,761,Beaumont,TX,77704,066-64-1444,05/04/1973
A101209,Henry,W.,Watson,4455,Sunbury,DR,,,Beaum0nt,TX,7770O,PoBox,70069,,BEAUMONT,TX,77704,066641444,19730504
A106650,H.,,Watson,04455,SUNBERRY,DR.,,,BEAUMONT,TX,77707,PO.BOX,,761,Beaumont,tx,77704,066-64-144,1973-05
A106224,Henery,,WATSON,4455,SUNBURY,DR,,,BEAUMONT,TX,77707,P O BOX,70069,761,BEAUMONT,TX,777O4,,1973
A100093,H.W.,,Watson,4455,sunbury,,,,Beaumont,TX,77707,,70069,761,Beaumont,TX,77704,066 64 1444,
A104393,Martha,,Watson,713,ROSSER,St,,,FORREST CITY,AR,72335,P.O. BOX,51247,2647,FORREST CITY,AR,72336,066-62-5608,1982-06-13
A106004,M.,,WATSON,0713,ROSSER,ST,,,Forrest City,AR,72335,POBOX,51247,,"Forrest,City",AR,72336,066-62-56,198206
A103956,Martah,,Watson,713,ROSSER,St.,,,FORREST.CITY,AR,7233,po box,,2647,FORREST CITY,AR,,,
A106973,Martha,E.,WATSO N,713,ROSSER,ST,,,FORRST CITY,AR,72335,PO BOX,51247,2647,FORREST CITY,AR,72336A,066625608,
A104034,HENRY,WESLEY,WATSON,713,ROSSER,ST,,,Forrest City,AR,72335,PO BX,51247,2647,FORREST CITY,AR,72336,066-64-1444,1973/05/04
A107063,Henry,,Watson,713,ROSSER,St,,,"FORREST,CITY",AR,72335-0000,PO BOX,51247,2647,Forrest City,AR,72336,066-64-144,19730504
A104109,H.,,Watson,0713,ROSSER,,,,Forrest City,Ar,,POBOx,,2647,Forrest City,AR,72336,066 64 1444,1973
A100667,Henery,WESLEY,WATSON,713,ROSER,ST,,,Forrest City,AR,72335,PO-BOX,51247,2647,FORRESTCITY,AR,,066641444,
A103588,H.W.,,WATSON,713,ROSSER,St.,,,F0rrest City,AR,72335,PO BOX,51247,2647,FORREST CITY,AR,72336,,197305
A104360,MARTHA,,WATSON,1030,MCHENTRY,ST,,,Malvern,AR,72104,,,,,,,066-62-5608,19820613
A106057,M.,,Watson,1030,MCHENTRY,,,,MALVERN,AR,72104,,,,,,,066625608,1982/06/13
A106033,Martha,,Watsoon,01030,MC HENTRY,St.,,,MALVERN,AR,,,,,,,,,
A101823,Marhta,,WATSON,1030,MCHENTRY,ST,,,Malvern,Ark,72104,,,,,,,,198206
A104858,ALICIA,HALL,REYEs,1030,MCHENTRY,St,,,Malvern,AR,7210A,,,,,,,066-62-560,1982
A100777,HENRY,WESLEY,WATSON,1030,MCHENTRY,ST,,,malvern,ar,72104,,,,,,,066-64-1444,19730504
A104715,H.,,Watson,1030,MC HENTRY,,,,MALVERN,AR,72104,,,,,,,066-64-14,1973/05/04
A105881,Henry,WESLY,Watson,01030,MCHENTRY,St,,,Malvern,AR,72104,,,,,,,066 64 1444,1973-05-04
A107248,HENRY,WESLEY,WATSON,1030,MCHENTRY,ST,,,Malvern,AR,,,,,,,,,197305
A102918,H.W.,,WATSON,1030,MCHENTRY,St.,,,MALRN,AR,72104,,,,,,,066641444,
A100296,MARTHA,WATSON,ANGUERA,25,MANZANITA,AV,,,DALY CITY,CA,94015,PO BOX,21783,2630,DALY CITY,CA,94017,066-62-5608,19820613
A103061,marha watson,,ANGUERA,025,MANZANITA,Ave.,,,DALYCITY,CA,9401E,PO. BOX,21783,,DALY CITY,CA,94017-0020,,
A105123,M.W.,,Aguera,25,MANZANITA,AVE,,,"Daly,City",Ca,94015,P0 BOX,,2630,DALY CITY,CA,94017,066 62 5608,1982/06
A103286,MARTHA,WATSON,ANGUERA,1362,HUGHES,AVE,#,57,FRESNO,CA,93728,PO BOX,5502,5991,FRESNO,CA,93755,066-62-5608,19820613
A101553,M.,,Aguera,1362,HUG HES,Ave.,#,57,Fresno,ca,93728,POBOX,,5991,FRESNO,CA,93755,066625608,198206
A100949,MARTHA W.,,ANGUERA,1362,HUHES,AVE,unit,057,FRESNO,CA,9372,P O BOX,5502,,FRESNO,CA,,,
A106481,henry,w,WATSON,1802,Don Quixote,Circle,,,jacksonville,FL,32250,P O BOX,4285,,JACKSONVILLE,FL,3224Z,066641444,1973-05-04
A106568,HENRY,,WATSON,180 2,DON QUIXO TE,CIR,,,JACKSONVILLE,FL,32250,PO BOX,4285,5314,JACKSONVILLE,,,,19730504
A106156,H.W.,,Watson,1802,Don Quixote,CIR,,,Jax,FL,32250,pobox,,5314,JACKSONVILLE,fl,32247,066-64-1444,
A102418,Henry Wesley,,WATSON,1802,D. Qixote,CR,,,Jacksnville,FL,32250,POB,4285,5314,JACKSONVILLE,FL,32247,066-64-144,1973
A104896,Henry,WESLY,watson,2705,HOUSTN,PL,,,Leesburg,FL,34748,P O Box,42097,230,LeeSburg,fl,34748-,066-64-1444,19730504
A100742,H.,,WATSON,2705,Houston Pl,,,,Leesburg,FL,3474B,POB.,42097,230,,FL,34748,,19730504
A103152,Henrey,,Watso n,2705,HOUSTON,PL,,,Leesburg,FL,34748,,42097,,Leesb.urg,FL,34748,066641444,
A100448,Henry W.,,WATSON,2705,Houston,Pl,,,leesburg,FL,34748,PO BOX,42097,23O,Leesburg,FL,34748,066-44-6414,1973-05-04
A104578,MARTHA,,SAL gado,1311,Francis,St.,,,Fort Worth,TX,76164,,,,,,,091619405,19710627
A103070,Martha,,SALGADO,311,Francs,STREET,,,"FORT,WORTH",TX,7616,,,,,,,,
A107148,M. Salgado,,SALGADO,1311,Francis,ST,,,Ft Worth,TX,76164,,,,,,,091-61-9405,1971-06-27
A104439,MAR THA,,SALGADO,5934,Latiner,DR,,,Huston,TX,77035,PO BOX,4857,280034,HOUSTON,TX,77228,,
A100775,Marta,,Salgado,5934,LATTINER,Drive,,,Houston,TX,77035-,P0 BOX,4857,280034,houston,TX,77228,091-61-9405,1971-06-27
A103814,M. S.,,SALGADO,5934,Lattner,DR,,,HOUSTON,TX,77035,POBX,,280034,HOUSTON,TX,77228,091619405,
A102898,Martha,,SALGADO,413,Beverly,DR,,,Richardson,Tx,75080,PO BOX,5178,835335,Richardson,TX,75083,,19710627
A102410,m.salgado,,SALGADO,413,beverley,DR,,,RICHARDSON,TX,75080,PBOx,5178,835335,RICHARDSON,TX,75083 ,091-61-9405,1971-6-27
A101510,Martha,,SAL GADO,431,BEVERLY,DR.,,,richardson,TX,75080,POBX,,835335,richardson,TX,75083,091619405,
A100561,Martah,,Salgado,413,BEVERLY,DR,,,"Richardson,",TX,75800,PO BOX,5178,83533S,Richardson,TX,75083,091-61-9405,19710627
A100255,GEORGIA,THOMAS,GUNDERSON,413,Brverly,DRV,,,Richrdson,TX,75080,PO Box,5178,835335,Richardson,,75083,,1971
A100867,Richard,,ANGUERA,6031,Glenwood Dr,,,,Huntington Beach,CA,92647,,,,,,,091-63-4155,19670820
A100094,RICHRD,,ANGUERA,6031,GLENWOOD,DR,,,HUNTNGTON BEACH,CA,9264z,,,,,,,091634155,1967-08-20
A104248,R.,,Anguera,0631,Glenwd,DR,,,H.Beach,CA,92647,,,,,,,,
A101581,Richard,,ANGUERA,6031,Glenwood,DRIVE,,,HUNTINGTON BEACH,CA,92647,,,,,,,,1967
A103947,Richd,,ANGUERA,603 1,GLENWOOD,Dr,,,HTN BEACH,CA,92647,,,,,,92647,091-63-4155,19670820
A102774,R. Anguera,,ANGUERA,6031,GLENWOOD,Dr.,,,Huntington Bch,CA,92647,,,,,,,09163 4155,19670820
A104801,RICHARD,,ANGUERA,690,LOS ANGELES,AVE,APT,296,SIMI VALLEY,CA,93065,P.O.BOX,662,1375,Simi Valley,CA,93062,091-63-4155,19670820
A101370,R. Anguera,,ANGUERA,690,LA,Ave.,,296,"SIMI,VALLEY",CA,93065,POBOX,0662,1375,Simi Valley,,93062,,1967-08-20
A106510,Richard,,ANG UERA,690,LOS ANGELES,AV,,296,SimiValley,CA,93065,POB,662,,Simi Valley,CA,9306S,091-63-4155,
A100002,Richrd,,Aguera,690 ,LOSANGELES,AVE.,#,296,"Simi Valley,",CA,93065,PO BOX,662,1375,Simi Valley,CA,,091634155,19670820
A102585,KENNETH,,TOHMAS,690,LOS ANGELES,AVE,,,Simi Valley,CA,93065,PO BOX,,,,CA,93062,091-63-4155,1967
A102570,R. A.,,ANGUERA,690,LOS ANGELES,AVE,#,296,SIMI VALLEY,CA,93065,POB,662,1375,,CA,93062,,
A104223,Richard,,ANGUERA,229,Via De Amo,,,,Fallbrook,CA,92028,PO BOX,43938,1852,Fallbrook,CA,92088,091-63-4155,19670820
A101830,r. anguera,,ANGUERA,229,via D amo,,,,"FALL,BROOK",CA,92028,P0 BOX,43938,1852,FALLBROOK,CA,92088,,19670820
A100822,R.,,Anguera,229,Via De Amo,,,,Fallbrook,CA,9202B,PO BX,43938,,Fallbrook,CA,92088,091-63-4155,
A100010,Richd,,anguera,2291,VIA DE AMO,,,,fallbrook,CA,92028,PO BOX,43938,1852,FALLBROOK,CA,,091634155,1967-08-20
A103285,RICHARD,,ANGUERA,229,VIA D AMO,,,,FALLBROOK,CA,92028,POBX,,1852,,CA,92088,,
A106521,Richard A.,,ANGUERA,229,Via De Amo,,,,FALLBROOK,CA,92028,PO BOX,43938,1852 ,FALLBROOK,CA,92088,091-63-4155,1967
A104454,MARTHA,,ANGUERA,2249,HENEY,LN,,,VALLEY SPRINGS,CA,95252,PO BX,41886,53,Valley Springs,CA,9525 2,091619405,19710627
A107005,BEVERLY,,LOPEZ,2249,Heney,,,,VALLEY SPRINGS,CA,95252,,41886,53,,,,,
A103054,Martha,,ANGUE RA,2249,HENEY,LN.,,,Valley springs,CA,95252,PO BOX,41886,53,VALLEY SPRINGS,CA,95252,091-61-9405,1971-06-27
A105697,Marhta,,Anguera,2249,HENY,LN,,,Valleysprings,CA,95252,POB,41886 ,53,VALLEY SPRINGS,ca,95252,,1971
A101760,M.,,Anguera,2249,Heney Ln,,,,VALLEY SPRINGS,CA,9525Z,PO BOX,,,VALLEY SPRINGS,CA,95252,091-61-9405,19710627
A101815,MARTHA,,ANGUERA,2249,HENEY,LN,,,VALLEY SPRINGS,Calif.,95252,PO BOX,41886,53,VALLEY SPRINGS,CA,95252,091-61-9405,1971
A106813,RICHARD,,ANGUERA,2249,HENEY,LN,,,VALLEY SPRINGS,CA,95252,PO BOX,41886,53,VALLEY SPRINGS,CA,95252,091-63-4155,19670820
A106873,Angel,A.,Christopherson,2249,Heney,Ln.,,,Valley Springs,CA,95252,POBX,41886,53,VALLEY SPRINGS,CA,95252,091-63-4155,1967-08-20
A102571,R.,,Anguera,2249,Heney,,,,ValleySprings,CA,9525Z,,,,valley springs,,95252,,19670820
A101004,Richrd,,ANGUERA,224 9,HENEY,LN,,,VALLLEY SPRINGS,CA,95252,PO BOX,41886,53,VALLEY SPRINGS,,9525 2,091634155,
A102479,R. Anguera,,ANGUERA,2249,HENY,LN.,,,VALLEYSPRINGS,CA,95252,PBX,,53,,CA,95252,,1967
A100347,Richard,,ANGUERA,2249,HENEY,LN,,,VALLEY SPRINGS,CA,95252,PO BOX,41886,53,VALLEY SPRINGS,CA,95252,,
A100363,Martha,,ANGUERA,400,Maple,St.,,,GALT,CA,95632,,,,,,,091-61-9405,1971-06-27
A104612,Laura,,TAYL0R,4000,MAPLE,ST,,,GALT CAL,CA,95632,,,,,,,091619405,19710627
A106464,M. Anguera,,ANGUERA,400,Maple Street,,,,galt,CA,9563Z,,,,,,,,
A104118,JAMES,W,MARTIN,400,Mable,ST,,,GALT,CA,95632,,,,,,95632 ,,1971
A103348,M. A.,,ANGUERA,400,Maple,ST,,,GALT,CA,95632,,,,GALT,CA,95632,,
A104515,Richard,,ANGUERA,400,maple,ST,,,Galt,CA,95632,,,,,,,091-63-4155,19670820
A102876,James,J,BULTER,400,MAPLE,St.,,,"GALT,CA",CA,95632,,,,GALT,CA,95632,,1967-08-20
A105984,R Anguera,,ANGUERA,400,Maple,,,,GALT,CA,95632,,,,,,,091634155,
A105949,Richd,,Anguera,4000,Mapel,ST,,,GALT,CA,95632,,,,,,,,1967
A104706,Mary,,camacho ,4210,Ironrock,Ave.,,,Bakersfield,CA,93313,P O BOX,1932,60103,BAKERSFIELD,CA,93386,115775777,1960-08-01
A101947,M CAMACHO,,,4210 ,IRONROCK,AV,,,bakersfield,CA,9331,POB0X, 1932,60103,BakersField,ca,93386,115-77-5777,08/01/1960
A100362,mari,,camcho,4120,IRON ROCK,,,,Bakersfield,CA,93313,,,,,,,,196008
A102769,Elgia,,GOMEZ,9089,OLD CHEMONIE,Rd,,,TALLAHASSEE,fl,32309,PO box,4311,4045,Tallhassee,fl,32315,115801619,1968-09-27
A100948,ELGIA ,,gomEz,9890,Old Chemonie,,,,Tallhassee,FL,32309-,P.O. BOX,4311 ,4045,TALLAHASSEE,FL,32315,115-08-1619,1968/09/27
A101453,E. GOMEZ,,,9089,OLD CHENONIE RD,,,,"TALLA,HASSEE",FL,32309,,,,,,,,196809
A106094,Elgina,,GOMES,9098,OLD CHEMONIE,ROAD,,,Tallahassee ,FL,32309,,,,,,,115-80-1619,
A100664,Elgia,,Gomez,9089,OLD-CHEMONIE,RD,,,tallahassee,FL,32309,p o box,4311,,Tallahassee,FL,32315,115-80-1619,1968
A105383,MARY,,Gomez,54,RIVIERE LN,,,,Palm Coast,FL,32164,,,,,,,115775777,19600801
A100671,Mary,,GOMAZ,54,RIVIERE,LN,,,PALM COAST,FL,3216,,,,,,,115-77-5777,
A101003,M. Gomez,,,054,RIVERE LN,,,,"palm,coast",FL,32164A,,,,,,,115775777,19600801
A104774,mary,,gomz,,riviere,Lane,,,Palmcoast,FL,32164,,,,,,,,01/08/1960
A107061,MAREY,,GOMEZ,45,RIVIER,LN,,,PALM COAST,FL,32164,,,,,,,115-77-5777,1960
A103764,MARY,,GOMMEZ,54,RIVIERE,LN,,,PALM COAST,FL,32164,,,,,,,,1960
A105726,Elgia,,GOMEZ,54,RIVIERE LN,,,,"Palm,Coast",fl,32164,,,,,,,115801619,19680927
A103615,EL. GOMEZ,,,054,RIVIERE,LN,,,palm coast,FL,3216,,,,,,,115-80-1619,1968
A106055,Elgia,,Gomaz,54,Rivire,LAne,,,Palm Coast,FL,32164,,,,,,,,09/27/1968
A103296,Mary,,GOMEZ,7789,KENWAY,pl,,,Boca Raton ,fl,33433,P.O.BOX,25385,880235,BOCA RATON,FL,33488,115775777,19600801
A103907,MARY. GOMEZ,,,7789,KENWAY,Pl.,,,"boca,rton",FL,3343,po box,25385,,,,,115-77-5777,01/08/1960
A101736,M GOMEZ,,,7789,KENWAY PL,,,,Boca Raton,FL,33433,,,,,,,115-77-5777,19600801
A100480,Mary,,Goemez ,77898,Kenaway,Pl,,,boca raton,FL,33433,PO BOX,,,BOCA RATON,FL,33488,,196008
A104812,Marey,,Gomez,7789,KENWAY,,,,BOCA RATON,FL,33433,,25385,880235,BOCA RATON,FL,3348,115775777,
A102454,Elgia,,gomez,7789,KENWAY PL,,,,BOCA RATON,fl,33433,POBX,25385,880235,Boca Raton,FL,33488,115801619,1968-09-27
A100005,Brian,,LUPSA,07789,KENAWY,PL,,,Boc aRaton,FL,33433,,25385,880235,,,,115-80-1619,09/27/1968
A103499,elgia,,GomeZ,7789,KENWAY,PL,,,BOCA RATON,FL,33433,,,,,,,115-80-1619,196809
A105872,Elgia,,Gomez,7889,KENWAY,PL,,,BOCA RATON,FL,33433A,PO BOX,25385,880235,BOCA RATON,FL,33488,,1968
A102381,Elgya,,Gomez,7789,KENAWY,PL,,,BOCA RATON,FL,33433,P O BOX ,,,,,,,
A105094,E Gomez,,,7789,KENWAY PL,,,,boca raton,FL,33433,,,,,,,115-80-1619,19680927
A103437,Mary,,favareto,13245,SARATOGA LN,,,,BALCH SPRINGS,TX,75180,,,,,,,185135798,19560826
A105455,MARY,,Favaretto,13245,SARATOGA, Lane,,,"Balch,Springs",TX,7518,,,,,,,185-13-5798,26/08/1956
A102704,M. FAVARETO,,,13254,SARATOGA,LN,,,BalchSprings,TX,75180,,,,,,,,1956
A101716,mary,,favraeto,13245,SARATOOGA,LN,,,BALCH SPRINGS,TX,75180A,,,,,,,185-13-5798,
A100368,MARY FAVARETO,,,3245,SARATOGA,LN,,,,TX,75180,,,,,,,,19560826
A104472,F. A.,,Evans,902,HALLUM ST,,,,RIVER OAKS,TX,76114,po box,54736,10632,River Oaks,TX,76114,185135798,1956-08-26
A104268,M FAVARETO,,,909,Hallum,St.,,,RIVER OAKS,Tx,76114,PO BOX,54736,,RIVER OAKS,TX,76114,185-13-5798,
A105381,MARY,,FAVARETO,902,HALLUM,ST,,,river oaks,TX,76114,P O BOX,54736,10632,"RIVER,OAKS",TX,76114,185-13-5798,19560826
A100520,Jorge,,Gomez,9545,TROPICAL PARK PL,,,,boca raton,FL,33428A,,,,,,,185145101,19520224
A103701,JORGE.,,GOMEZ,9455,Tropical Park,,,,BOCA RATON,FL,33428,,,,,,,185-14-5101,24/02/1952
A104132,ROBERT,,PREZ,9545,TROPICALPK,,,,Boca Raton,FL,33428,,,,,,,,1952
A106251,Jorge,,Gomes,9545,TROPICAL PARK,PL,,,"BOCA,RATON",FL,33428,,,,,,,185-14-5101,
A100263,Mary,,GOMEZ,11660,DUNES WAY DR,,,,JACKSONVILLE,FL,32225,POBOX,4285,5314,jacksonville,fl,32247,185-13-5798,19560826
A103185,M. Gomez,,,11606,DUNESWAY,DR,,,"JACK,SONVILLE",FL,32225,,,,,,,,26/08/1956
A102913,Mary,,Gomez,11660,Dunes,Dr,,,JACKSONVILLE,FL,3222,,4285,,Jacksonville,FL,,185135798,1956
A107135,MARY,,GOMEZ,1660,DUNESWAY,DR,,,Jackson Ville,FL,32225,P O BOX,,5314,JACKSONVILLE,FL,32247A,185-13-5798,
A101529,mary gomez,,,11660,DUNESWY,DR,,,JACKSONVILLE,FL,32225,,4285,5314,,,,,195608
A100918,MARY,,GOMES,11660,DUNES WAY,DR,,,jacksonville,FL,32225,PO BOX,4285,5314,JACKSONVILLE,FL,32247,185-13-5798,08/26/1956
A101448,JORGE,,GOMEZ,11660,DUNES WAY,DR,,,JACKSONVILLE,FL,32225,P.O.BOX,4285,5314,JACKSONVILLE,FL,32247,185-14-5101,1952-02-24
A102703,J GOMEZ,,,11660,DUNESAY,DR,,,jacksonville ,fl,3222,,4285,5314,,,,185145101,1952
A104873,Jorge,,gomez,11660,DUNES WAY,,,,JACKSONVILLE,FL,32225,,,,,,,,24/02/1952
A103323,mary,,gomez,630,49TH AVE,,,,"coral,gables",fl,33134,,,,,,,185135798,19560826
A104328,MARY,,GOMEZ,630,49th,Ave,,,CORAL GABLES,FL,3313,,,,,,,185-13-5798,26/08/1956
A107186,m. Gomez,,,0630,49TH,AVE,,,CORAL GABLES,FL,33134,,,,,,,,
A105463,jorge,,gomez,630,49th,ave.,,,coral  gables,fl,33134,,,,,,,185-14-5101,1952-02-24
A101902,Jorge,,GOMAZ,630,49 TH,AV,,,CORALE GABELS,FL,3313,,,,,,,185145101,19520224
A102442,J.GOMEZ,,,630,49th Ave,,,,Coral Gables,FL,33143,,,,,,,,1952
A101821,JORJ,,GOMEZ,0630,49TH,AVE,,,coralgables,Fl,33134,,,,,,,185-14-5101,
A102172,Mary,,GOMES,1411,BRAMBLING,CT,,,bradenton,fl,34212-0000,,,,,,,185-13-5798,19560826
A101354,mry,,GOMEZ,1411A,BRAMBLING CT.,,,,"Bradenton,",FL,34221,,,,,,,185135798,1956-08-26
A105241,M.,,GOMEZ,1411,BRAMBLIN,CT,,,BRADENTON,FL,34212,,,,,,,,195608
A104982,MARY,,Gomez,1411,BRAMBLING,Ct,,,BRADENTN,FL,34212,,,,,,,185-13-5798,
A103221,MARY LEE,,GOMEZ,  1411 ,BRAMBLING,CT,,,Bradenton,FL,34212,,,,,,,185-13-579,19560826
A102297,JORGE,,GOMEZ,1411,Brmabling,CT.,,,Bradenton,Florida,34212,,,,,,,185-14-5101,1952-02-24
A103194,jorge,,gomez,1411,BRAMBLING CT,,,,bradenton,fl,34212,,,,,,,185145101,1952
A104847,J.,,GOMEZ,1411,Brambling,CT,APT,12A,Bradenton,FL,34212-,,,,,,,,19520224
A105763,JORJE,,GOMES,1141,BRAMBILING,CT,,,Bradenton,FL,34221,,,,,,,185-14-5101,
A106725,Beverly,,Lugon3S,19303,PEACH VALLLEY CIR,,,,Houston,TX,77084,POBOX,4857,280034,Houston,TX,77228,020505077,1905/04/16
A100369,bev,,LUGONES,19303,Peach Valley,Cir.,,,houston,Tx,77084,P O BOX,4857,280034,Houston,TX,7228A,020-50-5077,190504
A101963,B.LUGONES,,,19303,PEACHVALLEY CIR,,,,HOUSTON,TX,77084,PO BOX,,280034,HOUSTON,TX,,,1905
A106101,BEVERLEY,,LUGONES,19330,PEACHVLLEY,CIR,,,houston,tx,77084,PO BOX,4857,,Houston,TX,77228,020-50-507,19050416
A100473,BEVERLEY,,LUGONES,8464,CR 4076,,,,SCURRY,TX,75158,,,,,,,020-5O-5077,1905-04-16
A102649,earl,,Pimienta,8464,4076 CR,,,,Scurry,Tx,75158-,,,,,,,,19050416
A106475,Bev,,LUGONES,8464,CR 4076,,,,S C U R R Y,TX,7515B,,,,,,,020-50-5077,
A107079,BEVERLY,,LUGONES,84664,CR 4076,,,,SCURRY,TX,75158,,,,,,,020-50-0577,19050416
A100332, BEVERLY,,LUGONES ,8464,CR 4076 ,,,,scurry,TX,75158,,,,,,,020505077,19050416
A104123,BEVERLY,,LUGONE5,6835,KEITH RD,,TRLR,30,LUMBERT0N,TX,77657,,,,,,,020-50-5077,19050416
A106532,Bev,,LUGONES,6853,Keith,Rd.,TRAILER,30,Lumberton,Tx,77567,,,,,,,020-50-507,1905/04/16
A105070,B.,,LUGONES,6835,KEITH,RD,,,LUMBERTON,TX,77657,,,,,,,,190504
A105988,BEVERLEY,,LUGONES,6835,KE1TH,RD,TRL,30,lumberton,TX,77657,,,,,,,020-5O-5077,
A104162,BEVERLY,,LUGONES,06835,KEITH RD,,,,LUMBERTON,TX,77657,,,,,,,020505077,19050416
A105931,Michael,,Lopez,4950,SanAnselmo,Rd,,,ATASCADERO,ca,93422,,,,,,,020-50-6488,1907/02/17
A104966,M.,,LOPEZ,49500,SAN ANSELMO,Road,,,ATASCADERO,CA,9342,,,,,,,,19070217
A100355,michal,,lopez,4950,san anselmo,rd.,,,atascadero,CA,93422,,,,,,,020-50-6488,
A102906,MICHEL,,LOPEZ,4950,SAN ANSELMO,RD,,,Atascadero,CA,93422-0000,,,,,,,020506488,1907-02-17
A102162,Mike,,LOPEZ,4950,SAN ANSELMO RD,,,,ATASCADERO,CA,93422,,,,,,,020-50-648,190702
A106335,Michael,,Lopez,13217,Alderwood St,,,,La Mirada,ca,90638,PO BOX,68798,1351,"LA, MIRADA",CA,90637,020-50-6488,1907-02-17
A106221,m.lopez,,,13217,ALDERWOOD,ST,,,LA MIRADA,CA,9063A,PO BOX,,1351,LA MIRADA,CA,90637,020-50-6488,19070217
A105963,Mike,,LOPEZ,13217,ALDERWOOD,ST,,,LA MIRADA,CA,90638,P O Box,68798,,LA MIRADA,CA,90637-0000,,
A101936,michael,,lopez,5733,halleck dr,,,,San Jose,CA,95123,POBOX,1820,640083,SanJose,CA,95164,020-50-6488,1907/02/17
A106502,Mike,,LOPEZ,0733,HALLECK,DR.,,,"SAN, JOSE",CA,95123,P O BOX,1820,,SAN JOSE,CA,9516A,,19070217
A104421,MICHEL,,LOPEZ,5733,HALLLECK,DR,,,SAN JOSE,CA,95123,PO BOX,1820,640083,SAN JOSE,CA,95164,020-506488,
A104330,BEVERLEY,,LOPEZ,913,CENTENIAL,,,,SHERMAN,TX,75090,PO BOX,14215,1595,Sherman,TX,75091,020-50-5077,1905/04/16
A104861,B.,,LOPEZ,0913,CENTENNIAL,,,,SHERMAN,TX,75090,"po,bo",,1595,SHERMAN,tx,75091,020505077,19050416
A106372,BEV,,LOPEZ,913,CENTENNIAL,,,,SHERMN,TX,75090,POBOX,14215,,SHERMAN,TX,75091,,190504
A106983,Beverly,,Lopez,913,CENTENNIAL,,,,Sherman,TX,75091,PO BOX,14215,1595,Sherman,TX,,020-5O-5077,
A103681,B.Lopez,,,913,CENTENNIAL,,,,SHERMAN,TX,75090,PO BOX,14215,1595,SHERMAN,TX,75091,,1905
A102481,BEVERLY,,LOPEZ,913,CENTENNIAL,,,,SHERMAN,TX,75090,P O BOX,14215,1595,SHERMAN,TX,75091,020-50-507,19050416
A104442,Micheal,,Lopez,913,Centennial,,,,Sherman,Tx,75090,POBOX,14215,1595,Sherman,TX,75091,020-50-6488,1907-02-17
A103624,M.,,LOPEZ,913,CENTENNIAL,,,,SHERMAN,TX,75090,P O BOX,14215,1595,SHERMAN,TX,75091,,190702
A101567,MICHAEL,,LOPEZ,9130,CENTENNIAL,,,,"SHERMAN,",TX,75091,PO BOX,14215,,SHERMAN,TX,75091,020-506488,
A104531,MikE,,LOPEZ,913,CENTENIAL,,,,SHERMAN,TX,7509A,PO BOX,14215,1595,SHERMAN,TX,75091,020-50-6488,19070217
A100719,Mike,,LOPEZ,0913,CENTENNIAL,,,,SHERMAN,TX,75090,POBOX,14215,1595,SHERMAN,TX,,020-50-648,1907/02/17
A102824,M.LOPEZ,,,913,CENTENNIAL,,,,SHERMAN,TX,75090,PO BOX,,1595,SHERMAN,TX,75091,,1907
A103577,BEVERLY,,LOPES,692,CR8341,,,,nacodoches,TX,75964,,,,,,,020-50-5077,19050416
A106975,Bev,,LOPEZ,692.,CR 8341,,,,NACOGDOCHES,Tx,7596A,,,,,,,020-50-5077,
A102717,B.LOPEZ,,,0692,CR 8341,,,,NACOGDOCHES,TX,75964,,,,,,,,190504
A100245,BEVERLEY,,LOPEZ,692,CR 8413,,,,NACOGDOCHES,TX,75964,,,,,,,020-5O-5077,1905
A104690,michael,,Lopez,692,cr 8341,,,,nacogdoches,TX,75964,,,,,,,020506488,17/02/1907
A104105,M.L.,,LOPEZ,692,CR8341,,,,Nacogdoches ,Tx,75964,,,,,,,020-50-6488,
A101071,WILLIAM,,CARREON,962,CR-8341,,,,nacogdochess,TX,7596,,,,,,,,1907-02-17
A102667,Mike,,lopez,692,Cr8341,,,,NACODOCHES,TX,75964A,,,,,,,02050648,
A100466,BEVERLEY,,Lopez,4045,Rothwell,St,,,Beaumont,TX,77705,,,,,,,020-50-5077,16/04/1905
A104498,Beverly,,LOPEZ,4045,rothwel,st.,,,beaumont,TX,77075,,,,,,,020505077,
A103608,JOSE,,VALLE,4045,ROTHWELL,,,,Beaumant,Tx,7705,,,,,,,,19050416
A107083,beverly ,,Lopez.,404 5,rahtwell,street,,,Beaumont,tx,77075A,,,,,,,020-50-507,
A101915,beverli,,lope z,4045,rothwell,,,,BEAUMONT,TX,77705,,,,,,,,4/16/1905
A105521,Beverly,,Lopez,4045,R0THWELL,ST,,,Beaumont ,TX,777O5,,,,,,,020-50-5077,
A104044,MICHAEL,,LOPEZ,4045,ROTHWELL,St,,,Beaum0nt,TX,77705,,,,,,,020-506488,
A102088,Michael,,Lopez,4045,rohtwell,ST,,,beaumont,Tx,7775,,,,,,,,1907-02-17
A102458,Debra,,Wiliams,0445,Rothwell,,,,Beaumont,TX,777O5,,,,,,,020-50-6488,
A104707,Michel,,LOPEZ.,4045,ROTHWELL ,ST,,,Beaumant ,TX,77705,,,,,,,,02/17/1907
A103566,Jackie,v.,NAECKER,921,50th,St,,,hialeah,fl,33012,,,,,,,003822616,08-10-1908
A103428,Joyce,,Artis,129,50TH,,,,HiaLeah,FL,3301,,,,,,,,19081008
A102227,J.V. Naecker,,,921,50 th,st.,,,Hialeah,FL,33012A,,,,,,,003-82-2616,
A102022,JACUELINE,V,NAECKER,921,50TH,ST,,,HIALEAH,FL,33012,,,,,,,,
A104020,JACQUELINE,V.,NAECKER,921,50TH,Street,,,"HIA,LEAH",FL,33012,,,,,,,003-82-2616,1908
A105713,JACQUELINE,V,NAEKER,15406,Vanessa,Ln,,,Brooksville,FL,34604,,,,,,,003-82-2616,08/10/1908
A102339,jacqeline,,Naecker,15406,vannessa,LN,,,BROOKSVILLE,FL,346O4,,,,,,,,
A100118,AMY LYTTLE,,LITTLE,15406,Vanessa,,,,Brooksville,,,,,,,,,,19081008
A100880,MICHAEL,,LOPES,107,MARGEAUX,DR,,,maumelle,AR,72113,P O BOX,14318,13544,MAUMELLE,AR,72113,003830261,12/8/1909
A104581,michael,,LOPEZ,107,margeaux dr.,,,,Maumelie,ar,72113,po box,14318,,maumelle,ar,72113,,19091208
A105230,M.L.,,Lopez,170,margeau,DR,,,"Maumelle,",AR,7213,P0 B0X,14318,13544,MAUMELLE,AR,72113,,
A106719,Michael,,Lopez,107,MARGEUX,DR,,,Maumelle,AR ,72113,PO BOX,,,,,,003-83-0261,
A102397,Micheal,,Lopez,107,MARGEAUX,DR.,,,MAUMELLE,ar,721I3,PO BOX,14318,,MAUMELLE,AR,7211,,19091208
A106001,Michael,,Lopez,107,Marguax,,,,Maumelle,AR,7213A,POBOX,14318,13544,Maumelle,Ar,72113,,
A100792,MLOPEZ,,,337,KIRSCHWOOD DR,,,,"HOT,SPRINGS,NATIONAL,PARK",AR,71913,PO BOX,56749,1921,HOTSPRINGS,AR,71902,003-83-0261,
A106249,Michael,,Lopez,337,Kirschwod,DR,,,Hot Springs National Park,AR,71913,P.O. Box,56749,1921,Hot Springs National Park,AR,71902,,12/8/1909
A101620,M. Lopez,,,337,KIRSCHWOOD,DR,,,HOT SPRINGS NP,ar,71913A,POBOX,56749,,HOT SPRINGS,AR,71902,,
A104910,MICHAEL,,Lopez,405,Loop,Rd,,,Sherwood,AR,72120,P O BOX,4701,6658,Sherwood,AR,72124,003-83-0261,
A100190,Michael,,lopez,405,LOOP,,,,Sherwood,Ar,7212O,POBOX,4701,,Sherwood,AR,72124,,19091208
A105049,mike,,LOPEZ,450,loop,RD.,,,SHERWOOD,ar,72120,po bx,4701,6658,sherwood,AR,72124,,
A105698,M.L.,,Lopez,405,LOOP,RD,,,Sherwood,,,PO BOX,,,,,,003830261,
A106763,Michael,,Lopes,405,Loop,,,,Sherw0od,AR,72124,POBOX,,,,,,,12-08-1909
A106440,micheal,,lopez.,405,loop,RD,,,Sherwood,AR,71120,PO BOX,4701,6658,Sherwood,ar,72124A,,
A100748,JACQUELINE,V,Lopez,8803,Songfest,,,,Pico Rivera,CA,90660,,,,,,,003-82-2616,08/10/1908
A102288,jacqueline ,,lopez,8803,SONGFEST,DR,,,PICO RIVERA,CA,96060,,,,,,,,
A105161,J. Lopez,,,8803,Songfest,Drive,,,"Pico,Rivera",CA,90660A,,,,,,,003822616,
A102974,MICHAEL,,Lopez,8803,SONGFEST,DR,,,Pico Rivera,CA,90660,,,,,,,003-83-0261,
A105030,James,J,BULTER,8803,Songfest Dr.,,,,PIC0 RIVERA,CA,9066O,,,,,,,,12-08-1909
A102927,michael,,lopez,8830,songfest,DR,,,"PICO,RIVERA",CA,90660A,,,,,,,003830261,
A104211,Michel,,Lopes,8803,SONGFST,,,,Pico Riviera,CA,90660,,,,,,,,19091208
A103842,Michael,,LOPEZ.,8803,Songfest,,,,Pico Rivera ,ca,90660,,,,,,,,
A106736,M.L.,,lopez,8803,songfest,,,,pico rivera,CA,96060,,,,,,,,
A105144,JCQUELINE,V,LOPEZ,0745,Cross,St,,,Woodland,CA,95695,PO BOX,10067,8513,Woodland,CA,95776,003-82-2616,
A104677,ANGELA,HERNANDEZ,BEAR,745,CROSS,ST.,,,WOODLAND,CA,95695,POBOX,10067,,WOODLAND,CA,95776A,,19081008
A104568,J. Lopez,,,745,Cross street,,,,"Woodland,",Ca,95695,P0 B0X,10067,8513,WO0DLAND,CA,95776,,
A103664,MICHAEL,,LOPEZ,745,CROSS,St,,,Woodland,CA,95695,POBOX,10067,8513,Woodland,CA,95776,003-83-0261,12/8/1909
A102492,B.,,GARCIA,745,CROS,ST.,,,WOODLAND,CA,95695O,PO BOX,10067,,WOODLAND,CA,95776A,,
A102535,M.L.,,Lopez,745,CROSS st,,,,WOODLAND,,,P0 B0X,10067,8513,,,,003830261,
A103386,MICHAEL,,LOPES,745,cross,ST,,,woodland,CA,95695,PO BX,,,,,,,19091208
A101263,DAVE,,MARTINEZ,745,cross st.,,,,Woodland,CA,95695,,10067,,Woodland,ca,,,
A101702,patricia,A.,duque,1933,Fork,road,,,Fort Worth,TX,76179,,,,,,,053044406,1989-01-10
A106935,PATRICIA,Andrew,D U Q U E,1933,frk,RD,,,FORTWORTH,TX,7617,,,,,,,053-04-406,
A105505,PAT,A,Duke,1933,FOR K,Rd.,,,Fort.Worth,TX,76179,,,,,,,,1/10/1989
A103246,patricia,,Duque,1933,fork,,,,Ft Worth,Tx,76179-,,,,,,,053-04-4406,
A103529,P.A.,,Duqeu,193 3,Frk,Rd,,,Fortworth,TX,76179,,,,,,,053044406,1989
A106415,Patr1cia,Andy,Duoue,,Fork,Rd,,,F0RT W0RTH,TX,76179a,,,,,,,,
A104495,patricia,A.,duque,1019,Jan Lee,Drive,,,Burkburnett,TX,76354,,,,,,,053-04-4406,19890110
A102476,P DUQUE,,PATRICIA,1019,JANLEE,DR,,,BURK BURNETT,TX,7635,,,,,,,,89/01/10
A100085,Patty,,Duqe,1019-,JAn lee,dr,,,burkburnett,tx,76354,,,,,,,053044406,
A105516,pAtriCia,A.,Duque,1019,JNL,DR.,,,BurkBur Nett,TX,76354,,,,,,,,
A100273,PATRICIA,ANDREW,DUQUE,,JAN LEE,,,,BURKBURNETT,TX,,,,,,,,053-04-4406,1989-01-10
A105967,p.duque,,,1019,JAN LEE,DR,,,BURKBURNETT,TX,76354,,,,,,,053-04-4406,
A104753,Evangeline,PAUL,perez,4319,Birch,Dr.,,,Mesquite,TX,75150,PO Box,14233,852182,Mesquite,TX,75185,053-05-3418,19840729
A100786,M. FIGUEROA,,,4319,BIRCH,DR,,,MES QUITE,TX,7515O,P O BOX,014233,,"MESQ.,TX",,7518 5,,07/29/1984
A100041,MICHEAL,,FIGUERROA,4319,bircg,dr,,,MESQUITE,TX,75150,,14233,852182,MESQUITE,TX,75185,053053418,198407
A103206,Mike,,Fig.,04319,Birch,Dr,,,Mesqu1te,TX,75150,"po,bo",,852182,MESQUITE,TX,,,
A103490,MICHAEL,,FIGUEROA,4319,BIRCH,,,,MESQUITE,TX,75015,PO BOX,14233,,MESQUITE,TX,75185a,053-05-3418,
A100535,MICHAEL,,FIGUEROA,4319,BIRCH,DR,,,MESQUITE,TX,7515,,14233,,MESQUITE,TX,75185,053-05-3418,1984
A104902,Michael,,Figueroa,6427,Lisa May,Ln,,,"Early,",TX,76802,PO BOX,93096,3203,Early,TX,76802,053053418,1984-07-29
A101751,M. Figueroa,,,6427,lisa-may,LN,,,EARLY,TX,,P0 B0X,,03203,EARLY,TX,76802,053-05-341,19840729
A104622,MICHEL,,FIGUEROA,,LISA  MAY,,,,EARLY,TX,7680,POBX,93096,,EARLY,TX,,,
A102194,Mike,,FGUEROA,6427,LisaMay,RALN,,,ERLY,TX,76802,,,,,,,,07-29-1984
A107215,MICHAEL,,FIGUEROA,6427,LISA MAY,LN,,,EARLY,TX,76802,PO BOX,93096,3203,EARLY,TX,76802,053-05-3418,19840729
A104136,Patricia,Andrew,Figueroa,730,Cobblehill,Wy,,,Galt ,CA,95632,,,,,,,053044406,1989-01-10
A106024,P.,A.,FIGUERAO,730,COBBLE HILL,,,,GALT,CA,95632a,,,,,,,053-04-4406,
A106635,Patty,,Figueora,730,COBBLEHILL,Way,,,"GALT,CA",,,,,,,,,,198901
A101392,MICHAEL,,FIGUEROA,730,COBBLE HILL,WAY,,,GALT,CA,95632,,,,,,,082021756,19341026
A105704,Mikel,,Figuroa,730,Cobblehill,,,,galt,CA,95632,,,,,,,082-02-1756,
A101678,MIKE,,F.,0730,Cobble Hill,WA,,,GLAT,CA,95362,,,,,,,,10/26/1934
A106328,Michael,,FIGEROA,730,COBBLE HILL,,,,"GALT,CA",,,,,,,,,082-02-1756,
A105380,MICHAEL,,FIGUEROA,730,COBBLE-HILL,WAY,,,GALT,CA,95632-,,,,,,,,1934
A106086,Mike,,Figuroa,730,Coble Hill,WY,,,Galt,CA,95632,,,,,,,,26-10-1934
A102874,CYNTHIA,,LEPE,26976,MILL POND,RD,,,CAPISTRANO/BEACH,CA,92624,,,,,,,082-02-0030,19260806
A101374,Cynthya,,Leape,26976,Millpond,Rd.,,,"Capist,Beach",CA,9262a,,,,,,,,08/06/1926
A101814,CYN LEPE,,,26976,MILLPOND,RD,,,CAPISTRANO BEACH,,,,,,,,,082020030,
A103080,cynthia,,lepe,1396,compaglia,cir,,,Brentwood,CA,94513,POBOX,51284,1690,Brentwood,CA,94513,082-02-0030,19260806
A103114,CYN. LEPE,,,1396,COMPAGLLA,CIRCLE,,,BRENTWOOD,CA,,P O BOX,512 84,,BRENTWOOD,CA,94513a,,
A101671,cynthia,,leape,1396,ComPaglia,,,,brentwood ,ca,94513,PO BOx,51284,169O,"BRENTWOOD,CA",,,082-02-0030,1926
A103831,Cynthia,,Lepe,1396,Compaglia,CR,,,Brentwood,CA,94513,,51284,1690,Brentwood ,ca,94513,082020030,08/06/1926
A101199,CYNTHIA,,LEPE,1396,COMPAGLIA,CIR,,,BRENTWOOD,CA,94513,PO BOX,51284,1690,BRENTWOOD,CA,94513,082-02-0030,19260806
A100128,ROBERT,,Diz,2310,Waters,Ave,STE,H,Tampa,FL,33604,,,,,,,082-02-1756,19341026
A100745,MICHAEL,,FIGEROA,231O,W4TERS,AVE,STE.,,"TAMPA,FL",,33604,,,,,,,,10/26/1934
A106961,WILLIAM,,PROTILLO,231 0,WATERS ,,,H,TAMPA,FL,3360A,,,,,,,082021756,
A100438,Mickey,,Figueroa,2310,Waters,Avenue,,H,Tampa,FL,33604,,,,,,,,1934
A100256,michael,,figueroa,2450,ridgemoor,dr,,,ORLANDO,FL,32828,,,,,,,082-02-1756,19341026
A101779,MICHAEL,,FIGURROA,2450,RIDGE MOOR,DR.,,,OR LANDO,FL,32828,,,,,,,,10/26/1934
A104018,M.,,Figuora,2450,RIDGEM OOR,,,,Orlando,FL,3282A,,,,,,,082021756,
A104206,Mike,,Figueroa,245O,Ridge-moore,Dr,,,"Orlando,FL",,32828-,,,,,,,,193410
A100476,MICHAEL,,FIGUEROA,2450,RIDGEMOOR,,,,ORLANDO,FL,32828,,,,,,,082-02-1756,
A103849,JENIFER,WARNER,RUB10,2450,RIDGEMOOR,DR,,,ORLANDO,FL,32828a,,,,,,,,10/26/34
A100610,Michael,,Figueroa,5134,Garberia,AVE,,,LAKELAND,FL,33811,PO BOX,13901,2728,Lakeland,FL,33806,082-02-1756,19341026
A106127,mike,,figueroa,05134,garberia,ave.,,,lakel and,FL,33811,p.o.box,13901,2728,"lakeland,fl",,3380a,,
A103014,M.FIGUEROA,,,5134,Garberia,,,,LAKELAND,FL,3381,P O BOX,13901 ,,LAKELAND,FL,33806,082021756,
A105348,MICHEL,,FIGEROA,5134,GAR BRIA,AVE,,,LAKELAND,FL,33811,PO BOX,139O1,2728,LAKELAND,FL,33806,,1934
A103567,MICHAEL,,FIGUEROA,,GARBERIA,AVE,,,LAKELAND,FL,33811,POBOX,13901,2728,,,,082-02-1756,10/26/1934
A102967,Cynthia,,Figueroa,14233,Los Altos,St,,,Winter Garden,FL,34787,POBOX,35522,784658,Winter Garden,FL,34778,082-02-0030,19260806
A103397,CYNTHIA,,FIGUERO,142-33,LosAltos,S T.,,,WinterGarden,FL,34787,PO BOX,,,,,,082020030,08/06/1926
A102342,cyn.fig,,,14233,LOS ALTOS,ST,,,"WINTER,GARDEN",FL,3478a,P O box,35522,,WINTER GARDEN,,34778,,
A102624,MICHAEL,,FIGUEROA,14233,Los Altos,ST,,,"WINTER,GARDEN",Fla.,34787,PO BOX,35522,784658,WINTER GARDEN,,34778,,19341026
A102849,Michael,,FIGUEROA,14233,LOS ALTOS,ST,,,WINTER GARDEN,Fla.,34787,,,784658,WINTER GARDEN,FL,34778,082-02-1756,19341026
A104611,MICHAEL,,IFGUEROA,14233,LOS ALTOS,ST,,,"WINTER,GARDEN",FL,3478,PO BOX,35522,,,,,082-02-1756,19341026
A104557,MICHAEL,,IGUEROA,14233,Los Altos,ST,,,winter garden,Fla.,34787,PO BOX,35522,784658,WINTER GARDEN,,,,
A101647,michael,,figueroa,14233,LOS ALTOS,ST,,,WINTER GARDEN,FL,34787,PO BOX,35522,,WINTER GARDEN,,34778,082-02-1756,19341026
A106949,MICHAEL,,FIGUEROA,14233,LOS ALTOS,ST,,,Winter Garden,FL,34787,,35522,784658,WINTER GARDEN,,34778,082-02-1756,
A102367,DEB,,WILLIAMS,5003,CORONET,LN,,,ARLINGTON,TX,7601,,,300806,,,76007,,1926
A104886,CYNTHIA,,FIGUEROA,5003,CORONET,LN,,,ARLINGTON,TX,7601,PO BOX,4727,,,,76007,082-02-0030,19260806
A102759,CYNTHIA,,FIGUEROA,5003,CORONET,LN,,,Arlington,TX,7601,PO BOX,4727,,,TX,76007,082-02-0030,
A105038,CYNTHIA,,FIGUEROA,1086,INDIAN,CIR,,,ALTAIR,TX,77412,,,,,,,082-02-0030,19260806
A102106,CYNTHIA,,FIGUEROA,1086,Indian,CIR,,,Altair,TX,7741,,,,,,,082-02-0030,19260806
A104945,CYNTHIA,,FIGUEROA,1086,INDIAN,CIR,,,ALTAIR,Texas,77412,,,,,,,082-02-0030,1926
A104887,CYNTHIA,,FIGUEROA,1086,INDIAN,CIR,,,altair,TX,77412,,,,,,,,
A101866,CYNTHIA,,FIGUEROA,8708,Blackwater Creek,TRL,,,Mckinney,TX,75070,,,,,,,20030,19260806
A105907,CYNTHIA,,FFIGUEROA,8708,BLACKWATER CREEK,TRL,,,MCKINNEY,Texas,75070,,,,,,,802020030,
A104692,cynthia,,figueroa,8708,BLACKWATER CREEK,TRL,,,MCKINNEY,TX,75070,,,,,,,,
A101686,CYNTHIA,,FIGUEROA,8708,BLACKWATER CREEK,TRL,,,MCKINNEY,Texas,7507,,,,,,,082-02-0030,19260806
A102416,CYNTHIA,,Figueroa,8708,BLACKWATER CREEK,TRL,,,MCKINNEY,TX,7507,,,,,,,,1926
A103618,CYNTHIA,,FIGUROA,8708,BLACKWATER CREEK,TRL,,,MCKINNEY,TX,7507,,,,,,,,1926
A106632,LETICIA,,CIAVARELLO,14834,Moccasin,ST,,,"LA,PUENTE",Calif.,9174,,,,,,,105-51-7506,19211205
A103280,LETICIA,,CIAVARLELO,14834,MOCCASIN,ST,,,"LA,PUENTE",CA,91744,,,,,,,105-51-7506,
A104636,LETICIA,,CIAVARLELO,14834,MOCCASIN,ST,,,LA PUENTE,CA,91744,,,,,,,105-51-7506,19211205
A102887,leticia,,ciavarello,14834,MOCCASIN,ST,,,LA PUENTE,CA,9174,,,,,,,105-51-7506,19211205
A102664,LETICIA,,icavarello,14834,MOCCASIN,ST,,,LA PUENTE,Calif.,91744,,,,,,,105-51-7506,1921
A100845,LETICIA,,CIAVARELOL,14834,Moccasin,ST,,,LA PUENTE,CA,91744,,,,,,,105517506,19211205
A101250,alberto,,hernandez,8117,MANCHESTER,AVE,,,PLAYA DEL REY,CA,9029,PO BOX,30684,5657,PLAYA DEL REY,CA,90296,,
A101383,LETICIA,,CIAVARELLO,8117,manchester,AVE,,,"PLAYA,DEL,REY",Calif.,90293,PO BOX,,,PLAYA DEL REY,CA,90296,105517506,
A106167,LETICIA,,CIAVARELLO,8117,MANCHESTER,AVE,#,245,PLAYA DEL REY,Calif.,90293,PO BOX,,,,CA,90296,105-51-7506,
A103847,MICHAEL,,HERNNDEZ,1326,MEADOWLARK,DR,,,FAIRFIELD,CA,9453,,,,,,,105-51-9105,19111224
A105673,MICHAEL,,HERNANDEZ,1326,MEADOWLARK,DR,,,FAIRFIELD,CA,9453,,,,,,,,
A102542,MICHAEL,,HERNNADEZ,1326,MEADOWLARK,DR,,,FAIRFIELD,Calif.,94533,,,,,,,,19111224
A101517,MICHAEL,,HERNANDEZ,1326,MEADOWLARK,DR,,,FAIRFIELD,Calif.,94533,,,,,,,,19111224
A102743,MICHAEL,,HERNANDEZ,1326,MEADOWLARK,DR,,,FAIRFIELD,Calif.,94533,,,,,,,19105,19111224
A107042,MICHAEL,,HERNANDEZ,1326,Meadowlark,DR,,,FAIRFIELD,Calif.,94533,,,,,,,19105,19111224
A101893,MICHAEL,,HERNANDEZ,2573,VINE,AVE,,,RIALTO,CA,92377,PO BOX,15251,512,RIALTO,CA,92377,105-51-9105,1911
A100007,D.,,HERNANDEZ,2573,VINE,AVE,,,RIALTO,Calif.,92377,,15251,512,RIALTO,,92377,105-51-9105,19111224
A100729,michael,,Hernanddez,2573,VINE,AVE,,,RIALTO,CA,9237,PO BOX,15251,,,CA,92377,19105,19111224
A107152,MICHAEL,,HERNANDEZ,2573,VINE,AVE,,,RIALTO,Calif.,9237,,15251,,RIALTO,CA,92377,105-51-9105,19111224
A106193,MICHAEL,,EHRNANDEZ,2573,VINE,AVE,,,RIALTO,Calif.,92377,,15251,,RIALTO,CA,92377,150519105,1911
A104780,LETICIA,,HERNANDEZ,865,COLLINS,AVE,APT,309,"miami,beach",Fla.,3313,,,,,,,,19211205
A105843,LETICIA,,HERNANDEZ,865,collins,AVE,APT,309,miami beach,Fla.,33139,,,,,,,,19211205
A101165,LETICIA,,HERNADNEZ,865,COLLINS,AVE,APT,309,MIAMI BEACH,FL,33139,,,,,,,,
A102020,LETICIA,,HERNANDEZ,865,COLLINS,AVE,,,"MIAMI,BEACH",FL,3313,,,,,,,105-51-7506,
A103510,mark,,rojas,865,COLLINS,AVE,APT,309,MIAMI BEACH,FL,33139,,,,,,,,
A107027,MICHAEL,,HERNANDEZ,865,COLLINS,AVE,APT,309,"MIAMI,BEACH",FL,3313,,,,,,,105519105,19111224
A104726,MICHAEL,,HERNANDEZ,865,collins,AVE,APT,309,miami beach,FL,3313,,,,,,,19105,1911
A106705,MICHAEL,,HERNANDEZ,865,COLLINS,AVE,,,MIAMI BEACH,FL,33139,,,,,,,105-51-9105,19111224
A102439,may,jean,RODRIGUEZ,865,COLLINS,AVE,APT,309,"MIAMI,BEACH",Fla.,33139,,,,,,,,
A100766,LETICIA,,HERNADNEZ,4109,MESA,DR,,,NEW PORT RICHEY,Fla.,3465,PO BOX,23668,34656-1405,NEW PORT RICHEY,,34654,105517506,19211205
A103858,Leticia,,Hernandez,4109,MESA,DR,,,NEW PORT RICHEY,Fla.,34653,PO BOX,,34656-1405,,FL,,105-51-7506,19211205
A103420,LETICIA,,HERNANDEZ,4109,MESA,DR,,,"New,Port,Richey",FL,34653,PO BOX,23668,,NEW PORT RICHEY,,34654,105517506,1921
A104048,LETICIA,,HERNANDEZ,4109,MESA,DR,,,"NEW,PORT,RICHEY",FL,34653,PO BOX,23668,34656-1405,,FL,,105-51-7506,19211205
A102438,LETICIA,,HERNANDEZ,4109,MESA,DR,,,"NEW,PORT,RICHEY",Fla.,34653,PO BOX,23668,,NEW PORT RICHEY,,34654,105-51-7506,19211205
A101828,MICHAEL,,HERNANEZ,4109,MESA,DR,,,NEW PORT RICHEY,Fla.,34653,PO BOX,23668,34656-1405,,FL,,105511905,19111224
A103749,MICHAEL,,HENANDEZ,4109,MESA,DR,,,NEW PORT RICHEY,FL,34653,PO BOX,,34656-1405,,FL,,105-51-9105,
A105293,MICHAEL,,HENRANDEZ,4109,MESA,DR,,,NEW PORT RICHEY,FL,34653,PO BOX,23668,34656-1405,,,,,1911
A103303,MICHAEL,,hrnandez,4109,MESA,DR,,,"NEW,PORT,RICHEY",FL,34653,,23668,,NEW PORT RICHEY,FL,34654,105-51-9105,1911
A100301,ANGELA,EDWARD,BEARD,6520,REPTON,ST,,,LOS ANGELES,CA,9004,,,,,,,127877593,
A105225,ANGELA,,BEARD,6520,repton,ST,,,"LOS,ANGELES",Calif.,90042,,,,,,,127-87-7593,
A103316,ANGELA,EDWARD,BEARD,6520,REPTON,ST,,,"LOS,ANGELES",CA,90042,,,,,,,77593,19780222
A104292,MICHAEL,,HHERNANDEZ,27213,cabrillo,DR,,,Sun City,CA,92586,PO BOX,12761,,SUN CITY,CA,92586,,
A105319,MICHAEL,,HERNANDZ,27213,CABRILLO,DR,,,"SUN,CITY",Calif.,92586,PO BOX,,107,,CA,92586,127-88-1525,19830824
A103558,MICHAEL,,HERNANDEZ,27213,CABRILLO,DR,,,"SUN,CITY",Calif.,9258,,,107,SUN CITY,CA,,127-88-1525,19830824
A103570,MICHAEL,,HERNNDEZ,2402,CLOVERDALE,AVE,,,"LOS,ANGELES",Calif.,9001,,,,,,,,19830824
A103245,MICHAEL,,HERNANDEZ,2402,CLOVERDALE,AVE,,,"LOS,ANGELES",CA,9001,,,,,,,127-88-1525,19830824
A100095,MICHAEL,,HERNANDEZ,2402,CLOVERDALE,AVE,,,"LOS,ANGELES",CA,90016,,,,,,,,19830824
A102716,michael,,HHERNANDEZ,2402,CLOVERDALE,AVE,,,LOS ANGELES,CA,90016,,,,,,,127-88-1525,19830824
A101046,ANGELA,,HERNANDEZ,10418,SAN CARLOS,AVE,,,SOUTH GATE,CA,90280,,,,,,,127-87-7593,1978
A100244,ANGELA,EDWARD,HEERNANDEZ,10418,SAN CARLOS,AVE,,,SOUTH GATE,CA,9028,,,,,,,,1978
A100661,ANGELA,,HERNANDEZ,10418,SAN CARLOS,AVE,,,SOUTH GATE,CA,90280,,,,,,,127-87-7593,
A102972,angela,EDWARD,HERNANDEZ,10418,SAN CARLOS,AVE,,,SOUTH GATE,CA,90280,,,,,,,127-87-7593,1978
A106618,ANGELA,,hernandez,10418,SAN CARLOS,AVE,,,SOUTH GATE,CA,9028,,,,,,,127-87-7593,19780222
A103445,MICHAEL,,HHERNANDEZ,10418,SAN CARLOS,AVE,,,SOUTH GATE,CA,90280,,,,,,,127881525,
A104764,MICHAEL,,HERNNADEZ,10418,SAN CARLOS,AVE,,,SOUTH GATE,CA,90280,,,,,,,127881525,1983
A103064,michael,,Hernandez,10418,SAN CARLOS,AVE,,,SOUTH GATE,CA,9028,,,,,,,127-88-1525,1983
A105723,Michael,,HERNANDEZ,10418,SAN CARLOS,AVE,,,SOUTH GATE,CA,90280,,,,,,,,19830824
A105757,MICHAEL,,hernandez,10418,SAN CARLOS,AVE,,,SOUTH GATE,Calif.,90280,,,,,,,127881255,19830824
A100774,ANGELA,EDWARD,HERNANDDEZ,511,FORTUNA,DR,,,SUISUN CITY,CA,94585,,,,,,,,19780222
A101351,ANGELA,,HERNANDEZ,511,Fortuna,DR,,,SUISUN CITY,CA,94585,,,,,,,127875793,
A101949,ANGELA,,HERNANDEZ,511,FORTUNA,DR,,,suisun city,CA,94585,,,,,,,,19780222
A106416,ANGELA,EDWARD,HERNANDZ,511,FORTUNA,DR,,,"SUISUN,CITY",CA,9458,,,,,,,,
A103049,MICHAEL,,hernandez,511,Fortuna,DR,,,SUISUN CITY,CA,94585,,,,,,,,19830824
A100657,MICHAEL,,HERNANDEZ,511,FORTUNA,DR,,,"SUISUN,CITY",Calif.,94585,,,,,,,127-88-1525,19830824
A101730,MICHAEL,,HRNANDEZ,511,FORTUNA,DR,,,SUISUN CITY,Calif.,94585,,,,,,,,19830824
A106436,MICHAEL,,HERNANDEZ,511,Fortuna,DR,,,"SUISUN,CITY",CA,94585,,,,,,,127-88-1525,
A104242,angela,HERNANDEZ,EARD,2146,CAPUCHIN,WAY,,,CLAREMONT,CA,91711,,,,,,,127-87-7593,19780222
A105506,JENNIFER WARNER,,CARVALHO,2146,CAPUCHIN,WAY,,,CLAREMONT,Calif.,91711,,,,,,,,19780222
A105891,ANGELA,,BEARD,2146,capuchin,WAY,,,CLAREMONT,CA,91711,,,,,,,127-87-7593,19780222
A104974,MICHAEL,,HERNANDEZ,3423,19TH,PL,,,"CAPE,CORAL",Fla.,3390,,,,,FL,33915,127-88-1525,1983
A105026,MICHAEL,,HERNANDEZ,3423,19TH,PL,,,"CAPE,CORAL",FL,33909,PO BOX,6480,150706,,,33915,,19830824
A103742,michael,,hernandez,3423,19TH,PL,,,CAPE CORAL,Fla.,3390,,6480,150706,,FL,,127-88-1525,19830824
A104941,MICHAEL,,HERNANDEZ,3423,19Th,PL,,,CAPE CORAL,FL,33909,PO BOX,,150706,CAPE CORAL,FL,33915,127-88-1525,
A101810,MICHAEL,,HERANDEZ,2750,60TH,PL,APT,203,HIALEAH,FL,33016,,976,,,FL,33012,127-88-1525,19830824
A100311,MICHAEL,,HERNANDEZ,2750,60TH,PL,APT,203,HIALEAH,FL,33016,PO BOX,976,126743,HIALEAH,FL,33012,128781525,
A104687,MICHAEL,,HERNANDEZ,2750,60TH,PL,APT,203,HIALEAH,FL,33016,,976,126743,HIALEAH,FL,,127885125,
A107110,MICHAEL,,hernandez,2750,60TH,PL,APT,203,HIALEAH,FL,33016,PO BOX,976,126743,,FL,33012,,19830824
A101748,MICHAEL,,HERNANDEZ,2750,60TH,PL,,203,HIALEAH,FL,33016,PO BOX,976,126743,HIALEAH,,,127-88-1525,1983
A106487,MICHAEL,,HERNANDEZ,650,44TH,PL,,,CORAL GABLES,FL,33134,,,,,,,127-88-1525,1983
A106292,michael,,HERNANDEZ,650,44TH,PL,,,"CORAL,GABLES",Fla.,33134,,,,,,,,19830824
A101087,MICHAEL,,Heernandez,650,44TH,PL,,,CORAL GABLES,FL,33134,,,,,,,127-88-1525,19830824
A102155,MICHAEL,,HERNANDEZ,650,44TH,PL,,,CORAL GABLES,FL,33134,,,,,,,217881525,19830824
A101672,maria,,MEZZA,1666,SHERBROOKE,ST,,,SAN DIEGO,CA,9213,,,,,,,,19030427
A105052,MARIA,,Meza,1666,sherbrooke,ST,,,SAN DIEGO,CA,92139,,,,,,,,
A102970,MARIA,,MZEA,1666,SHERBROOKE,ST,,,SAN DIEGO,Calif.,92139,,,,,,,172-13-9490,1903
A104336,MARIA,,MEZA,1666,SHERBROOKE,ST,,,SAN DIEGO,CA,9213,,,,,,,172-13-9490,1903
A104279,Maria,,MEZA,337,CAMARILLO,ST,,,PLACENTIA,Calif.,92870,,,,,,,172139490,19030427
A103511,MARIA,,MEZA,337,CAMARILLO,ST,APT,,PLACENTIA,CA,92870,,,,,,,172-13-9490,
A104935,MARIA,,MEZA,337,CAMARILLO,ST,APT,D,PLACENTIA,CA,9287,,,,,,,172-13-9490,19030427
A105305,MARIA,,MEZA,337,CAMARILLO,ST,APT,D,placentia,Calif.,92870,,,,,,,,19030427
A101623,MICHAEL,,wooten,111,CHURCH,RD,,,SEARCY,AR,72143,PO BOX,31112,7281,,AR,72143,,19130812
A103688,MICHAEL,A,WOOTEN,111,CHURCH,RD,,,SEARCY,Ark.,7214,PO BOX,31112,,,AR,72143,172-14-8633,
A106649,MICHAEL,A,WOOOTEN,111,CHURCH,RD,,,SEARCY,AR,72143,PO BOX,,7281,SEARCY,AR,,48633,19130812
A101191,MICHAEL,A,Wooten,4407,Fox Meadow,CV,,,Jonesboro,AR,72404,,9508,85,,AR,,172-14-8633,1913
A106246,MICHAEL,A,WOOTEN,4407,FOX MEADOW,CV,,,JONESBORO,AR,72404,PO BOX,9508,85,JONESBORO,,72403,172-14-8633,
A102647,MICHAEL,,WOOTEN,4407,fox meadow,CV,,,JONESBORO,AR,72404,,9508,85,JONESBORO,,72403,172-14-8633,19130812
A100246,michael,A,Wooten,4407,FOX MEADOW,CV,,,JONESBORO,AR,72404,PO BOX,9508,85,JONESBORO,AR,72403,172-14-8633,
A102370,P. ADAMS,,,3005,MIDLANE,ST,,,HOUSTON,TX,77027,,,,,,,,19030427
A106010,MARIA,,WOOTEN,3005,Midlane,ST,,,HOUSTON,TX,77027,,,,,,,712139490,1903
A101288,MARIA,,WOOTEN,3005,MIDLANE,ST,,,HOUSTON,Texas,77027,,,,,,,172-13-9490,19030427
A106664,JUAN,,BETCHLEY,3005,Midlane,ST,,,Houston,TX,77027,,,,,,,172-13-9490,19030427
A105084,MARIA,,WOOTEN,3005,Midlane,ST,,,HOUSTON,Texas,77027,,,,,,,172-13-9490,
A103797,MARIA,,WOOTEN,3005,MIDLANE,ST,,,HOUSTON,TX,7702,,,,,,,127139490,1903
A101822,MICHAEL,A,WOOTEN,3005,MIDLANE,ST,,,HOUSTON,TX,7702,,,,,,,172-14-8633,
A104418,Michael,A,wooten,3005,MIDLANE,ST,,,HOUSTON,TX,77027,,,,,,,712148633,19130812
A105453,GAYLA,CAMILLE,MMURPHY,3005,MIDLANE,ST,,,HOUSTON,TX,77027,,,,,,,172418633,1913
A105857,MOIS L ROBERSON,,,3005,MIDLANE,ST,,,HOUSTON,TX,7702,,,,,,,172-14-8633,
A106082,MICHAEL,,WOOTEN,3005,MIDLANE,ST,,,HOUSTON,TX,7702,,,,,,,,
A105899,MICHAEL,A,WOOTEN,3005,MIDLANE,ST,,,HOUSTON,TX,77027,,,,,,,172148633,19130812
A107241,KARIN,T,MCPHERSON,601,WELCOME,AVE,,,CAMDEN,Ark.,71701,PO BOX,31687,1107,,AR,71711,197-36-7571,19410102
A106553,KARIN,,CMPHERSON,601,WELCOME,AVE,,,CAMDEN,AR,71701,,31687,,CAMDEN,AR,71711,,1941
A102516,karin,T,Mcpherson,601,WELCOME,AVE,,,CAMDEN,Ark.,71701,PO BOX,31687,1107,CAMDEN,,,197367571,
A106909,KARIN,,MCPHEERSON,601,WELCOME,AVE,,,CAMDEN,AR,71701,,31687,,,AR,71711,197-36-7571,19410102
A103027,KARIN,T,MCPHERSON,601,WELCOME,AVE,,,CAMDEN,Ark.,71701,PO BOX,31687,,,AR,,,1941
A106640,KARIN,T,MCPHERSON,601,WELCOME,AVE,,,CAMDEN,AR,71701,PO BOX,31687,,CAMDEN,AR,71711,197-36-7571,19410102
A103163,Karin,T,mcpherson,1458,HIGHWAY 234,,,,LOCKESBURG,AR,71846,,,,,,,197-36-7571,19410102
A105143,KARIN,T,MCPHERSN,1458,HIGHWAY 234,,,,LOCKESBURG,AR,71846,,,,,,,,
A105345,KARIN,T,MCPHERSON,1458,Highway 234,,,,lockesburg,AR,7184,,,,,,,,19410102
A100135,karin,T,MCCPHERSON,1458,HIGHWAY 234,,,,LOCKESBURG,AR,71846,,,,,,,179367571,19410102
A107003,karin,T,MCPHERSON,1458,HIGHWAY 234,,,,LOCKESBURG,Ark.,7184,,,,,,,197-36-7571,1941
A106667,Karin,T,Mcherson,305,HARVE,ST,,,SPRINGDALE,AR,72762,PO BOX,7647,,SPRINGDALE,AR,72766,,19410102
A105396,KARIN,T,MCPHERSON,305,HARVE,ST,,,SPRINGDALE,Ark.,72762,,7647,,SPRINGDALE,AR,72766,197367571,
A104680,KARIN,,MCPHERSON,305,HARVE,ST,,,Springdale,AR,72762,PO BOX,,6412,SPRINGDALE,AR,72766,,19410102
A103448,KARIN,T,MCPHHERSON,305,HARVE,ST,,,SPRINGDALE,AR,7276,PO BOX,7647,6412,,AR,72766,197-36-7571,
A103911,KARIN,T,MCPHERSON,305,HARVE,ST,,,SPRINGDALE,Ark.,7276,,7647,,SPRINGDALE,,,197367571,19410102
A100931,MICHAEL,A,WOOTTEN,1935,HUNTINGTON,,UNIT,C,DUARTE,Calif.,91010,PO BOX,53238,,DUARTE,CA,,197375056,19430426
A105550,MICHAEL,A,WOOTENN,1935,HUNTINGTON,,UNIT,C,DUARTE,CA,91010,PO BOX,53238,1622,DUARTE,CA,91009,75056,19430426
A103044,MICHAEL,A,WOOTEN,1935,HUNTINGTON,,,C,DUARTE,Calif.,9101,,53238,1622,DUARTE,,91009,197375065,
A105130,MICHAEL,,WOOTEN,1935,HUNTINGTON,,UNIT,C,DUARTE,Calif.,91010,,53238,,DUARTE,CA,91009,197-37-5056,19430426
A105256,MICHAEL,A,WOOTEN,8410,GOLDEN,AVE,,,"LEMON,GROVE",CA,91945,,,,,,,197-37-5056,19430426
A104290,MICHAEL,A,WOOTEN,8410,GOLDEN,AVE,,,LEMON GROVE,Calif.,9194,,,,,,,197-37-5056,19430426
A106411,NANCY,,GARCIA,8410,GOLDEN,AVE,,,LEMON GROVE,CA,91945,,,,,,,197375056,1943
A100827,MICHAEL,A,WOOTEN,8410,GOLDEN,AVE,,,"Lemon,Grove",CA,9194,,,,,,,75056,19430426
A103603,DARREN,,Garcia,8410,GOLDEN,AVE,,,"LEMON,GROVE",CA,9194,,,,,,,,19430426
A101795,MICHAEL,A,WOOTEN,8410,Golden,AVE,,,Lemon Grove,CA,9194,,,,,,,193775056,1943
A103807,KARIN,T,WOOTEN,1845,TAMARIN,AVE,,,VENTURA,CA,9300,PO BOX,1206,464,VENTURA,CA,93002,197-36-7571,1941
A106361,karin,T,WWOOTEN,1845,tamarin,AVE,,,Ventura,CA,9300,PO BOX,,,,CA,93002,,1941
A100103,KARIN,T,WOOTEN,1845,TAMARIN,AVE,,,VENTURA,Calif.,93003,PO BOX,1206,464,VENTURA,,93002,197-36-7571,
A105127,MICHAEL,A,WOOTEN,1845,TAMARIN,AVE,,,VENTURA,CA,93003,PO BOX,1206,464,VENTURA,,93002,,1943
A104484,MICHAEL,A,WOOTEN,1845,tamarin,AVE,,,Ventura,CA,9300,,1206,464,,,,,
A103988,MICHAEL,,wooten,1845,TAMARIN,AVE,,,VENTURA,Calif.,93003,PO BOX,1206,464,,CA,93002,,19430426
A105289,MICHAEL,,WOOOTEN,1845,TAMARIN,AVE,,,VENTURA,CA,9300,PO BOX,1206,,,,93002,197-37-5056,
A102949,michael,A,woote,1845,TAMARIN,AVE,,,VENTURA,CA,9300,,1206,,VENTURA,CA,93002,197-37-5056,19430426
A101047,MICHAEL,A,WWOOTEN,1845,TAMARIN,AVE,,,ventura,CA,93003,PO BOX,,464,,CA,93002,,1943
A100675,NANCY,,MOJJICA,53,CHESTNUT,RDG,,,NEW CANEY,TX,77357,,,,NEW CANEY,TX,77357,012-22-0883,1912
A105198,NANCY,,MMOJICA,53,CHESTNUT,RDG,,,"NEW,CANEY",TX,77357,PO BOX,19642,,NEW CANEY,TX,,012-22-0883,1912
A103265,NANCY,,MOJICA,53,CHESTNUT,RDG,,,NEW CANEY,Texas,77357,PO BOX,,2012,NEW CANEY,TX,77357,,19120729
A103007, Jose ,,MENDOZA,53,CHESTNUT,RDG,,,NEW CANEY,TX,7735,PO BOX,19642,2012,,,77357,012220883,
A106342,NANCY,,MOJICA,53,Chestnut,RDG,,,new caney,TX,77357,,19642,2012,,TX,77357,012-22-0883,1912
A104369,NANCY,,OMJICA,53,CHESTNUT,RDG,,,NEW CANEY,TX,77357,,19642,2012,NEW CANEY,TX,,,
A101724,NANCY,,MOJICA,1411,DOVE CREEK,LN,,,ALLEN,Texas,75013,,,,,,,012220883,19120729
A104215,nancy,,mojica,1411,DOVE CREEK,LN,,,ALLEN,TX,75013,,,,,,,,19120729
A106854,NANCY,,MOJICA,1411,DOVE CREEK,LN,,,ALLEN,Texas,75013,,,,,,,20883,
A105134,NANCY,,MOJICA,1411,DOVE CREEK,LN,,,ALLEN,TX,7501,,,,,,,012-22-0883,19120729
A105179,NANCY,,MOJICA,1411,DOVE CREEK,LN,,,ALLEN,TX,75013,,,,,,,20883,
A101014,NANCY,,MOJICA,4100,DURBIN,DR,,,THE COLONY,TX,7505,,,,,,,012-22-0883,19120729
A105593,NANCY,,MJOICA,4100,DURBIN,DR,,,"THE,COLONY",TX,75056,,,,,,,012-22-0883,1912
A101610,nancy,,mojica,4100,DURBIN,DR,,,"the,colony",TX,7505,,,,,,,,19120729
A106540,NANCY,,Mojica,4100,DURBIN,DR,,,THE COLONY,Texas,75056,,,,,,,012-22-0883,
A101565,NANCY,,MOJICA,4100,DURBIN,DR,,,"THE,COLONY",TX,7505,,,,,,,,19120729
A101618,JOHN,ANTONIO,GARCIIA,120,SIERRA,ST,#,C,KINGSBURG,CA,9363,PO BOX,48715,263,KINGSBURG,,,012221952,
A102188,Lisa,Renee,Jumper,120,SIERRA,ST,,C,KINGSBURG,Calif.,9363,PO BOX,,263,,,,012-22-1952,1918
A100091,JOHN,ANTONIO,GARCA,120,SIERRA,ST,,,KINGSBURG,CA,93631,,48715,,,CA,,012-22-1952,
A103651,john,,GARCIA,24771,SAGECREST,CIR,,,STEVENSON RANCH,CA,91381,,,,,,,012-22-1952,19180602
A101674,JOHN,ANTONIO,GARCIA,24771,SAGECREST,CIR,,,STEVENSON RANCH,CA,91381,,,,,,,012-22-1952,
A100278,JOHN,,GARCIA,24771,sagecrest,CIR,,,"stevenson,ranch",Calif.,91381,,,,,,,012-22-1952,19180602
A102056,JOHN,ANTONIO,GARCIA,24771,SAGECREST,CIR,,,STEVENSON RANCH,Calif.,91381,,,,,,,012-22-1952,
A101700,JOHN,ANTONIO,GARCIA,24771,SAGECREST,CIR,,,stevenson ranch,CA,9138,,,,,,,012-22-1952,
A105365,NANCY,,GARCIA,5430,KNOTTY PINE,WAY,,,SACRAMENTO,CA,9583,PO BOX,,293357,SACRAMENTO,CA,,012-22-0883,1912
A101167,THOMAS,,lopez,5430,KNOTTY PINE,WAY,,,SACRAMENTO,CA,9583,PO BOX,12343,293357,SACRAMENTO,CA,95829,,1912
A107020,NANCY,,GARCIA,5430,KNOTTY PINE,WAY,,,SACRAMENTO,CA,95835,,,293357,,CA,95829,012220883,
A106907,JOHN,,GARCAI,5430,KNOTTY PINE,WAY,,,SACRAMENTO,CA,95835,PO BOX,12343,,SACRAMENTO,CA,95829,012-22-1952,19180602
A104450,JOHN,ANTONIO,GARCIA,5430,KNOTTY PINE,WAY,,,SACRAMENTO,Calif.,9583,PO BOX,12343,293357,SACRAMENTO,,95829,,
A106110,JOHN,ANTONIO,GACRIA,5430,KNOTTY PINE,WAY,,,sacramento,CA,9583,PO BOX,12343,293357,SACRAMENTO,CA,95829,,
A100435,JOHN,ANTONIO,garcai,5430,KNOTTY PINE,WAY,,,SACRAMENTO,CA,95835,PO BOX,12343,,SACRAMENTO,CA,,,19180602
A103862,john,,GARCIA,5430,KNOTTY PINE,WAY,,,SACRAMENTO,CA,95835,PO BOX,,,SACRAMENTO,CA,95829,,
A101879,NANCY,,GARCAI,125,ASUSENA,DR,,,PALMDALE,CA,9355,,,,,,,012-22-0883,19120729
A101909,NANCY,,GARCIA,125,ASUSENA,DR,,,PALMDALE,Calif.,93550,,,,,,,,1912
A100289,Lara,,Garcia,125,ASUSENA,DR,,,PALMDALE,CA,9355,,,,,,,012-22-0883,
A106302,jarrod,,Mesnard,125,ASUSENA,DR,,,PALMDALE,Calif.,9355,,,,,,,20883,19120729
A106991,NANCY,,Garcia,125,ASUSENA,DR,,,PALMDALE,Calif.,93550,,,,,,,012220883,1912
A104749,NANCY,,GARCIA,125,ASUSENA,DR,,,Palmdale,CA,93550,,,,,,,012-22-0883,
A102760,JOHN,ANTONIO,GARCIA,125,ASUSENA,DR,,,PALMDALE,CA,93550,,,,,,,012-22-1952,19180602
A101525,JOHN,,GARCIA,125,asusena,DR,,,palmdale,Calif.,93550,,,,,,,,
A101447,James,,DE MELIS,125,ASUSENA,DR,,,PALMDALE,CA,93550,,,,,,,012221952,19180602
A105983,JOHN,ANTONIO,Garcia,125,ASUSENA,DR,,,PALMDALE,CA,9355,,,,,,,012-22-1952,19180602
A104073,JOHN,,GARCIA,125,ASUSENA,DR,,,PALMDALE,Calif.,9355,,,,,,,012-22-1952,19180602
A101794,JOHN,ANTONIO,GARCIA,125,ASUSENA,DR,,,PALMDALE,CA,9355,,,,,,,012-22-1952,19180602
A101145,NANCY,,GACRIA,9450,ALIGOTE,PL,,,ELK GROVE,Calif.,9562,PO BOX,,,ELK GROVE,CA,95758,,19120729
A107147,NANCY,,GARCIA,9450,ALIGOTE,PL,,,ELK GROVE,Calif.,95624,,14882,581385,ELK GROVE,,,,19120729
A106111,Pantaleon,L.,Russell,9450,ALIGOTE,PL,,,elk grove,CA,95624,,14882,,ELK GROVE,,95758,012-22-0883,19120729
A104256,JOHN,ANTONIO,garcia,9450,ALIGOTE,PL,,,ELK GROVE,Calif.,95624,,14882,581385,ELK GROVE,CA,95758,21952,19180602
A106993,john,ANTONIO,gacria,9450,ALIGOTE,PL,,,"ELK,GROVE",CA,95624,PO BOX,14882,581385,ELK GROVE,,95758,012-22-1952,19180602
A103278,JOHN,ANTONIO,GARCIA,9450,ALIGOTE,PL,,,"ELK,GROVE",CA,95624,PO BOX,,,,CA,,,1918
A102907,NANCY,,GARCIA,5950,CIMARRON,ST,,,LOS ANGELES,Calif.,9004,,503,881605,LOS ANGELES,CA,,,
A104364,NANCY,,GARCIA,5950,CIMARRON,ST,,,LOS ANGELES,Calif.,9004,,503,881605,LOS ANGELES,,90009,,19431128
A101224,NANCY,,GARCIA,5950,cimarron,ST,,,los angeles,CA,9004,,503,881605,LOS ANGELES,CA,90009,171009189,
A101061,NANCY,,GARCIA,5950,CIMARRON,ST,,,LOS ANGELES,Calif.,9004,PO BOX,503,881605,LOS ANGELES,CA,,,
A105682,nancy,,Garcia,5950,CIMARRON,ST,,,LOS ANGELES,Calif.,90047,,503,881605,LOS ANGELES,CA,,170-10-9189,1943
A101778,nancy,,GARCIA,534,83RD,ST,,,LOS ANGELES,CA,9004,,,,,,,,19431128
A101888,Nancy,J.,Brown,534,83rd,ST,,,"Los,Angeles",CA,90044,,,,,,,09189,19431128
A103559,NANCY,,GARCCIA,534,83RD,ST,,,LOS ANGELES,CA,90044,,,,,,,170-10-9189,
A104035,nancy,,GARCIA,534,83RD,ST,,,los angeles,CA,9004,,,,,,,170-10-9189,
A107155,Nancy,,GARCIA,534,83Rd,ST,,,LOS ANGELES,Calif.,90044,,,,,,,170-10-9189,19431128
A101590,NANCY,,GACIA,1540,59TH,PL,,,LOS ANGELES,CA,90047,,,,,,,170-10-9189,
A106381,NANCY,,GARCIA,1540,59TH,PL,,,"LOS,ANGELES",Calif.,90047,,,,,,,170-10-9189,19431128
A104919,PEDRO,E.,RUBIO,1540,59TH,PL,,,los angeles,Calif.,90047,,,,,,,170190189,
A103343,KENNETH,,THOMAS,7717,LAUREL CANYON,BLVD,APT,3,NORTH HOLLYWOOD,CA,9160,,36977,,NORTH HOLLYWOOD,,91609,170-11-9853,
A103272,KENNETH,,THOMAS,7717,LAUREL CANYON,BLVD,,3,NORTH HOLLYWOOD,Calif.,91605,PO BOX,36977,9483,,CA,,170-11-9853,19330913
A101719,kenneth,,THOMAS,7717,LAUREL CANYON,BLVD,,,NORTH HOLLYWOOD,CA,91605,PO BOX,36977,9483,NORTH HOLLYWOOD,CA,,170119853,1933
A102934,REBECCA,,VASQUEZ,9361,WASHBURN,RD,APT,G,DOWNEY,Calif.,90242,PO BOX,3190,2555,DOWNEY,CA,90242,,19330913
A100506,KENNETH,,THOMAS,9361,WASHBURN,RD,,,downey,CA,9024,PO BOX,3190,2555,DOWNEY,CA,,170-11-9853,1933
A100202,KENNETH,,THOMAS,9361,WASHBURN,RD,APT,G,DOWNEY,Calif.,9024,,,2555,DOWNEY,,90242,,1933
A104862,KENNETH,,thomass,9361,WASHBURN,RD,APT,G,DOWNEY,CA,90242,PO BOX,3190,2555,DOWNEY,,90242,170-11-9853,
A104708,KENNETH,,HTOMAS,9361,WASHBURN,RD,APT,G,DOWNEY,Calif.,90242,PO BOX,3190,2555,DOWNEY,CA,,170-11-9853,1933
A105184,KENNETH,,THOMS,9361,WASHBURN,RD,APT,G,DOWNEY,CA,90242,,3190,2555,,CA,,170-11-9853,
A103950,KENNETH,,THOMMAS,35974,53RD,ST,,,PALMDALE,Calif.,9355,PO BOX,48390,,PALMDALE,CA,93590,170119853,19330913
A101639,KENNETH,,THOMAS,35974,53RD,ST,,,PALMDALE,CA,93552,PO BOX,48390,901243,PALMDALE,CA,93590,,
A106855,KENNETH,,Thomas,35974,53RD,ST,,,PALMDALE,CA,9355,PO BOX,,901243,PALMDALE,CA,93590,19853,19330913
A106698,kenneth,,Tohmas,35974,53RD,ST,,,PALMDALE,Calif.,93552,PO BOX,48390,,PALMDALE,,93590,170-11-9853,19330913
A101025,KENNETH,,THOMASS,35974,53RD,ST,,,PALMDALE,Calif.,93552,,48390,901243,,,93590,170-11-9853,1933
A101000,kenneth,,Thomsa,35974,53RD,ST,,,Palmdale,CA,9355,PO BOX,,,PALMDALE,CA,93590,170-11-9853,19330913
A106714,NANCY,,THOMAS,11055,ROSE ROYAL,DR,,,CONROE,TX,77303,,4848,358,CONROE,TX,,170-10-9189,1943
A107171,L. Diaz,,,11055,ROSE ROYAL,DR,,,CONROE,Texas,7730,,4848,358,CONROE,TX,77305,,
A106154,NANCY,,THMOAS,11055,ROSE ROYAL,DR,,,CONROE,TX,7730,PO BOX,,,CONROE,TX,77305,170109189,
A103809,KENNETH,,THOMAS,11055,Rose Royal,DR,,,conroe,TX,77303,PO BOX,4848,,,TX,77305,170-11-9853,1933
A102226,KENNETH,,TOHMAS,11055,ROSE ROYAL,DR,,,CONROE,TX,77303,PO BOX,,358,CONROE,TX,77305,170-11-9853,19330913
A101216,P.,A.,FIGUERAO,11055,ROSE ROYAL,DR,,,CONROE,TX,77303,,,,CONROE,,77305,710119853,
A105302,KENNETH,,TOHMAS,11055,ROSE ROYAL,DR,,,CONROE,TX,77303,PO BOX,4848,358,,,77305,170-11-9853,1933
A101201,KENNETH,,THOMAS,11055,Rose Royal,DR,,,Conroe,TX,7730,PO BOX,4848,,CONROE,TX,,170-11-9853,19330913
A106007,Kenneth,,thomas,11055,ROSE ROYAL,DR,,,CONROE,TX,77303,,4848,358,,TX,77305,170-11-9853,1933
A106832,NANCY,,THOMAS,2905,MARKOS,DR,,,"Copperas,Cove",TX,76522,,,,,,,170-10-9189,19431128
A103544,george,,hernan dez,2905,markos,DR,,,copperas cove,TX,7652,,,,,,,,19431128
A105825,NANCY,,THOMAS,2905,MARKOS,DR,,,"COPPERAS,COVE",TX,76522,,,,,,,,19431128
A106582,NANCY,,THOMAS,2905,MARKOS,DR,,,COPPERAS COVE,TX,76522,,,,,,,,19431128
A101860,KENNETH,,TOMAS,2905,MARKOS,DR,,,"COPPERAS,COVE",Texas,76522,,,,,,,,19330913
A103121,KENNETH,,THOMAS,2905,MARKOS,DR,,,Copperas Cove,TX,7652,,,,,,,,1933
A100321,KENNETH,,THOMAS,2905,MARKOS,DR,,,COPPERAS COVE,Texas,7652,,,,,,,,19330913
A102112,Kenneth,,THOMAS,2905,MARKOS,DR,,,COPPERAS COVE,TX,7652,,,,,,,,1933
A103780,KENNETH,,THOOMAS,2905,MARKOS,DR,,,COPPERAS COVE,TX,76522,,,,,,,170-11-9853,19330913
A100270,NANCY,,THOMAS,600,CORA,PL,,,"el,paso",TX,79915,PO BOX,1957,27096,EL PASO,TX,79926,,
A105011,NANCY,,THOMAS,600,Cora,PL,,,EL PASO,Texas,79915,PO BOX,1957,27096,EL PASO,,79926,,1943
A100082,Y L COLEMAN,,,600,CORA,PL,,,"EL,PASO",TX,79915,PO BOX,1957,,EL PASO,,79926,170-10-9189,1943
A101978,NANCY,,THOMMAS,600,CORA,PL,,,EL PASO,TX,79915,PO BOX,,27096,EL PASO,TX,79926,,1943
A101824,NANCY,,THOMAS,600,CORA,PL,,,EL PASO,TX,79915,,1957,,EL PASO,TX,,170-10-9189,19431128
A103631,NANCY,,THOMS,600,Cora,PL,,,EL PASO,TX,79915,PO BOX,1957,27096,,TX,,170-10-9189,19431128
A103041,kenneth,,THOMSA,600,cora,PL,,,el paso,Texas,79915,,1957,,,TX,79926,170-11-9853,
A101407,KENNETH,,THOMAS,600,CORA,PL,,,"EL,PASO",TX,79915,,,27096,EL PASO,TX,79926,170-11-9853,19330913
A102828,Kenneth,,THOAS,600,CORA,PL,,,EL PASO,TX,79915,PO BOX,,27096,EL PASO,TX,,,
A102094,KENNETH,,THOMAS,600,CORA,PL,,,EL PASO,Texas,79915,PO BOX,1957,,EL PASO,TX,79926,170191853,19330913
A105433,PAMELA,,JOHSON,5009,MARTIN,DR,,,ROWLETT,Texas,75088,PO BOX,,797,ROWLETT,TX,75030,128-69-5258,19020408
A103186,Pamela,L,JOHNSON,5009,Martin,DR,,,Rowlett,TX,75088,PO BOX,8509,,ROWLETT,TX,75030,128-69-5258,
A101024,PAMELA,L,JOHNSON,5009,MARTIN,DR,,,ROWLETT,TX,75088,,8509,797,ROWLETT,TX,75030,95258,
A101775,Pamela,L,JOHNSON,3914,STARBRIDGE POINTE,LN,,,KATY,TX,7744,PO BOX,,,KATY,TX,77492,128695258,19020408
A100477,PAMELA,L,JOHNSON,3914,STARBRIDGE POINTE,LN,,,KATY,TX,77449,,3536,110,KATY,,77492,,19020408
A101849,PAMELA,L,JOHNOSN,3914,STARBRIDGE POINTE,LN,,,KATY,TX,77449,,3536,110,KATY,TX,77492,128-69-5258,
A105009,PAMELA,L,Johnson,3914,STARBRIDGE POINTE,LN,,,KATY,Texas,77449,PO BOX,3536,110,,TX,,128-69-5258,19020408
A106338,Pamela,L,johnson,3914,Starbridge Pointe,LN,,,Katy,TX,77449,PO BOX,3536,110,,,,128695258,19020408
A101470,PAMELA,L,JOHNSON,3914,Starbridge Pointe,LN,,,Katy,TX,7744,,3536,110,KATY,,77492,128-69-5258,19020408
A103583,NIGEL,,PADRID,1822,KEYSVILLE,RD,,,LITHIA,FL,33547,,,562,,FL,33547,128-71-2496,19061019
A101522,NIGEL,S,PADRI,1822,KEYSVILLE,RD,,,lithia,FL,33547,PO BOX,16364,562,LITHIA,FL,,,19061019
A100499,NIGEL,,PADRID,1822,KEYSVILLE,RD,,,LITHIA,FL,33547,PO BOX,,562,LITHIA,FL,,128-71-2496,1906
A101221,NIGEL,S,PPADRID,4528,FERN,ST,,,TAMPA,FL,3361,,,,,,,128-71-2496,19061019
A101084,NIGEL,S,PADRID,4528,FERN,ST,,,TAMPA,Fla.,3361,,,,,,,,
A102734,NIGEL,S,PDARID,4528,FERN,ST,,,TAMPA,Fla.,33614,,,,,,,128-71-2496,19061019
A102517,NIGEL,S,PADRIID,4528,FERN,ST,,,TAMPA,FL,3361,,,,,,,182712496,19061019
A101587,Salvadore,,GALVAN,4528,FERN,ST,,,TAMPA,FL,33614,,,,,,,128712946,19061019
A106634,NIGEL,S,PADRD,7427,CARRIER,RD,,,fort myers,FL,33967,,,,,,,128-71-2496,19061019
A100028,NIGEL,S,PADRID,7427,Carrier,RD,,,"Fort,Myers",Fla.,33967,,,,,,,128712496,19061019
A102867,NIGEL,S,Parid,7427,CARRIER,RD,,,"FORT,MYERS",FL,33967,,,,,,,128-71-2496,19061019
A104730,PAMELA,L,PADRID,1480,46TH,ST,,,HIALEAH,FL,3301,,976,126743,HIALEAH,FL,33012,128-69-5258,
A107122,PAMELA,,PADRID,1480,46TH,ST,APT,103,Hialeah,Fla.,33012,PO BOX,,126743,HIALEAH,,,,19020408
A104082,PAMELA,,PADRRID,1480,46TH,ST,APT,103,HIALEAH,Fla.,33012,PO BOX,976,126743,HIALEAH,FL,33012,128-69-5258,1902
A107244,PAMELA,,PADRID,1480,46th,ST,,,Hialeah,FL,33012,PO BOX,976,126743,HIALEAH,FL,33012,,19020408
A104800,NIGEL,,PADRID,1480,46TH,ST,APT,103,HIALEAH,FL,3301,PO BOX,976,126743,HIALEAH,,33012,,19061019
A103659,NIGEL,S,PADRID,1480,46TH,ST,APT,103,HIALEAH,FL,3301,PO BOX,976,,HIALEAH,FL,33012,128-71-2496,1906
A100843,NIGEL,S,PADRID,1480,46TH,ST,,,HIALEAH,FL,3301,PO BOX,,126743,,FL,33012,128-71-2496,19061019
A104113,pamela,L,PADRID,285,PIERCE,ST,,,LAKE ALFRED,Fla.,33850,,,,,,,128695258,
A101312,PAMELA,L,PADRID,285,PIERCE,ST,,,LAKE ALFRED,FL,33850,,,,,,,,
A104176,PAMELA,,PADRID,285,PIERCE,ST,,,LAKE ALFRED,Fla.,33850,,,,,,,95258,
A104899,PAMELA,,PADRID,285,PIERCE,ST,,,LAKE ALFRED,Fla.,3385,,,,,,,128-69-5258,19020408
A100735,NIGEL,,PADRID,285,PIERCE,ST,,,LAKE ALFRED,FL,33850,,,,,,,128712496,19061019
A102262,NIGEL,,PADDRID,285,Pierce,ST,,,"LAKE,ALFRED",Fla.,33850,,,,,,,128-71-2496,
A105545,NIGEL,S,PADRID,285,PIERCE,ST,,,"LAKE,ALFRED",Fla.,33850,,,,,,,,1906
A106476,NIGEL,S,PADRID,285,PIERCE,ST,,,"LAKE,ALFRED",Fla.,33850,,,,,,,,1906
A103237,Nigel,S,PADRID,285,PIERCE,ST,,,"LAKE,ALFRED",Fla.,33850,,,,,,,128-71-2496,19061019
A103857,NIGEL,S,PADRIDD,285,PIERCE,ST,,,LAKE ALFRED,FL,33850,,,,,,,,19061019
A103498,PAMELA,,MORRIS,2677,BAIGORRY,CT,,,TRACY,CA,9530,,,,,,,,
A101091,PAMELA,,MORRI,2677,BAIGORRY,CT,,,TRACY,Calif.,9530,,,,,,,,
A103617,PAMELA,L,MORRISS,2677,BAIGORRY,CT,,,TRACY,CA,95304,,,,,,,197904479,
A102594,PAMELA,L,MOORRIS,2677,BAIGORRY,CT,,,TRACY,CA,95304,,,,,,,197-90-4479,1934
A103235,PAMELA,,MORIRS,2677,BAIGORRY,CT,,,TRACY,CA,95304,,,,,,,197-90-4479,
A102787,PAMELA,L,MORIS,2677,BAIGORRY,CT,,,TRACY,CA,95304,,,,,,,197-90-4479,1934
A102203,JOHN,,JHONSON,108,CONDUCTOR,WAY,,,FOLSOM,Calif.,95630,PO BOX,,2126,,CA,,197-91-1029,19260518
A105514,John,L,JOHNSOON,108,CONDUCTOR,WAY,,,FOLSOM,CA,9563,,44413,2126,,,95763,,1926
A102346,JOHN,L,JOHNSON,108,conductor,WAY,,,FOLSOM,Calif.,9563,PO BOX,44413,2126,,CA,95763,11029,
A106418,JOHN,L,JOHNOSN,108,CONDUCTOR,WAY,,,FOLSOM,CA,95630,PO BOX,44413,2126,FOLSOM,,,197-91-1029,1926
A106327,JOHN,L,JOHNSOON,5752,SANDPIPER,PL,,,PALMDALE,CA,93552,,,,,,,197-91-1029,
A102847,M.,,Anguera,5752,sandpiper,PL,,,PALMDALE,CA,9355,,,,,,,197-91-1029,1926
A106390,JOHN,,Johnson,5752,SANDPIPER,PL,,,PALMDALE,Calif.,9355,,,,,,,197-91-1029,
A105043,JOHN,L,JOHNSON,5752,SANDPIPER,PL,,,palmdale,CA,9355,,,,,,,197-91-1029,
A107049,J.,,Chavez,5752,SANDPIPER,PL,,,PALMDALE,CA,93552,,,,,,,197-91-1029,19260518
A105604,PAMELA,,JOHNSON,11008,MILL CREEK,WAY,APT,2107,fort myers,FL,33913,PO BOX,284,7586,,FL,33911,,19340802
A103353,PAMELA,L,JOHNSON,11008,MILL CREEK,WAY,APT,2107,FORT MYERS,Fla.,33913,,,7586,FORT MYERS,FL,33911,,19340802
A103606,pamela,L,JOHNSON,11008,MILL CREEK,WAY,,,Fort Myers,FL,33913,,284,,,FL,,197-90-4479,19340802
A106747,PAMELA,,johnsn,11008,MILL CREEK,WAY,APT,2107,FORT MYERS,Fla.,33913,PO BOX,284,7586,FORT MYERS,,33911,197940479,19340802
A102494,PAMELA,,Johnson,11008,MILL CREEK,WAY,APT,2107,FORT MYERS,FL,33913,PO BOX,,,,FL,,197904497,19340802
A104028,JOHN,L,JOHNSON,11008,MILL CREEK,WAY,APT,2107,fort myers,Fla.,33913,,,7586,FORT MYERS,FL,,197-91-1029,
A103565,M. Lewis,,Quigly,11008,Mill Creek,WAY,APT,2107,"FORT,MYERS",FL,33913,,284,7586,,FL,33911,,1926
A105665,JOHN,L,OHNSON,11008,MILL CREEK,WAY,,,"FORT,MYERS",FL,33913,,284,,FORT MYERS,,33911,,1926
A105695,JOHN,,JOHNSON,11008,MILL CREEK,WAY,APT,2107,FORT MYERS,Fla.,33913,PO BOX,284,,FORT MYERS,,33911,,19260518
A105508,JOHN,,JHONSON,11008,MILL CREEK,WAY,APT,2107,FORT MYERS,Fla.,3391,PO BOX,,,,FL,33911,197-91-1029,19260518
A101266,PAMELA,L,JHONSON,3405,GOLDENEYE,LN,,,"SAINT,CLOUD",FL,3477,,,,,,,197-90-4479,19340802
A106344,Pamela,L,JOHNSON,3405,goldeneye,LN,,,"saint,cloud",FL,3477,,,,,,,197-90-4479,19340802
A102222,PAMELA,L,JOHNSON,3405,GOLDENEYE,LN,,,SAINT CLOUD,Fla.,34772,,,,,,,,1934
A106766,PAMELA,L,JOHNSON,3405,goldeneye,LN,,,"Saint,Cloud",FL,34772,,,,,,,,19340802
A102236,Pamela,L,johnson,3405,GOLDENEYE,LN,,,SAINT CLOUD,Fla.,34772,,,,,,,197-90-4479,19340802
A101921,Joe,,reys,3405,GOLDENEYE,LN,,,SAINT CLOUD,Fla.,34772,,,,,,,197-90-4479,1934
A104217,John,,JOHNSON,3405,GOLDENEYE,LN,,,"SAINT,CLOUD",Fla.,34772,,,,,,,,19260518
A104674,JOHN,L,JJOHNSON,3405,GOLDENEYE,LN,,,SAINT CLOUD,FL,34772,,,,,,,197-91-1029,
A107133,JOHN,,johnson,3405,GOLDENEYE,LN,,,SAINT CLOUD,Fla.,34772,,,,,,,,1926
A104085,JOHN,L,JOHNSON,3405,GOLDENEYE,LN,,,SAINT CLOUD,Fla.,34772,,,,,,,197-91-1029,1926
A106916,JOHN,L,JOHNSON,3405,Goldeneye,LN,,,SAINT CLOUD,FL,34772,,,,,,,11029,19260518
A101345,JOHN,L,JOHNSON,3405,GOLDENEYE,LN,,,SAINT CLOUD,Fla.,3477,,,,,,,197-91-1029,19260518
A101841,Deborah,,Christopherson,2736,LYNDSCAPE,ST,,,ORLANDO,Fla.,32833,PO BOX,,720506,,,32872,197904479,19340802
A105992,PAMELA,L,JOHNSON,2736,LYNDSCAPE,ST,,,ORLANDO,FL,32833,PO BOX,1080,,ORLANDO,FL,32872,,
A103560,BRIAN,,LUPSA,2736,LYNDSCAPE,ST,,,ORLANDO,FL,3283,PO BOX,1080,720506,ORLANDO,FL,32872,197-90-4479,19340802
A103415,PAMELA,,JOHNSON,2736,Lyndscape,ST,,,Orlando,Fla.,32833,PO BOX,,720506,ORLANDO,,32872,197-90-4479,
A104195,PAMELA,,JOHNSON,2736,LYNDSCAPE,ST,,,ORLANDO,FL,32833,,1080,720506,ORLANDO,FL,,197904479,1934
A106688,JOHN,,JOHNSON,2736,LYNDSCAPE,ST,,,ORLANDO,Fla.,32833,,1080,720506,ORLANDO,FL,,197-91-1029,1926
A104323,JOHN,L,JOHNSON,2736,LYNDSCAPE,ST,,,ORLANDO,Fla.,32833,PO BOX,1080,720506,ORLANDO,,32872,,1926
A100497,JOHN,L,johnson,2736,LYNDSCAPE,ST,,,ORLANDO,FL,32833,PO BOX,,,ORLANDO,FL,,197-91-1029,
A104261,PATRICIA,,ELWIS,8409,OAKENSHIELD,CIR,,,ANTELOPE,CA,9584,,,,,,,038-64-3525,19140523
A103992,Patricia,,LEWIS,8409,OAKENSHIELD,CIR,,,ANTELOPE,CA,9584,,,,,,,43525,
A102014,PATRICIA,,LEWS,8409,OAKENSHIELD,CIR,,,ANTELOPE,Calif.,9584,,,,,,,038-64-3525,19140523
A100382,PATRICIA,,LEWISS,8409,OAKENSHIELD,CIR,,,ANTELOPE,CA,9584,,,,,,,,
A103661,patricia,,LEWSI,8409,OAKENSHIELD,CIR,,,ANTELOPE,CA,9584,,,,,,,038-64-3525,19140523
A106732,WILLIAM,,CARREON,2202,21St,AVE,,,"TEXAS,CITY",TX,77590,,6739,426,,TX,77592,,
A104863,WILLIAM,JOHN,CRAREON,2202,21ST,AVE,,,TEXAS CITY,Texas,77590,PO BOX,6739,,,,77592,,1915
A106600,WILLIAM,JOHN,CARREON,2202,21ST,AVE,,,"TEXAS,CITY",Texas,77590,,,426,,TX,77592,038649257,
A105900,PATRICIA,,carreon,9,GLENN,AVE,,,SALINAS,CA,93907,,,,,,,038-64-3525,
A106064,PATRICIA,,CARREON,9,GLENN,AVE,,,SALINAS,CA,93907,,,,,,,038645325,19140523
A101547,PATRICIA,,CARRREON,9,GLENN,AVE,,,SALINAS,CA,93907,,,,,,,43525,19140523
A100113,PATRICIA,,CAARREON,9,glenn,AVE,,,SALINAS,CA,93907,,,,,,,038-64-3525,19140523
A100009,PATRICIA,,Carreon,9,GLENN,AVE,,,SALINAS,CA,93907,,,,,,,038-64-3525,19140523
A100888,WILLIAM,,CARREON,9,GLENN,AVE,,,SALINAS,CA,9390,,,,,,,,1915
A101094,STEVEN,,HERNANDEZ,9,glenn,AVE,,,salinas,CA,93907,,,,,,,038-64-9257,19150704
A106937,WILLIAM,JOHN,careron,9,GLENN,AVE,,,SALINAS,CA,93907,,,,,,,,19150704
A105477,PATRICIA,CARREON,ELWIS,30403,WALNUT CREEK,RD,,,MAGNOLIA,Texas,77355,,,,,,,,19140523
A103297,PATRICIA,CARREON,LEWI,30403,WALNUT CREEK,RD,,,MAGNOLIA,TX,77355,,,,,,,,19140523
A102518,Lorne,,Ford,30403,WALNUT CREEK,RD,,,MAGNOLIA,TX,77355,,,,,,,038-64-3525,19140523
A103357,J.,,Castillo,30403,WALNUT CREEK,RD,,,MAGNOLIA,TX,7735,,,,,,,083643525,19140523
A100517,patricia,,LWEIS,30403,WALNUT CREEK,RD,,,MAGNOLIA,TX,7735,,,,,,,038-64-3525,19140523
A103763,M. CASILLAS,,,30403,WALNUT CREEK,RD,,,MAGNOLIA,TX,77355,,,,,,,038643525,19140523
A102957,PATRICIA,,LEIWS,201,ROUND GROVE,RD,APT,226,LEWISVILLE,Texas,7506,PO BOX,,293150,,,75029,038-64-3525,19140523
A105296,PATRICIA,CARREON,LEWIS,201,ROUND GROVE,RD,APT,226,lewisville,TX,7506,PO BOX,6849,293150,LEWISVILLE,,75029,038643525,19140523
A104678,PATRICIA,,LEWSI,201,ROUND GROVE,RD,APT,226,LEWISVILLE,TX,75067,PO BOX,6849,293150,LEWISVILLE,,75029,,
A101761,PATRICIA,,LEWISS,201,Round Grove,RD,APT,226,LEWISVILLE,Texas,75067,PO BOX,6849,293150,LEWISVILLE,TX,,038-64-3525,
A104499,PATRICIA,,LEWIS,201,ROUND GROVE,RD,APT,226,LEWISVILLE,Texas,75067,PO BOX,6849,293150,,TX,,,1914
A101665,PATRICIA,CARREON,LEWIS,3306,Falcon Grove,DR,,,San Antonio,Texas,78247,PO BOX,,690362,SAN ANTONIO,TX,78269,308643525,1914
A102953,PATRICIA,,LEWIS,3306,FALCON GROVE,DR,,,SAN ANTONIO,TX,7824,PO BOX,5738,690362,,TX,78269,038-64-3525,19140523
A103525,PATRICIA,CARREON,LEWIS,3306,FALCON GROVE,DR,,,SAN ANTONIO,Texas,7824,,5738,690362,SAN ANTONIO,TX,,,1914
A104433,PATRICIA,CARREON,LEWIS,3306,FALCON GROVE,DR,,,SAN ANTONIO,TX,78247,PO BOX,5738,690362,,,,038-64-3525,
A101215,PATRICIA,CARREON,LWEIS,3306,FALCON GROVE,DR,,,SAN ANTONIO,TX,78247,,5738,690362,SAN ANTONIO,TX,78269,,19140523
A100159,WILLIAM,JOHN,CARREON,1838,COLLEGE,CT,,,VISALIA,CA,93292,,,,,,,,19150704
A103374,THOMAS,,LOPEZ,1838,COLLEGE,CT,,,VISALIA,Calif.,9329,,,,,,,,
A103324,WILLIAM,,CARROEN,1838,College,CT,,,VISALIA,Calif.,93292,,,,,,,038-64-9257,
A106946,WILLIAM,JOHN,ACRREON,1838,COLLEGE,CT,,,VISALIA,CA,93292,,,,,,,038642957,19150704
A103351,WILLIAM,JOHN,CARERON,2209,Ironwood,DR,,,FRAZIER PARK,Calif.,93222,,66220,2044,FRAZIER PARK,CA,93225,038-64-9257,
A105034,WILLIAM,JOHN,CARREON,2209,IRONWOOD,DR,,,"frazier,park",Calif.,9322,PO BOX,,,FRAZIER PARK,,93225,038-64-9257,19150704
A105864,WILLIAM,JOHN,CARREON,2209,IRONWOOD,DR,,,Frazier Park,CA,93222,PO BOX,66220,,FRAZIER PARK,CA,,,
A106073,Jon,,BROWAN,2209,IRONWOOD,DR,,,"FRAZIER,PARK",Calif.,9322,PO BOX,66220,,,,93225,,1915
A106571,WILLIAM,JOHN,CARREON,2209,IRONWOOD,DR,,,FRAZIER PARK,Calif.,93222,PO BOX,,,FRAZIER PARK,CA,93225,038-64-9257,19150704
A106958,WILLIAM,JOHN,ACRREON,8,PIMA,ST,,,Watsonville,CA,9507,,,1353,WATSONVILLE,CA,95077,038-64-9257,
A106366,MIRIAM,,RAMIC,8,Pima,ST,,,WATSONVILLE,CA,9507,PO BOX,212,1353,WATSONVILLE,CA,95077,308649257,19150704
A101359,WILLIAM,JOHN,CARREON,8,PIMA,ST,,,WATSONVILLE,Calif.,95076,PO BOX,212,1353,WATSONVILLE,CA,95077,038-64-9257,
A101338,PATRICIA,,PEERZ,7810,Braes Meadow,DR,,,HOUSTON,TX,77071,PO BOX,4857,,HOUSTON,,77228,053-74-0585,19330713
A104510,PATRICIA,,Pereez,7810,BRAES MEADOW,DR,,,houston,Texas,77071,PO BOX,4857,280034,HOUSTON,TX,77228,053-74-0585,
A100252,PATRICIA,,PEREZ,7810,BRAES MEADOW,DR,,,HOUSTON,TX,77071,PO BOX,4857,,HOUSTON,TX,77228,,
A104545,PATRICIA,,PEREZ,7810,BRAES MEADOW,DR,,,HOUSTON,TX,77071,,4857,280034,HOUSTON,,77228,,19330713
A105323,patricia,,PEREZ,370,REVIA,LN,,,VIDOR,TX,7766,,,,,,,053-74-0585,
A100708,Patricia,,perez,370,REVIA,LN,,,VIDOR,TX,77662,,,,,,,053740585,
A101284,PATRICIA,,PEREZ,370,REVIA,LN,,,VIDOR,TX,7766,,,,,,,053-74-0585,19330713
A100776,PATRICIA,,PEREZ,370,Revia,LN,,,VIDOR,TX,77662,,,,,,,053-74-0585,1933
A102738,PATRICIA,,PEREZ,370,REVIA,LN,,,vidor,TX,77662,,,,,,,053470585,
A101413,PATRICIA,,PEREZ,9022,Richmond Hill,ST,,,SAN ANTONIO,Texas,78250,,,690362,SAN ANTONIO,TX,78269,053740585,19330713
A101984,patricia,,PEEZ,9022,RICHMOND HILL,ST,,,SAN ANTONIO,TX,7825,PO BOX,5738,690362,SAN ANTONIO,TX,78269,,
A106742,PATRICIA,,PEREZ,9022,RICHMOND HILL,ST,,,"SAN,ANTONIO",TX,78250,,5738,690362,SAN ANTONIO,,78269,053-74-0585,
A101204,Patricia,,PEREZ,9022,RICHMOND HILL,ST,,,SAN ANTONIO,Texas,78250,,5738,690362,SAN ANTONIO,,78269,053-74-0585,19330713
A105181,B. MILAN,,,9022,RICHMOND HILL,ST,,,SAN ANTONIO,Texas,7825,,,690362,SAN ANTONIO,TX,78269,,19330713
A100991,sean,,Aclonge,1127,MINDIE,LN,,,SAN ANTONIO,Texas,78253,,,,,,,,
A106494,sean,ANN,CALONGE,1127,MINDIE,LN,,,SAN ANTONIO,TX,78253,,,,,,,057345755,1928
A105895,SEAN,ANN,CAOLNGE,1127,MINDIE,LN,,,SAN ANTONIO,TX,78253,,,,,,,053-74-5755,19280508
A103840,SEAN,,CALLONGE,1127,MINDIE,LN,,,SAN ANTONIO,Texas,78253,,,,,,,053-74-5755,
A100462,Brian,,Rico,1127,MINDIE,LN,,,SAN ANTONIO,TX,78253,,,,,,,45755,1928
A100038,SEAN,ANN,CALONGE,1127,Mindie,LN,,,SAN ANTONIO,TX,78253,,,,,,,,
A106733,SEAN,ANN,CLONGE,7903,SOUTH,LOOP,APT,203,HOUSTON,TX,77012,,4857,280034,,TX,77228,053-74-5755,19280508
A104059,SEAN,ANN,CALNOGE,7903,SOUTH,LOOP,,,HOUSTON,TX,77012,,4857,,HOUSTON,TX,,053-74-5755,
A105527,SEAN,,CALONGE,7903,SOUTH,LOOP,APT,203,Houston,Texas,77012,PO BOX,,280034,,TX,77228,,
A104583,SEAN,ANN,CALNGE,7903,SOUTH,LOOP,APT,203,HOUSTON,TX,7701,PO BOX,4857,,,,77228,,19280508
A102395,PATRICIA,,CALONGE,421,COVENA,AVE,,,MODESTO,CA,95354,,,,,,,053-74-0585,
A103955,PATRICIA,,CALONGE,421,COVENA,AVE,,,MODESTO,Calif.,95354,,,,,,,,1933
A107165,Maria,,R1CO,421,COVENA,AVE,,,MODESTO,CA,95354,,,,,,,,1933
A104071,SEAN,ANN,CALONGE,421,COVENA,AVE,,,MODESTO,Calif.,9535,,,,,,,053747555,1928
A105865,SEAN,,alonge,421,COVENA,AVE,,,MODESTO,CA,9535,,,,,,,053-74-5755,
A101513,SEAN,ANN,CALONGE,421,covena,AVE,,,MODESTO,CA,95354,,,,,,,,1928
A106244,SEAN,,ACLONGE,421,COVENA,AVE,,,MODESTO,CA,9535,,,,,,,053-74-5755,19280508
A102756,SEAN,ANN,CALONGE,421,COVENA,AVE,,,MODESTO,CA,95354,,,,,,,053745755,
A105337,PATRICIA,,CALONGE,5,RADIANCE,LN,,,"RANCHO,SANTA,MARGARITA",Calif.,9268,,,,,,,053-74-0585,19330713
A104477,Patricia,,CALONGE,5,Radiance,LN,,,RANCHO SANTA MARGARITA,CA,9268,,,,,,,,1933
A104228,Patricia,,calonge,5,RADIANCE,LN,,,"RANCHO,SANTA,MARGARITA",Calif.,92688,,,,,,,053-74-0585,19330713
A105492,PATRICIA,,CALONGE,5,RADIANCE,LN,,,RANCHO SANTA MARGARITA,Calif.,92688,,,,,,,053740585,19330713
A106541,PATRICIA,,CALONGE,5,RADIANCE,LN,,,RANCHO SANTA MARGARITA,Calif.,92688,,,,,,,,
A104009,PATRICIA,,CALOGE,5,RADIANCE,LN,,,"RANCHO,SANTA,MARGARITA",Calif.,92688,,,,,,,,
A106191,sean,,CALONGE,5,RADIANCE,LN,,,RANCHO SANTA MARGARITA,CA,92688,,,,,,,053745755,19280508
A101412,SEAN,ANN,CALONGE,5,RADIANCE,LN,,,RANCHO SANTA MARGARITA,CA,9268,,,,,,,053-74-5755,19280508
A102485,B. Martinez,,,5,RADIANCE,LN,,,RANCHO SANTA MARGARITA,CA,92688,,,,,,,,
A102975,SEAN,,CAOLNGE,5,RADIANCE,LN,,,RANCHO SANTA MARGARITA,Calif.,9268,,,,,,,,19280508
A103747,SEAN,ANN,CALONGE,5,Radiance,LN,,,Rancho Santa Margarita,Calif.,92688,,,,,,,053-74-5755,
A104723,PATRICIA,,CALONGE,4234,topsail,CT,,,soquel,CA,95073,PO BOX,12257,45,SOQUEL,CA,95073,053-74-0585,
A100494,SYLVIA,,SUWANNAT,4234,TOPSAIL,CT,,,SOQUEL,CA,9507,PO BOX,,,SOQUEL,CA,95073,053-74-0585,
A101975,PATRICIA,,CALONGE,4234,TOPSAIL,CT,,,SOQUEL,CA,9507,PO BOX,12257,45,SOQUEL,CA,95073,,1933
A104135,PATRICIA,,CALONGE,4234,TOPSAIL,CT,,,SOQUEL,Calif.,9507,PO BOX,12257,45,,,,053745085,19330713
A104772,J. Gonzalez,,,4234,TOPSAIL,CT,,,SOQUEL,CA,9507,,12257,45,SOQUEL,CA,,053-74-5755,1928
A100844,SEAN,ANN,CALONEG,4234,TOPSAIL,CT,,,Soquel,CA,95073,PO BOX,,45,SOQUEL,CA,95073,,19280508
A100669,SEAN,ANN,CALONGE,4234,TOPSAIL,CT,,,SOQUEL,CA,9507,PO BOX,,45,SOQUEL,CA,95073,053475755,
A105321,SEAN,ANN,CALONGE,2313,OXFORD,CIR,,,san angelo,TX,7690,,,724,SAN ANGELO,TX,76902,45755,19280508
A106599,greg,,Lopez,2313,OXFORD,CIR,,,"san,angelo",Texas,76904,,,724,,TX,76902,,
A103127,JEAN,W,CONCANNON,2313,OXFORD,CIR,,,SAN ANGELO,TX,7690,,,724,SAN ANGELO,,76902,053-74-5755,
A107178,SEAN,ANN,CALNGE,2313,Oxford,CIR,,,SAN ANGELO,TX,76904,PO BOX,,724,SAN ANGELO,TX,76902,053745755,
A102111,SEAN,ANN,CALONGE,2313,OXFORD,CIR,,,SAN ANGELO,Texas,7690,,28249,,SAN ANGELO,TX,76902,053745755,19280508
A107067,SEAN,ANN,CALONGE,2313,OXFORD,CIR,,,SAN ANGELO,Texas,76904,PO BOX,28249,724,SAN ANGELO,TX,76902,053-74-5755,1928
A102463,SEAN,ANN,CALONGE,6621,NOLA,DR,,,WATAUGA,TX,7614,,,,,,,,1928
A106159,SEAN,ANN,CALONGE,6621,NOLA,DR,,,WATAUGA,TX,7614,,,,,,,053745755,19280508
A100976,SEAN,ANN,ALONGE,6621,NOLA,DR,,,WATAUGA,TX,7614,,,,,,,,
A103412,C. Lopez,,LOPEZ,6621,NOLA,DR,,,WATAUGA,TX,7614,,,,,,,053-74-5755,19280508
A106514,SEAN,ANN,CALOGE,6621,NOLA,DR,,,WATAUGA,TX,7614,,,,,,,,
A100989,SEAN,,CAALONGE,1816,MACAO,PL,,,PLANO,TX,75075,,,,,,,,19280508
A104725,SEAN,ANN,CALONGE,1816,MACAO,PL,,,PLANO,TX,75075,,,,,,,053-74-5755,1928
A103994,sean,ANN,CLONGE,1816,MACAO,PL,,,PLANO,TX,75075,,,,,,,053-74-5755,19280508
A100016,Patricia,,STOELTJE,26496,CALLE SAN ANTONIO,,,,SAN JUAN CAPISTRANO,CA,92675,PO BOX,,,SAN JUAN CAPISTRANO,CA,,062-06-9414,19800329
A100597,PATRICIA,,STOELTJE,26496,calle san antonio,,,,San Juan Capistrano,CA,9267,PO BOX,48735,748,SAN JUAN CAPISTRANO,CA,,062-06-9414,
A107210,PATRICIA,,STOELTJE,26496,CALLE SAN ANTONIO,,,,"SAN,JUAN,CAPISTRANO",CA,9267,PO BOX,,748,SAN JUAN CAPISTRANO,,92693,,1980
A104870,PATRICIA,,STOELTJE,26496,CALLE SAN ANTONIO,,,,"SAN,JUAN,CAPISTRANO",CA,92675,PO BOX,48735,,SAN JUAN CAPISTRANO,CA,,062609414,
A104274,PATRICIA,,STOELTJE,26496,CALLE SAN ANTONIO,,,,"SAN,JUAN,CAPISTRANO",CA,9267,,48735,748,SAN JUAN CAPISTRANO,CA,92693,062-06-9414,19800329
A105530,J.,L.,Kohlenberg,268,48TH,ST,,,San Bernardino,CA,92404,,,,,,,602069414,
A100307,PATRICIA,,STOELTJE,268,48TH,ST,,,SAN BERNARDINO,CA,92404,,,,,,,062-06-9414,1980
A103839,EVANGELINE,,EREZ,268,48TH,ST,,,"SAN,BERNARDINO",CA,9240,,,,,,,026069414,19800329
A107224,PATRICIA,,Stoeltj,268,48TH,ST,,,"SAN,BERNARDINO",CA,92404,,,,,,,,19800329
A100530,PATRICIA,,STEOLTJE,268,48th,ST,,,san bernardino,CA,92404,,,,,,,,1980
A101064,JAMES,,Perez,9991,ROSECLOVER,WAY,,,galt,CA,95632,,,,,,,062-06-9859,19900412
A104590,JAMES,,PPEREZ,9991,ROSECLOVER,WAY,,,GALT,CA,95632,,,,,,,,19900412
A104240,JAMES,,PEREZ,9991,ROSECLOVER,WAY,,,Galt,CA,9563,,,,,,,062-06-9859,19900412
A102798,James,,PEREZ,9991,ROSECLOVER,WAY,,,GALT,CA,95632,,,,,,,062-06-9859,19900412
A100678,JAMES,,PEREZ,5952,LAS VIRGENES,RD,APT,709,CALABASAS,CA,9130,,,,,,,062-06-9859,1990
A100785,JAMES,,Perez,5952,Las Virgenes,RD,APT,709,CALABASAS,CA,91302,,,,,,,,
A103869,JAMES,,PEREZ,5952,LAS VIRGENES,RD,APT,709,CALABASAS,CA,91302,,,,,,,062609859,
A105824,James,,Perze,5952,LAS VIRGENES,RD,APT,709,CALABASAS,CA,91302,,,,,,,,19900412
A103738,JAMES,,PEREZ,1020,HARBOR HEIGHTS,DR,UNIT,,HARBOR CITY,CA,9071,,,,,,,062-06-9859,19900412
A105220,JAMES,,PEREEZ,1020,HARBOR HEIGHTS,DR,,,"HARBOR,CITY",CA,90710,,,,,,,062-06-9859,19900412
A102243,JAMES,,PERE,1020,HARBOR HEIGHTS,DR,UNIT,F,"HARBOR,CITY",CA,90710,,,,,,,602069859,1990
A103099,JAMES,,PEERZ,1020,HARBOR HEIGHTS,DR,,,HARBOR CITY,Calif.,90710,,,,,,,,1990
A102668,JAMES,,PEREZ,1020,HARBOR HEIGHTS,DR,UNIT,F,HARBOR CITY,CA,9071,,,,,,,69859,19900412
A103396,PATRICIA,,Perez,11125,oriole,DR,,,Riverside,Calif.,92505,PO BOX,8926,52661,,,92517,062-06-9414,
A101134,PATRICIA,,PEREZ,11125,Oriole,DR,,,riverside,CA,9250,PO BOX,8926,,,,92517,062-06-9414,19800329
A100395,PATRICIA,,PEREZ,11125,ORIOLE,DR,,,RIVERSIDE,CA,92505,PO BOX,8926,52661,RIVERSIDE,CA,92517,69414,
A101704,PATRICIA,,PERE,11125,ORIOLE,DR,,,RIVERSIDE,CA,92505,,,,RIVERSIDE,CA,,,
A105402,PATRICIA,,PEREZ,11125,Oriole,DR,,,riverside,CA,92505,,,52661,RIVERSIDE,,92517,062-06-9414,19800329
A101021,PATRICIA,,PEREZ,11125,Oriole,DR,,,riverside,CA,92505,PO BOX,8926,52661,RIVERSIDE,CA,,,19800329
A104544,JAMES,,PEREZ,11125,Oriole,DR,,,Riverside,CA,9250,PO BOX,8926,,,CA,,062-06-9859,19900412
A104700,JAMES,,PEREZ,11125,ORIOLE,DR,,,riverside,CA,92505,PO BOX,8926,,RIVERSIDE,CA,92517,062-06-9859,19900412
A104029,JAMES,,PEREZ,11125,ORIOLE,DR,,,RIVERSIDE,CA,9250,PO BOX,,52661,RIVERSIDE,CA,,,
A105393,JAMES,,PEREZ,11125,ORIOLE,DR,,,RIVERSIDE,CA,92505,PO BOX,8926,52661,RIVERSIDE,,,062-06-9859,19900412
A103320,PATRICIA,,PEREZ,1784,COFFEE,ST,,,MERCED,Calif.,9534,,,,,,,062-06-9414,19800329
A102942,PATRICIA,,PEREZ,1784,COFFEE,ST,,,MERCED,Calif.,95341,,,,,,,062-06-9414,
A105840,PATRICIA,,PPEREZ,1784,COFFEE,ST,,,MERCED,CA,95341,,,,,,,062-06-9414,19800329
A103865,PATRICIA,,EPREZ,1784,COFFEE,ST,,,MERCED,CA,95341,,,,,,,062-06-9414,1980
A104381,JAMES,,PEREZ,1784,Coffee,ST,,,MERCED,CA,95341,,,,,,,060269859,
A107007,james,,PEREZ,1784,COFFEE,ST,,,MERCED,Calif.,95341,,,,,,,,1990
A101384,JAMES,,PEREZ,1784,COFFEE,ST,,,MERCED,Calif.,9534,,,,,,,062-06-9859,
A103959,Jon,,Ramerez,1784,COFFEE,ST,,,MERCED,CA,95341,,,,,,,062-06-9859,
A101747,PATRICIA,,HINZMAN,2605,MILL RUN,BLVD,,,KISSIMMEE,FL,34744,PO BOX,2938,421136,,FL,34742,214477580,19300119
A105242,PATRICIA,,HINZMAN,2605,MILL RUN,BLVD,,,KISSIMMEE,FL,3474,,2938,421136,,,34742,77580,19300119
A101654,PATRICIA,,HINZMMAN,2605,MILL RUN,BLVD,,,KISSIMMEE,FL,34744,,2938,421136,,,34742,124-47-7580,
A107225,PATRICIA,,HIZMAN,2605,MILL RUN,BLVD,,,KISSIMMEE,Fla.,3474,PO BOX,,421136,KISSIMMEE,,,124-47-7580,1930
A101226,CARLOS,E,LEWIS,1309,irving,ST,,,alton,TX,78573,,,,,,,,19330412
A106143,CARLOS,,LEWIS,1309,Irving,ST,,,alton,TX,7857,,,,,,,,
A105846,CHRIS,,EVANS,1309,IRVING,ST,,,ALTON,TX,78573,,,,,,,124480721,19330412
A102567,PATRICIA,,Lewwis,17,JULE,RD,,,MACCLENNY,Fla.,32063,PO BOX,12504,47,MACCLENNY,,32063,124-47-7580,1930
A102008,PATRICIA,,LWIS,17,JULE,RD,,,MACCLENNY,FL,32063,,12504,,MACCLENNY,FL,32063,,19300119
A105219,PATRICIA,,LEWSI,17,JULE,RD,,,MACCLENNY,FL,32063,PO BOX,,47,MACCLENNY,,32063,124-47-7580,19300119
A105780,Patricia,,LEWIS,17,JULE,RD,,,macclenny,FL,3206,PO BOX,,47,,FL,,124-47-7580,19300119
A107095,patricia,,Lewiis,17,JULE,RD,,,MACCLENNY,FL,32063,,12504,,,FL,,124477580,19300119
A101423,S. Rivera,,,17,JULE,RD,,,MACCLENNY,Fla.,3206,PO BOX,12504,47,,FL,,,19330412
A102362,Carlos,E,ewis,17,JULE,RD,,,MACCLENNY,FL,32063,PO BOX,,47,,FL,32063,124-48-0721,
A105724,CARLOS,E,LEWIS,17,JULE,RD,,,MACCLENNY,FL,32063,,12504,47,,,32063,,1933
A100736,patricia,,LEWIS,1931,Arcadia,DR,,,Miramar,Fla.,33023,,,,,,,,19300119
A102308,PATRICIA,,ELWIS,1931,ARCADIA,DR,,,MIRAMAR,Fla.,33023,,,,,,,124477580,19300119
A106311,PATRICIA,,LEWIS,1931,ARCADIA,DR,,,MIRAMAR,FL,33023,,,,,,,,
A102471,Carlos,E,lewiis,1931,ARCADIA,DR,,,MIRAMAR,FL,3302,,,,,,,124-48-0721,19330412
A104638,CARLOS,,LEWIS,1931,ARCADIA,DR,,,MIRAMAR,FL,33023,,,,,,,124-48-0721,19330412
A102216,CARLOS,E,LEWIS,1931,ARCADIA,DR,,,MIRAMAR,Fla.,33023,,,,,,,124480721,19330412
A100335,Carlos,E,Lewis,1931,arcadia,DR,,,miramar,FL,33023,,,,,,,124-48-0721,1933
A101961,CARLOS,E,LEWIS,1931,Arcadia,DR,,,miramar,FL,33023,,,,,,,124-48-0721,
A100613,patricia,,EWIS,7131,montauk point,XING,,,bradenton,FL,34212,,,,,,,124-47-7580,1930
A103318,PATRICIA,,LEWIS,7131,montauk point,XING,,,bradenton,FL,34212,,,,,,,,1930
A103673,THOMAS,,HERNANDEZ,7131,MONTAUK POINT,XING,,,BRADENTON,Fla.,34212,,,,,,,124-47-7580,19300119
A102767,PATRICIA,,LEWIS,7131,MONTAUK POINT,XING,,,BRADENTON,FL,3421,,,,,,,,1930
A105374,CARLOS,E,LEWIS,7131,MONTAUK POINT,XING,,,BRADENTON,FL,34212,,,,,,,124480721,
A105212,Laura,,Grimaldi,7131,MONTAUK POINT,XING,,,Bradenton,Fla.,34212,,,,,,,,1933
A102325,THOMAS,,HERNANDEZ,7131,Montauk Point,XING,,,BRADENTON,FL,34212,,,,,,,80721,19330412
A106625,carlos,E,LWEIS,7131,MONTAUK POINT,XING,,,BRADENTON,FL,34212,,,,,,,124480721,19330412
A105833,SYLVIA,,RAMIIREZ,7131,MONTAUK POINT,XING,,,BRADENTON,Fla.,3421,,,,,,,124-48-0721,19330412
A105595,CARLOS,,lewis,7131,MONTAUK POINT,XING,,,BRADENTON,FL,34212,,,,,,,,1933
A101027,REBECCA,ELVIN,WATERRS,200,DODGEN,TRL,,,BUDA,TX,78610,,,,,,,124820508,
A106188,REBECCA,,WATERS,200,DODGEN,TRL,,,BUDA,Texas,7861,,,,,,,124-82-0508,19111026
A104556,rebecca,ELVIN,WAERS,200,DODGEN,TRL,,,BUDA,TX,78610,,,,,,,124825008,
A103810,REBECCA,ELVIN,WATEERS,200,DODGEN,TRL,,,BUDA,Texas,78610,,,,,,,124-82-0508,19111026
A100104,REBECCA,,WATERS,8839,DONLEY,DR,,,HOUSTON,TX,77088,,,,,,,,1911
A106088,mary,,gomz,8839,donley,DR,,,Houston,TX,77088,,,,,,,128420508,1911
A100741,REBECCA,ELVIN,AWTERS,8839,DONLEY,DR,,,HOUSTON,TX,77088,,,,,,,,1911
A100434,REBECCA,ELVIN,ATERS,8839,DONLEY,DR,,,HOUSTON,Texas,77088,,,,,,,,1911
A100378,REBECCA,ELVIN,WWATERS,831,FOXBORO,LN,,,Dallas,TX,75241,,,,,,,124-82-0508,19111026
A105599,REBECCA,ELVIN,WATERS,831,FOXBORO,LN,,,DALLAS,TX,7524,,,,,,,124825008,19111026
A105626,REBECCA,ELVIN,WATERS,831,FOXBORO,LN,,,DALLAS,TX,7524,,,,,,,124820508,19111026
A106764,REBECCA,ELVIN,WAATERS,831,FOXBORO,LN,,,DALLAS,TX,75241,,,,,,,124802508,19111026
A106000,Paul,,VASQUEZ,4477,Solano,AVE,,,NAPA,CA,9455,,,,,,,124-82-7177,
A103984,PAUL,,VASQUEZZ,4477,SOLANO,AVE,,,Napa,CA,94558,,,,,,,27177,19040330
A104964,PAUL,,VASQUEZ,4477,SOLANO,AVE,,,NAPA,Calif.,94558,,,,,,,124-82-7177,
A104213,PAUL,,VAASQUEZ,4477,SOLANO,AVE,,,NAPA,Calif.,94558,,,,,,,124827177,
A107035,Paul,,vasquez,13309,RIVERCREST,DR,,,WATERFORD,Calif.,95386,,,,,,,124-82-7177,19040330
A103461,PAUL,,VASSQUEZ,13309,RIVERCREST,DR,,,WATERFORD,Calif.,9538,,,,,,,124-82-7177,19040330
A101329,PAUL,,VASQUEZ,13309,RIVERCREST,DR,,,WATERFORD,CA,95386,,,,,,,124-82-7177,1904
A106206,PAUL,,VAQUEZ,13309,RIVERCREST,DR,,,WATERFORD,CA,95386,,,,,,,124-82-7177,1904
A104512,PAUL,,VASQUEZ,13309,RIVERCREST,DR,,,WATERFORD,CA,95386,,,,,,,124827177,
A101743,Mark,,ROJAS ,13309,RIVERCREST,DR,,,WATERFORD,CA,9538,,,,,,,124827177,19040330
A105829,REBECCA,,VASQUEZ,3421,COBBLER,LN,,,Joshua,TX,7605,,63341,575,JOSHUA,TX,76058,,19111026
A103352,REBECCA,ELVIN,VASQUEZ,3421,COBBLER,LN,,,JOSHUA,TX,76058,,63341,575,JOSHUA,,,20508,
A100962,Rebecca,,vasquez,3421,cobbler,LN,,,JOSHUA,TX,76058,PO BOX,63341,575,JOSHUA,TX,76058,124820058,19111026
A105522,PAUL,,VASQUEZ,3421,COBBLER,LN,,,joshua,TX,7605,PO BOX,63341,575,,TX,,124-82-7177,19040330
A102564,PAUL,,VASQUZE,3421,cobbler,LN,,,JOSHUA,Texas,76058,PO BOX,,575,JOSHUA,TX,76058,124-82-7177,
A101918,lisa,,fernandez,3421,COBBLER,LN,,,JOSHUA,TX,76058,PO BOX,63341,575,,TX,,,19040330
A101508,PAUL,,VASQQUEZ,3421,COBBLER,LN,,,JOSHUA,TX,76058,,63341,575,,,76058,27177,19040330
A104792,PAUL,,VASQUEZ,3421,COBBLER,LN,,,JOSHUA,TX,76058,,63341,575,,TX,76058,124827177,1904
A107076,PAUL,,VAASQUEZ,3421,COBBLER,LN,,,JOSHUA,TX,76058,PO BOX,63341,575,JOSHUA,TX,76058,,19040330
A105710,SUSAN,ANN,HARRS,7252,lake floy,CIR,,,orlando,FL,32819,,,,,,,131-32-4245,19120304
A102331,SUSAN,,HARRIS,7252,LAKE FLOY,CIR,,,ORLANDO,FL,32819,,,,,,,131324245,
A105425,Susan,ANN,ahrris,7252,LAKE FLOY,CIR,,,ORLANDO,FL,32819,,,,,,,,19120304
A106317,john,,brown,7252,LAKE FLOY,CIR,,,ORLANDO,Fla.,3281,,,,,,,131-32-4245,1912
A107223,SUSAN,ANN,HARRIS,7252,LAKE FLOY,CIR,,,orlando,FL,3281,,,,,,,,
A102507,SUSAN,,HARRIS,2011,CANDLEWOOD,DR,,,NAVARRE,FL,3256,,,,,,,131324245,
A102219,SUSAN,ANN,HAARRIS,2011,CANDLEWOOD,DR,,,NAVARRE,FL,3256,,,,,,,24245,19120304
A101676,SUSAN,ANN,HARRRIS,2011,Candlewood,DR,,,navarre,FL,3256,,,,,,,131-32-4245,19120304
A103660,SUSAN,,HARRIS,2011,CANDLEWOOD,DR,,,NAVARRE,FL,32566,,,,,,,,19120304
A105311,PAUL,,VVASQUEZ,1622,KIRKWOOD,DR,,,CORONA,CA,92882,,,,,,,131-33-0960,19160205
A100547,PAUL,,VSAQUEZ,1622,KIRKWOOD,DR,,,CORONA,CA,9288,,,,,,,,1916
A106576,PAUL,,VASQEZ,1622,KIRKWOOD,DR,,,CORONA,CA,92882,,,,,,,131303960,19160205
A103398,PAUL,,VASQUEZ,1622,KIRKWOOD,DR,,,CORONA,CA,9288,,,,,,,131-33-0960,19160205
A100919,PAUL,,VASQUEZ,1622,KIRKWOOD,DR,,,CORONA,CA,92882,,,,,,,131-33-0960,19160205
A100098,paul,,vasquez,1622,KIRKWOOD,DR,,,CORONA,Calif.,92882,,,,,,,133130960,19160205
A100063,SUSAN,ANN,VASQUEZ,602,DON,ST,,,PASADENA,TX,77506,,,,,,,131-32-4245,1912
A104100,SUSAN,ANN,VASQUEZ,602,DON,ST,,,PASADENA,Texas,77506,,,,,,,131-32-4245,1912
A106604,MARIA,D.,SIMM0NS,602,DON,ST,,,PASADENA,TX,77506,,,,,,,131-32-4245,1912
A102808,ALICIA,HALL,REYEs,602,don,ST,,,PASADENA,TX,77506,,,,,,,,19120304
A103888,SUSAN,ANN,VASQUEZ,602,DON,ST,,,PASADENA,TX,7750,,,,,,,131-32-4245,
A101068,PAUL,,VAASQUEZ,602,DON,ST,,,PASADENA,TX,7750,,,,,,,131-33-0960,1916
A103564,PAUL,,vasquez,602,DON,ST,,,PASADENA,TX,7750,,,,,,,131-33-0960,1916
A107064,PAUL,,VASQEZ,602,DON,ST,,,PASADENA,TX,77506,,,,,,,131-33-0960,
A105719,darren ,,GARCIA,602,DON,ST,,,Pasadena,TX,77506,,,,,,,,
A107194,paul,,Vasquez,602,DON,ST,,,PASADENA,TX,77506,,,,,,,311330960,19160205
A103899,Paul,,Vasquez,602,DON,ST,,,PASADENA,Texas,77506,,,,,,,131-33-0960,1916
A105707,SUSAN,ANN,VSAQUEZ,1103,RIVERY,BLVD,STE,250,GEORGETOWN,TX,78628,,,,,,,,19120304
A100692,SUSAN,ANN,VSQUEZ,1103,RIVERY,BLVD,STE,250,GEORGETOWN,Texas,78628,,,,,,,131-32-4245,
A101132,SUSAN,ANN,VASQUEZ,1103,RIVERY,BLVD,STE,,GEORGETOWN,TX,78628,,,,,,,24245,19120304
A102405,susan,ANN,VASQUEZ,1103,RIVERY,BLVD,,250,GEORGETOWN,TX,78628,,,,,,,,
A102697,Paul,,VASQUEZ,1103,RIVERY,BLVD,,,GEORGETOWN,TX,78628,,,,,,,30960,19160205
A106259,PAUL,,VASQUEZ,1103,RIVERY,BLVD,STE,250,GEORGETOWN,TX,7862,,,,,,,131-33-0960,
A103504,paul,,Vasquez,1103,RIVERY,BLVD,STE,250,GEORGETOWN,TX,78628,,,,,,,131-33-0960,19160205
A103171,PAUL,,VASQUEZ,1103,RIVERY,BLVD,,,GEORGETOWN,TX,78628,,,,,,,,19160205
A105022,SUSAN,,VASQUEZ,209,Mcconnell,DR,,,WEST LAKE HILLS,TX,7874,,,,,,,131-32-4245,19120304
A102335,SUSAN,ANN,VASQUEZ,209,MCCONNELL,DR,,,"WEST,LAKE,HILLS",TX,78746,,,,,,,131-32-4245,1912
A102089,ANTHONY,,KING,209,mcconnell,DR,,,WEST LAKE HILLS,TX,78746,,,,,,,131324245,
A102911,susan,,VASQUEZ,209,MCCONNELL,DR,,,"WEST,LAKE,HILLS",TX,78746,,,,,,,131-32-4245,19120304
A104865,SUSAN,ANN,VASQUEZ,209,MCCONNELL,DR,,,WEST LAKE HILLS,TX,78746,,,,,,,,
A101484,PAUL,,VASQUEZ,209,MCCONNELL,DR,,,"WEST,LAKE,HILLS",TX,78746,,,,,,,131-33-0960,1916
A102497,PAUL,,VAQUEZ,209,MCCONNELL,DR,,,"WEST,LAKE,HILLS",Texas,78746,,,,,,,131-33-0960,19160205
A101016,Paul,,Vaqsuez,209,MCCONNELL,DR,,,WEST LAKE HILLS,TX,78746,,,,,,,,
A106648,M. Espinoza,,,209,MCCONNELL,DR,,,WEST LAKE HILLS,TX,78746,,,,,,,131330960,
A102747,PAUL,,VASQUEZ,209,MCCONNELL,DR,,,west lake hills,Texas,78746,,,,,,,,19160205
A104721,PAUL,,VASQUEZ,209,MCCONNELL,DR,,,WEST LAKE HILLS,Texas,7874,,,,,,,,19160205
A105412,GAYLA,,ONZE,12216,LOREZ,DR,,,MORENO VALLEY,CA,92557,PO BOX,,,MORENO VALLEY,CA,92552,53940,19630923
A105837,GAYLA,,ONZE,12216,LOREZ,DR,,,MORENO VALLEY,Calif.,92557,PO BOX,489,9994,MORENO VALLEY,,,,
A102709,GAYLA,CAMILLE,ONZE,12216,LOREZ,DR,,,MORENO VALLEY,Calif.,9255,PO BOX,489,,MORENO VALLEY,,,,
A104672,ALLAN,,RAMOS,12216,LOREZ,DR,,,MORENO VALLEY,CA,92557,,489,9994,,CA,92552,,19630923
A103989,RICHARD,,MURRPHY,3451,QUEENS,ST,APT,,SARASOTA,FL,3423,,,,,,,090-46-4212,
A101414,RICHARD,,MURPHY,3451,Queens,ST,APT,,SARASOTA,FL,34231,,,,,,,090-46-4212,19570328
A103440,MICHAEL,,HHERNANDEZ,3451,QUEENS,ST,APT,315,SARASOTA,FL,34231,,,,,,,090-46-4212,19570328
A105660,RICHARD,,MURPHY,3451,Queens,ST,,315,sarasota,Fla.,34231,,,,,,,090-46-4212,
A100127,RICHARD,,MURPHY,3451,QUEENS,ST,APT,,SARASOTA,FL,34231,,,,,,,,
A100277,RICHARD,,MURPHY,215,summerset,DR,,,Punta Gorda,Fla.,33982,,,,,,,090464212,19570328
A103796,RICHARD,,MURHPY,215,SUMMERSET,DR,,,punta gorda,Fla.,33982,,,,,,,,1957
A103881,RICHARD,,UMRPHY,215,SUMMERSET,DR,,,PUNTA GORDA,FL,33982,,,,,,,,
A101546,RICHARD,,MURPHY,215,SUMMERSET,DR,,,Punta Gorda,FL,33982,,,,,,,,19570328
A102228,Richard,,MRPHY,215,SUMMERSET,DR,,,PUNTA GORDA,FL,33982,,,,,,,090-46-4212,19570328
A104603,RICHARD,,MURPYH,215,SUMMERSET,DR,,,PUNTA GORDA,Fla.,33982,,,,,,,,19570328
A102063,RICHARD,,MURPHY,209,BERENGER,WALK,,,ROYAL PALM BEACH,FL,3341,,,,,,,,19570328
A105147,RICHARD,,MURPH,209,berenger,WALK,,,Royal Palm Beach,FL,33414,,,,,,,090446212,19570328
A106841,RICHARD,,MURPHY,209,BERENGER,WALK,,,ROYAL PALM BEACH,Fla.,33414,,,,,,,090-46-4212,
A102253,RICHARD,,URPHY,209,BERENGER,WALK,,,ROYAL PALM BEACH,FL,33414,,,,,,,,1957
A106236,RICHARD,,MURPHY,209,BERENGER,WALK,,,"ROYAL,PALM,BEACH",FL,33414,,,,,,,090-46-4212,1957
A100157,RICHARD,,MMURPHY,209,BERENGER,WALK,,,ROYAL PALM BEACH,Fla.,33414,,,,,,,090-46-4212,19570328
A102126,GAYLA,,MURPHY,640,LOCUST,ST,,,SPRINGDALE,AR,72762,,,,,,,090-45-3940,1963
A105678,GAYLA,CAMILLE,MUPRHY,640,LOCUST,ST,,,SPRINGDALE,AR,72762,,,,,,,,19630923
A103373,GAYLA,CAMILLE,MURPHY,640,LOCUST,ST,,,SPRINGDALE,AR,72762,,,,,,,53940,19630923
A101548,GAYLA,CAMILLE,MURPHY,640,LOCUST,ST,,,SPRINGDALE,AR,72762,,,,,,,090-45-3940,1963
A100570,GAYLA,CAMILLE,MURPHHY,640,LOCUST,ST,,,SPRINGDALE,AR,72762,,,,,,,090-45-3940,1963
A100929,RICHARD,,MRPHY,640,LOCUST,ST,,,Springdale,AR,72762,,,,,,,090-46-4212,
A107092,RICHARD,,MURPHY,640,LOCUST,ST,,,SPRINGDALE,Ark.,72762,,,,,,,090-46-4212,19570328
A100271,richard,,MURPHY,640,locust,ST,,,SPRINGDALE,AR,72762,,,,,,,090-46-4212,1957
A102954,RICHARD,,mruphy,640,LOCUST,ST,,,springdale,AR,7276,,,,,,,,19570328
A105594,RICHARD,,MURPHY,640,LOCUST,ST,,,SPRINGDALE,Ark.,72762,,,,,,,090446212,1957
A103329,RICHARD,,URPHY,640,LOCUST,ST,,,SPRINGDALE,AR,72762,,,,,,,090-46-4212,
A106439,GAYLA,,MURPHY,1025,PINE GROVE,RD,,,CONCORD,AR,7252,,,,,,,090-45-3940,19630923
A104698,GAYLA,CAMILLE,MURPHY,1025,pine grove,RD,,,Concord,AR,7252,,,,,,,53940,19630923
A106336,gayla,CAMILLE,MURPHY,1025,pine grove,RD,,,CONCORD,AR,72523,,,,,,,090-45-3940,19630923
A105866,GAYLA,,MURPHY,1025,PINE GROVE,RD,,,CONCORD,AR,72523,,,,,,,090453940,1963
A100240,GAYLA,CAMILLE,MUPHY,1025,PINE GROVE,RD,,,CONCORD,AR,72523,,,,,,,,
A102118,GAYLA,CAMILLE,MMURPHY,1025,Pine Grove,RD,,,concord,AR,72523,,,,,,,090-45-3940,19630923
A101586,RICHARD,,MURPHY,1025,PINE GROVE,RD,,,CONCORD,AR,72523,,,,,,,090-46-4212,19570328
A104796,RICHARD,,Murphy,1025,PINE GROVE,RD,,,CONCORD,AR,72523,,,,,,,,19570328
A100175,RICHARD,,MURPHY,1025,PINE GROVE,RD,,,CONCORD,AR,72523,,,,,,,,1957
A103694,RICHARD,,MURPHY,1025,PINE GROVE,RD,,,CONCORD,AR,7252,,,,,,,,19570328
A105168,RICHARD,,MUURPHY,1839,LOMA VISTA,ST,APT,A,RIVERSIDE,CA,92507,PO BOX,8926,52661,RIVERSIDE,,92517,090464221,19570328
A105563,SUSAN,ANN,VASQUZ,1839,LOMA VISTA,ST,,A,RIVERSIDE,Calif.,92507,PO BOX,8926,52661,RIVERSIDE,,92517,,
A106554,RICHARD,,MURHY,1839,LOMA VISTA,ST,APT,A,RIVERSIDE,Calif.,92507,PO BOX,8926,,,CA,,,19570328
A104758,RICHARD,,MURPHY,1839,LOMA VISTA,ST,APT,A,RIVERSIDE,Calif.,92507,PO BOX,8926,52661,RIVERSIDE,,92517,090-46-4212,1957
A100453,RICHARD,,MURPHY,2925,8TH,ST,,,FRESNO,CA,9370,PO BOX,,5991,,CA,,,1957
A105391,RICHARD,,MURPHY,2925,8TH,ST,,,FRESNO,CA,93703,PO BOX,5502,5991,FRESNO,,,,19570328
A103011,RICHARD,,MURPHY,2925,8Th,ST,,,Fresno,CA,93703,,,,FRESNO,CA,93755,,1957
A104383,RICHARD,,murpphy,2925,8TH,ST,,,FRESNO,Calif.,93703,,5502,,,CA,,090-46-4212,19570328
A101898,IMELDA,,ALVARADO,4945 B,EAGLEWOOD,RD,,,BOYNTON BEACH,FL,33436,,,,,,,121-88-2476,
A104344,IMELDA,,ALVARADO,4945 B,eaglewood,RD,,,BOYNTON BEACH,FL,3343,,,,,,,121-88-2476,19460708
A103199,imelda,YESENIA,Alvarad,4945 B,Eaglewood,RD,,,BOYNTON BEACH,FL,3343,,,,,,,121-88-2476,19460708
A101701,imelda,YESENIA,ALVARADO,4945 B,EAGLEWOOD,RD,,,"BOYNTON,BEACH",Fla.,3343,,,,,,,121-88-2476,19460708
A103645,IMELDA,YESENIA,ALVARADO,4945 B,EAGLEWOOD,RD,,,boynton beach,FL,33436,,,,,,,121-88-2476,
A105953,Pat,,Pirone,4945,23Rd,AVE,,,Miami,FL,33142,PO BOX,731,430115,MIAMI,FL,33243,121882476,19460708
A105338,THOMAS,,LOPEZ,4945,23RD,AVE,,,MIAMI,Fla.,33142,PO BOX,,430115,,FL,33243,121-88-2476,19460708
A100810,IMELDA,YESENIA,LVARADO,4945,23RD,AVE,,,MIAMI,FL,33142,PO BOX,731,430115,MIAMI,FL,,121-88-2476,1946
A105656,IMELDA,YESENIA,ALVARADO,420,130TH,ST,,,NORTH MIAMI,FL,33168,,,,,,,121-88-2476,
A101029,IMELDA,YESENIA,LAVARADO,420,130Th,ST,,,"NORTH,MIAMI",FL,3316,,,,,,,82476,19460708
A105627,paul,,Vasquez,420,130TH,ST,,,north miami,FL,33168,,,,,,,,19460708
A102187,James,,PEREZ,420,130TH,ST,,,NORTH MIAMI,FL,33168,,,,,,,121-88-2476,1946
A103863,IMELDA,,ALVARADO,420,130TH,ST,,,"NORTH,MIAMI",FL,33168,,,,,,,121-88-2476,19460708
A104809,YOLANDA,,Martinez,420,130TH,ST,,,"NORTH,MIAMI",FL,33168,,,,,,,121-88-2476,1946
A103083,RICHARD,L,GONZALEEZ,333,st andrews,PL,APT,121,"LOS,ANGELES",CA,90020,PO BOX,503,,LOS ANGELES,CA,,,19490823
A104281,RICHARD,L,GONZALEZ,333,ST ANDREWS,PL,APT,121,LOS ANGELES,CA,9002,PO BOX,,881605,LOS ANGELES,CA,,121888867,
A101806,MISTY,CHI,DANG,333,ST ANDREWS,PL,APT,121,"LOS,ANGELES",CA,90020,PO BOX,503,881605,LOS ANGELES,,90009,121-88-8867,
A101227,JAMES ,,CHAUNCE,333,ST ANDREWS,PL,APT,121,LOS ANGELES,CA,9002,PO BOX,503,881605,LOS ANGELES,,,121-88-8867,
A104067,RICHARD,,GGONZALEZ,333,ST ANDREWS,PL,,121,"LOS,ANGELES",Calif.,90020,,503,881605,LOS ANGELES,CA,,121-88-8867,
A101246,RICHARD,L,GONZALEZ,317,COLLEGE,ST,,,LA HABRA,CA,90631,,,,,,,,19490823
A101127,richard,,GONZALEZ,317,COLLEGE,ST,,,LA HABRA,CA,90631,,,,,,,,19490823
A105271,RICHARD,L,GONZALEZ,317,COLLEGE,ST,,,LA HABRA,CA,9063,,,,,,,121-88-8867,19490823
A103388,RICHARD,,GONZALEZ,1241,Johnson,AVE,,235,SAN LUIS OBISPO,CA,93401,,,,,,,121-88-8867,
A104923,RICHARD,L,GONZALEZ,1241,JOHNSON,AVE,#,235,"SAN,LUIS,OBISPO",Calif.,93401,,,,,,,121-88-8867,1949
A100759,RICHARD,L,GONZALLEZ,1241,JOHNSON,AVE,#,235,"SAN,LUIS,OBISPO",CA,9340,,,,,,,121888867,19490823
A100706,IMELDA,,GONZALEZ,45,NORWOOD,AVE,,,DALY CITY,Calif.,94015,,,,,,,121-88-2476,19460708
A100056,IMELDA,YESENIA,GONZALEZ,45,NORWOOD,AVE,,,"DALY,CITY",CA,94015,,,,,,,82476,19460708
A106212,PATRICIA,CARREON,LEWIS,45,Norwood,AVE,,,daly city,CA,94015,,,,,,,121-88-2476,
A106319,IMELDA,YESENIA,GONZZALEZ,45,Norwood,AVE,,,"daly,city",CA,9401,,,,,,,,
A100234,IMELDA,YESENIA,GONZALEZ,45,NORWOOD,AVE,,,"DALY,CITY",CA,94015,,,,,,,121882746,19460708
A103473,RICHARD,L,Gonzalez,45,NORWOOD,AVE,,,DALY CITY,Calif.,94015,,,,,,,,19490823
A103360,RICHARD,L,Gonzalez,45,NORWOOD,AVE,,,"DALY,CITY",CA,94015,,,,,,,,19490823
A105526,RICHARD,L,GONZALEZ,45,NORWOOD,AVE,,,DALY CITY,CA,9401,,,,,,,,1949
A102901,M DIAZ,,,231,BROADWAY,ST,,,LAKE ELSINORE,Calif.,92530,,15517,1228,,CA,92531,,
A104641,IMELDA,YESENIA,onzalez,231,BROADWAY,ST,,,LAKE ELSINORE,Calif.,92530,,,1228,LAKE ELSINORE,CA,92531,82476,19460708
A106972,IMELDA,YESENIA,Gonzaelz,231,BROADWAY,ST,,,LAKE ELSINORE,CA,92530,PO BOX,15517,,,,92531,,1946
A102300,IMELDA,YESENIA,GONZAELZ,231,BROADWAY,ST,,,Lake Elsinore,Calif.,92530,PO BOX,15517,,,,,121-88-2476,1946
A102578,RICHARD,L,GONALEZ,231,BROADWAY,ST,,,LAKE ELSINORE,Calif.,92530,,,1228,,,,121-88-8867,1949
A105619,RICHARD,,GONALEZ,231,BROADWAY,ST,,,LAKE ELSINORE,Calif.,92530,PO BOX,15517,1228,LAKE ELSINORE,,92531,,19490823
A105176,RICHARD,,GOONZALEZ,231,BROADWAY,ST,,,LAKE ELSINORE,Calif.,92530,,15517,,,CA,92531,,19490823
A102233,DIANNA,M,HERNANDEZ,231,BROADWAY,ST,,,"LAKE,ELSINORE",CA,92530,PO BOX,15517,1228,LAKE ELSINORE,,92531,121-88-8867,
A105543,RICHARD,,GONZALEZ,231,BROADWAY,ST,,,"LAKE,ELSINORE",CA,92530,PO BOX,15517,1228,LAKE ELSINORE,CA,92531,,
A102376,IMELDA,YESENIA,GONZALEZ,4215,TEAL,ST,APT,13,BAKERSFIELD,CA,93304,,,,,,,,
A101625,IMELDA,YESENIA,GONZALEZ,4215,TEAL,ST,APT,13,BAKERSFIELD,CA,93304,,,,,,,,1946
A100223,IMELDA,,GONZALEZ,4215,Teal,ST,APT,13,Bakersfield,Calif.,93304,,,,,,,121828476,
A102186,IMELDA,,GONZALEZ,4215,TEAL,ST,,13,bakersfield,Calif.,93304,,,,,,,,
A100733,Amy,,Dolimont,4215,TEAL,ST,APT,,BAKERSFIELD,Calif.,93304,,,,,,,121-88-2476,19460708
A103703,imelda,YESENIA,GOZALEZ,4215,TEAL,ST,APT,13,Bakersfield,Calif.,93304,,,,,,,,19460708
A104094,RICHARD,L,GONZALEZ,4215,TEAL,ST,,,BAKERSFIELD,Calif.,93304,,,,,,,121-88-8867,1949
A101896,RICHARD,L,GGONZALEZ,4215,TEAL,ST,,,BAKERSFIELD,Calif.,9330,,,,,,,,19490823
A102092,RICHARD,,GONZALEZ,4215,TEAL,ST,,,BAKERSFIELD,CA,93304,,,,,,,121-88-8867,1949
A104149,RICHARD,L,GONZALEZZ,4215,TEAL,ST,APT,13,Bakersfield,CA,93304,,,,,,,121-88-8867,1949
A106480,AMELITA,ANN,WOOD,405,RANCHO ARROYO,PKWY,,,FREMONT,CA,94536,,,,,,,,
A102021,AMELITA,ANN,OWOD,405,RANCHO ARROYO,PKWY,APT,229,FREMONT,Calif.,94536,,,,,,,126456555,19720405
A104102,LUCILE,,RAMIREZ,405,RANCHO ARROYO,PKWY,APT,229,FREMONT,Calif.,9453,,,,,,,126-45-5655,19720405
A103262,AMELITA,ANN,WOOD,405,RANCHO ARROYO,PKWY,APT,229,FREMONT,Calif.,94536,,,,,,,,
A106074,B. M.,,,405,RANCHO ARROYO,PKWY,APT,229,FREMONT,CA,94536,,,,,,,126-45-5655,
A101437,AMELITA,ANN,WOOD,405,RANCHO ARROYO,PKWY,,229,FREMONT,CA,9453,,,,,,,,
A102115,RICHARD,,MURHY,1809,La Mesa,LN,,,"san,angelo",TX,76905,PO BOX,,724,SAN ANGELO,TX,76902,126-45-5728,19770301
A102872,RICHARD,,MURPHY,1809,LA MESA,LN,,,"SAN,ANGELO",TX,76905,,28249,,,TX,76902,124655728,19770301
A106354,RICHARD,,MURPYH,1809,LA MESA,LN,,,SAN ANGELO,Texas,7690,PO BOX,28249,724,SAN ANGELO,,76902,126-45-5728,19770301
A102208,RICHARD,,MURPHY,22819,laurelwood,LN,,,Tomball,TX,77375,,26333,,TOMBALL,TX,77377,126457528,19770301
A105165,RICHARD,,Murphy,22819,LAURELWOOD,LN,,,TOMBALL,TX,77375,PO BOX,26333,1118,TOMBALL,TX,,126-45-5728,19770301
A105810,RICHARD,,MURPHY,22819,laurelwood,LN,,,TOMBALL,TX,7737,,26333,1118,,TX,77377,126-45-5728,19770301
A102783,RICHARD,,MURPY,22819,LAURELWOOD,LN,,,TOMBALL,TX,77375,,,,TOMBALL,TX,77377,,1977
A102799,AMELITA,ANN,MURPHY,316,TREVINO,TRL,,,LANCASTER,TX,7514,,,,,,,126-45-5655,19720405
A107192,AMELITA,,MURPHY,316,trevino,TRL,,,LANCASTER,TX,75146,,,,,,,126-45-5655,
A100181,AMELITA,ANN,MURPHY,316,TREVINO,TRL,,,LANCASTER,Texas,75146,,,,,,,55655,19720405
A106130,AMELITA,ANN,MURPHY,316,TREVINO,TRL,,,LANCASTER,Texas,75146,,,,,,,126-45-5655,
A106131,M CASTILLO,,,316,TREVINO,TRL,,,LANCASTER,Texas,75146,,,,,,,,19720405
A106845,AMELITA,ANN,MURPHY,316,TREVINO,TRL,,,LANCASTER,Texas,75146,,,,,,,,
A101363,DIANNA,,HERNANDEZ,316,TREVINO,TRL,,,LANCASTER,TX,7514,,,,,,,,19770301
A104977,RICHARD,,MURPHY,316,TREVINO,TRL,,,LANCASTER,Texas,7514,,,,,,,126-45-5728,
A104230,RICHARD,,MURRPHY,316,TREVINO,TRL,,,LANCASTER,Texas,75146,,,,,,,126-45-5728,19770301
A100731,RICHARD,,MURPH,316,TREVINO,TRL,,,LANCASTER,TX,75146,,,,,,,126455782,
A100623,RICHARD,,UMRPHY,316,TREVINO,TRL,,,LANCASTER,TX,75146,,,,,,,,
A103072,SANDRA,ALMAGUER,ASNTILLIAN,2600,LAKE VIEW,AVE,,,LOS ANGELES,Calif.,90039,PO BOX,503,881605,LOS ANGELES,CA,90009,,
A101624,SANDRA,ALMAGUER,SANTILLIAN,2600,lake view,AVE,,,LOS ANGELES,CA,9003,,503,881605,LOS ANGELES,,90009,144-04-3016,1959
A100254,SANDRA,ALMAGUER,SANILLIAN,2600,LAKE VIEW,AVE,,,LOS ANGELES,CA,9003,PO BOX,503,881605,,,90009,144043061,
A103167,AMY,,DOLLMONT,111,SAN SABA,LN,,,TEXARKANA,TX,7550,,,,,,,,
A102514,Richard,L,GONZALEZ,111,SAN SABA,LN,,,TEXARKANA,TX,7550,,,,,,,144089321,
A100835,RICHARD,,GONZZALEZ,111,SAN SABA,LN,,,TEXARKANA,TX,75503,,,,,,,144-08-9321,19660620
A100968,Richard,L,GONZAEZ,111,SAN SABA,LN,,,TEXARKANA,TX,75503,,,,,,,144089312,
A103122,RICHARD,,GONZALEZ,111,San Saba,LN,,,TEXARKANA,TX,75503,,,,,,,,
A104415,RICHARD,L,GOONZALEZ,111,SAN SABA,LN,,,TEXARKANA,TX,75503,,,,,,,144-08-9321,19660620
A103392,RICHARD,L,GONZZALEZ,1507,HOUSTON,ST,,,AMARILLO,TX,79107,,,,,,,144-08-9321,19660620
A100595,RICHARD,L,GONZALEZ,1507,houston,ST,,,AMARILLO,TX,7910,,,,,,,144089321,19660620
A100560,RICHARD,L,GONZALEZ,1507,HOUSTON,ST,,,AMARILLO,TX,7910,,,,,,,,1966
A103106,SANDRA,ALMAGUER,GONZALEZ,509,DAVIES,CT,,,BAKERSFIELD,CA,93309,,1932,60103,BAKERSFIELD,CA,93386,,1959
A105759,sandra,ALMAGUER,Gonzale,509,DAVIES,CT,,,BAKERSFIELD,CA,93309,,1932,60103,,,93386,144-04-3016,
A101754,Jayson,,GONZALEZ,509,DAVIES,CT,,,BAKERSFIELD,CA,93309,PO BOX,1932,60103,BAKERSFIELD,,93386,144-04-3016,19590310
A106483,Jose,,REYES,509,Davies,CT,,,BAKERSFIELD,CA,9330,,1932,60103,BAKERSFIELD,,,,1959
A102552,SANDRA,ALMAGUER,GONZALEZ,509,DAVIES,CT,,,Bakersfield,CA,9330,PO BOX,1932,,,CA,93386,144-04-3016,
A105789,SANDRA,ALMAGUER,GONZALEZ,509,DAVIES,CT,,,BAKERSFIELD,CA,93309,PO BOX,,60103,,CA,93386,,1959
A100923,RICHARD,L,GONZAEZ,509,Davies,CT,,,BAKERSFIELD,CA,93309,PO BOX,1932,60103,BAKERSFIELD,CA,93386,144083921,19660620
A104456,Richard,L,GONZLAEZ,509,DAVIES,CT,,,BAKERSFIELD,CA,9330,,1932,60103,BAKERSFIELD,,93386,,19660620
A106820,RICHARD,L,GONZLAEZ,509,DAVIES,CT,,,BAKERSFIELD,CA,9330,PO BOX,1932,60103,BAKERSFIELD,CA,93386,,19660620
A103599,RICHARD,,GONZALEZ,509,DAVIES,CT,,,BAKERSFIELD,Calif.,9330,,,,BAKERSFIELD,CA,93386,144-08-9321,19660620
A103029,RICHARD,L,GONZALEZ,509,DAVIES,CT,,,BAKERSFIELD,CA,93309,PO BOX,1932,,BAKERSFIELD,,93386,,
A100651,LILIA,,PEREZ,1106,SHAWNEE,DR,,,kissimmee,FL,34744,,,,,,,028-28-2053,19461027
A102073,GEORGIA,THOMAS,GUNDERSON,1106,SHAWNEE,DR,,,Kissimmee,FL,3474,,,,,,,028-28-2053,
A102206,GEORGIA,THOMAS,GUNDERSON,1106,SHAWNEE,DR,,,KISSIMMEE,FL,3474,,,,,,,028-28-2053,19461027
A106138,Georgia,,GUNDESRON,1106,SHAWNEE,DR,,,KISSIMMEE,FL,34744,,,,,,,028-28-2053,19461027
A107180,Georgia,,gunderson,966,IONIA,ST,,,JACKSONVILLE,FL,32206,PO BOX,4285,5314,JACKSONVILLE,FL,32247,028282053,
A100847,GEORGIA,,GUNDERSON,966,IONIA,ST,,,JACKSONVILLE,FL,32206,PO BOX,4285,,,FL,,028-28-2053,1946
A106737,Georgia,THOMAS,Gundersno,966,IONIA,ST,,,JACKSONVILLE,FL,3220,,4285,5314,JACKSONVILLE,FL,32247,,1946
A100039,GEORGIA,THOMAS,GUNDERSON,966,IONIA,ST,,,Jacksonville,Fla.,32206,,4285,,JACKSONVILLE,FL,,028-28-2053,
A102473,RICHARD,,MURPHY,966,ionia,ST,,,Jacksonville,FL,3220,PO BOX,4285,,JACKSONVILLE,FL,,028-28-2053,19461027
A104205,georgia,,GUNDERSON,966,IONIA,ST,,,JACKSONVILLE,Fla.,32206,PO BOX,4285,5314,JACKSONVILLE,,32247,028-28-2053,
A102935,ROBERT,,DIAZZ,10107,SENECA,TRL,,,MAGNOLIA,TX,7735,,,,,,,028-28-4043,19421221
A102131,ROBERT,,DDIAZ,10107,Seneca,TRL,,,MAGNOLIA,TX,7735,,,,,,,,19421221
A100998,ROBERT,,DIAZ,10107,SENECA,TRL,,,MAGNOLIA,Texas,7735,,,,,,,028-28-4043,
A100305,ROBERT,,DIZ,470,COUNTY ROAD 3065,,,,MOUNT PLEASANT,TX,7545,,,,,,,028284043,19421221
A103273,ROBERT,,DIAZ,470,COUNTY ROAD 3065,,,,MOUNT PLEASANT,Texas,7545,,,,,,,028-28-4043,
A103938,robert,,diaz,470,COUNTY ROAD 3065,,,,"MOUNT,PLEASANT",Texas,75455,,,,,,,,19421221
A106453,DIANNA,,HERNANDEZ,470,COUNTY ROAD 3065,,,,"MOUNT,PLEASANT",TX,7545,,,,,,,028-28-4043,19421221
A104711,ROBERT,,DIAZ,470,COUNTY ROAD 3065,,,,MOUNT PLEASANT,TX,75455,,,,,,,028-28-4043,
A101381,GEORGIA,THOMAS,DIZ,1485,8TH,ST,,,OAKLAND,CA,94607,,,18616,OAKLAND,,94619,028-28-2053,1946
A102827,Georgia,THOMAS,diaz,1485,8TH,ST,,,OAKLAND,Calif.,94607,,3636,18616,OAKLAND,,94619,028-28-2053,1946
A102727,GEORGIA,THOMAS,DIAZ,1485,8TH,ST,,,OAKLAND,Calif.,94607,PO BOX,,,,CA,94619,028-28-2053,19461027
A103746,GEORGIA,,DIAAZ,1485,8TH,ST,,,OAKLAND,CA,94607,PO BOX,3636,18616,OAKLAND,CA,94619,028-28-2053,19461027
A100865,ROBERT,,diaz,1485,8th,ST,,,oakland,CA,9460,,,18616,OAKLAND,,,028824043,19421221
A101867,ROBERT,,diiaz,1485,8TH,ST,,,OAKLAND,CA,94607,,3636,18616,OAKLAND,,94619,028-28-4043,19421221
A103279,ROBERT,,DIAZ,1485,8TH,ST,,,Oakland,Calif.,9460,PO BOX,,,OAKLAND,CA,94619,028-28-4043,19421221
A106861,SHARAN,A,LEGR,1704,LUCAS,TER,,,PLANO,TX,75074,PO BOX,13915,860105,PLANO,,75086,031-40-7093,1970
A101067,GLENN.,G,MARTINEZ,1704,lucas,TER,,,PLANO,TX,75074,,13915,860105,PLANO,TX,75086,,1970
A100723,SHARAN,A,leger,1704,LUCAS,TER,,,PLANO,Texas,75074,PO BOX,,,PLANO,TX,75086,031-40-7093,1970
A104023,SHARAN,A,Leger,1704,LUCAS,TER,,,PLANO,TX,75074,PO BOX,13915,860105,PLANO,TX,75086,,
A101891,SHARAN,,LEGER,1704,LUCAS,TER,,,plano,TX,7507,,13915,860105,PLANO,TX,75086,,
A103218,SHARAN,A,LEGER,1440,BITTERS,RD,APT,708,San Antonio,TX,78248,,,,,,,031-40-7093,1970
A100804,SHARAN,,LEGER,1440,BITTERS,RD,APT,708,"SAN,ANTONIO",TX,78248,,,,,,,,1970
A102177,SHARAN,,leger,1440,BITTERS,RD,APT,708,SAN ANTONIO,TX,7824,,,,,,,031470093,1970
A106821,ROBERT,,SANCHEZ,40,TILLMAN,AVE,,,SAN JOSE,CA,95126,PO BOX,,640083,SAN JOSE,CA,95164,,1972
A103928,ROBERT,,SANCHEZ,40,TILLMAN,AVE,,,SAN JOSE,Calif.,9512,PO BOX,1820,640083,SAN JOSE,CA,95164,031-42-6231,
A106046,ROBERT,,SANCHEZ,40,TILLMAN,AVE,,,SAN JOSE,Calif.,95126,PO BOX,1820,640083,,,95164,031-42-6231,
A103528,Jeramie,Anne,Ulch,40,TILLMAN,AVE,,,"SAN,JOSE",Calif.,95126,,1820,640083,SAN JOSE,CA,,031246231,19720124
A104237,ROBERT,,SANCHEZ,40,TILLMAN,AVE,,,SAN JOSE,CA,95126,PO BOX,1820,640083,SAN JOSE,CA,95164,031-42-6231,
A102240,ROBERT,,SNACHEZ,27405,CHERRY CREEK,DR,,,VALENCIA,CA,91354,,,,,,,031-42-6231,
A103449,ROBERT,,SANCHEZ,27405,CHERRY CREEK,DR,,,VALENCIA,CA,91354,,,,,,,,19720124
A103385,ROBERT,,SANCHEZ,27405,CHERRY CREEK,DR,,,VALENCIA,Calif.,9135,,,,,,,,1972
A102549,Robert,,Sannchez,27405,Cherry Creek,DR,,,valencia,CA,91354,,,,,,,,19720124
A104250,SHARAN,A,SANCHEZ,18486,NORTHRIDGE,DR,,,SALINAS,CA,9390,,,,,,,031470093,19700115
A102982,SHARAN,,SANCHEZ,18486,NORTHRIDGE,DR,,,SALINAS,Calif.,9390,,,,,,,,19700115
A103596,sharan,A,sanchze,18486,NORTHRIDGE,DR,,,SALINAS,Calif.,93906,,,,,,,031-40-7093,19700115
A102091,sharan,,Sachez,18486,NORTHRIDGE,DR,,,SALINAS,Calif.,93906,,,,,,,031-40-7093,19700115
A103368,ROBERT,,SANCHEZ,18486,NORTHRIDGE,DR,,,SALINAS,CA,93906,,,,,,,,1972
A101928,ROBERT,,SANCHZ,18486,NORTHRIDGE,DR,,,SALINAS,CA,93906,,,,,,,,
A105692,ROBERT,,SANCHEZ,18486,NORTHRIDGE,DR,,,SALINAS,CA,9390,,,,,,,031-42-6231,19720124
A102114,SHARAN,SANCHEZ,LEGER,344,COVERED BRIDGE,BLVD,,,LAKE WORTH,Fla.,33467,,,,,,,,1970
A100266,SHARAN,,LGER,344,COVERED BRIDGE,BLVD,,,LAKE WORTH,FL,33467,,,,,,,07093,19700115
A100139,SHARAN,,LEGER,344,COVERED BRIDGE,BLVD,,,LAKE WORTH,FL,3346,,,,,,,031-40-7093,19700115
A104357,SHARAN,SANCHEZ,LEGRE,344,COVERED BRIDGE,BLVD,,,LAKE WORTH,Fla.,3346,,,,,,,031-40-7093,19700115
A101970,SHARAN,,LEGGER,344,covered bridge,BLVD,,,LAKE WORTH,FL,3346,,,,,,,031-40-7093,19700115
A101190,SHARAN,SANCHEZ,LEGGER,1420,ELEANOR,AVE,,,"JENSEN,BEACH",FL,3495,,1705,1880,JENSEN BEACH,FL,34958,031-40-7093,1970
A101577,SHARAN,,LEGER,1420,ELEANOR,AVE,,,"JENSEN,BEACH",FL,34957,,1705,,JENSEN BEACH,FL,34958,031-40-7093,19700115
A105201,SHARAN,SANCHEZ,LEGER,1420,ELEANOR,AVE,,,JENSEN BEACH,FL,34957,PO BOX,1705,1880,JENSEN BEACH,FL,,,19700115
A104608,SHARAN,SANCHEZ,LEGER,1420,ELEANOR,AVE,,,JENSEN BEACH,Fla.,34957,PO BOX,1705,1880,JENSEN BEACH,FL,,,19700115
A103247,SHARAN,,ELGER,1420,ELEANOR,AVE,,,JENSEN BEACH,FL,34957,,1705,,,FL,34958,,1970
A101601,SHARAN,SANCHEZ,LEGER,1420,ELEANOR,AVE,,,JENSEN BEACH,FL,34957,PO BOX,1705,1880,,FL,34958,031-40-7093,
A106446,ROBERT,,SANCHEZ,11567,NEWTON,CIR,,,CONROE,TX,7730,,,,,,,,19720124
A105819,ROBERT,,SANCHEZ,11567,NEWTON,CIR,,,Conroe,TX,7730,,,,,,,,19720124
A104487,ROBERT,,ANCHEZ,11567,NEWTON,CIR,,,CONROE,Texas,77303,,,,,,,,
A101689,Robert,,SANCHEZ,11567,NEWTON,CIR,,,CONROE,TX,77303,,,,,,,,1972
A104594,ROBERT,,SANCHEZ,106,Lakemont,DR,,,HUTTO,TX,78634,,,,,,,031-42-6231,
A104445,ROBERT,,SANCHEZ,106,LAKEMONT,DR,,,HUTTO,TX,78634,,,,,,,,19720124
A104060,ROBERT,,SANCEHZ,106,LAKEMONT,DR,,,HUTTO,Texas,78634,,,,,,,031-42-6231,1972
A103509,robert,,SANCHZE,106,LAKEMONT,DR,,,HUTTO,TX,78634,,,,,,,031-42-6231,1972
A101926,ROBERT,,SANCHEZ,106,LAKEMONT,DR,,,HUTTO,TX,7863,,,,,,,031426231,
A106152,ROBERT,,sanchez,106,LAKEMONT,DR,,,HUTTO,Texas,78634,,,,,,,031-42-6231,19720124
A101352,CLAUDIA,,tobias,262,INDIAN PAINTBRUSH,,,,BANDERA,TX,78003,,,,,,,02848,19230221
A104254,CLAUDIA,,TOBIAS,262,INDIAN PAINTBRUSH,,,,BANDERA,TX,78003,,,,,,,,
A102546,CLAUDIA,,TOBIAS,262,Indian Paintbrush,,,,Bandera,TX,7800,,,,,,,033702848,1923
A101759,CLAUDIA,,Tobis,262,INDIAN PAINTBRUSH,,,,BANDERA,TX,7800,,,,,,,,
A106786,CLAUDIA,,TOBIAS,262,INDIAN PAINTBRUSH,,,,BANDERA,TX,78003,,,,,,,033708248,
A106310,CLAUDIA,,TOBIAS,262,INDIAN PAINTBRUSH,,,,BANDERA,TX,78003,,,,,,,033-70-2848,19230221
A104719,claudia,,tobias,634,BAY CLUB,DR,,,SEABROOK,Texas,77586,,,,,,,033-70-2848,19230221
A100936,CLAUDIA,,TOBIAS,634,BAY CLUB,DR,,,SEABROOK,Texas,77586,,17615,1218,SEABROOK,,77586,033-70-2848,19230221
A105080,CLAUDIA,,TOBIAS,634,BAY CLUB,DR,,,SEABROOK,TX,77586,PO BOX,17615,,SEABROOK,TX,77586,,19230221
A101733,RICHARD,,MURPHY,8754,BANYAN,WAY,,,CAPE CANAVERAL,FL,32920,PO BOX,64615,,,,32920,033715966,1924
A100922,ROBERT,,LAXTON,8754,BANYAN,WAY,,,"CAPE,CANAVERAL",FL,32920,PO BOX,,1125,CAPE CANAVERAL,FL,,15696,
A102591,ROBERT,,LAXTON,8754,BANYAN,WAY,,,CAPE CANAVERAL,FL,32920,PO BOX,,1125,CAPE CANAVERAL,,32920,033715966,19241202
A102916,Raechel,,DIAZ,7237,REMBRANDT,DR,,,PLANO,TX,7509,,,,,,,,1923
A106314,Mike,,LOPEZ,7237,REMBRANDT,DR,,,PLANO,Texas,7509,,,,,,,,
A106084,CLAUDIA,,Laxton,7237,REMBRANDT,DR,,,PLANO,Texas,75093,,,,,,,,19230221
A106876,Robert,,SANCHEZ,7237,REMBRANDT,DR,,,PLANO,TX,75093,,,,,,,033-71-5696,
A104508,ROBERT,FAYE,LAXTON,7237,REMBRANDT,DR,,,PLANO,Texas,75093,,,,,,,033-71-5696,1924
A103062,WILLIAM,JOHN,CARERON,7237,Rembrandt,DR,,,Plano,Texas,7509,,,,,,,033715696,19241202
A105618,ROBERT,FAYE,LAXTON,7237,REMBRANDT,DR,,,PLANO,TX,7509,,,,,,,033-71-5696,
A101158,Robert,,LAXTON,7237,REMBRANDT,DR,,,PLANO,TX,75093,,,,,,,033-71-5696,1924
A105672,CLAUDIA,,LAXTON,4025,Burke,RD,APT,1212,Pasadena,TX,77504,,,,,,,033072848,
A106294,CLAUDIA,,LAXTON,4025,BURKE,RD,APT,1212,PASADENA,Texas,77504,,,,,,,033-70-2848,19230221
A102662,CLAUDIA,,laxton,4025,Burke,RD,APT,1212,Pasadena,TX,77504,,,,,,,033-70-2848,1923
A104297,CLAUDIA,,LAXXTON,4025,burke,RD,APT,1212,PASADENA,TX,77504,,,,,,,033720848,19230221
A101164,Robert,,Laxton,4025,BURKE,RD,APT,,PASADENA,Texas,7750,,,,,,,033-71-5696,19241202
A101527,ROBERT,FAYE,LAXTON,4025,BURKE,RD,APT,1212,PASADENA,TX,77504,,,,,,,033-71-5696,1924
A104037,ROBERT,FAYE,LAXTON,4025,BURKE,RD,APT,1212,PASADENA,Texas,77504,,,,,,,033-71-5696,1924
A104733,ROBERT,FAYE,LAXTON,4025,BURKE,RD,,,PASADENA,TX,7750,,,,,,,033-71-5696,
A100042,RICHARD,B.,HANSEN,75337,KELSEY,CIR,,,"PALM,DESERT",CA,92211,,,,,,,08368,19800205
A105998,DENISE,LYNN,ALGARN,75337,KELSEY,CIR,,,"PALM,DESERT",CA,9221,,,,,,,061-60-8368,
A104913,Linda,,Singh,75337,KELSEY,CIR,,,PALM DESERT,CA,92211,,,,,,,061608368,19800205
A102744,JEAN,W,CONCANNON,75337,Kelsey,CIR,,,"PALM,DESERT",Calif.,9221,,,,,,,061-60-8368,19800205
A103834,SUSAN,ANN,VASQUEZ,75337,KELSEY,CIR,,,"PALM,DESERT",CA,9221,,,,,,,061608368,1980
A101993,JEAN,,CONCANNON,75337,Kelsey,CIR,,,PALM DESERT,Calif.,9221,,,,,,,061-60-8368,19800205
A101401,JEAN,,CONCANNNON,5711,COLUMBIA,WAY,SPC,17,"QUARTZ,HILL",CA,93536,,,,,,,061-60-8368,1980
A105333,JEAN,W,CONCANNON,5711,COLUMBIA,WAY,SPC,17,QUARTZ HILL,CA,93536,,,,,,,061608368,19800205
A105104,ANGELA,,KHALIL,5711,COLUMBIA,WAY,SPC,17,QUARTZ HILL,Calif.,93536,,,,,,,016608368,
A101578,JEAN,,CONCANNON,16796,Menahka,RD,,,apple valley,CA,9230,PO BOX,15736,,,,,061608368,1980
A104522,JEAN,,CONCANNN,16796,Menahka,RD,,,"apple,valley",Calif.,92307,PO BOX,,474,APPLE VALLEY,CA,92307,061-60-8368,19800205
A104310,Jean,W,OCNCANNON,16796,MENAHKA,RD,,,Apple Valley,CA,9230,PO BOX,15736,474,APPLE VALLEY,CA,,061-60-8368,19800205
A105681,JEAN,,CONCANNON,16796,MENAHKA,RD,,,APPLE VALLEY,CA,92307,PO BOX,15736,,,CA,,061-60-8368,19800205
A104437,JEAN,W,CONCANNON,16796,MENAHKA,RD,,,APPLE VALLEY,CA,92307,PO BOX,,,,,92307,,1980
A106505,ROBERT,,LAXTON,22060,QUEEN,ST,,,CASTRO VALLEY,CA,94546,PO BOX,3310,,CASTRO VALLEY,,94546,12331,
A102337,robert,FAYE,LAXTON,22060,Queen,ST,,,Castro Valley,CA,94546,PO BOX,3310,20554,CASTRO VALLEY,CA,,061-61-2331,
A106860,ROBERT,FAYE,LAXTON,22060,QUEEN,ST,,,"CASTRO,VALLEY",Calif.,9454,PO BOX,3310,20554,CASTRO VALLEY,,,,
A104021,ROBERT,FAYE,LAXTON,22060,Queen,ST,,,CASTRO VALLEY,CA,94546,PO BOX,3310,20554,CASTRO VALLEY,CA,94546,061-61-2331,
A104378,ROBERT,FAYE,Laxton,12313,YORK,AVE,,A,HAWTHORNE,CA,90250,PO BOX,29190,1482,HAWTHORNE,CA,,061-61-2331,
A102765,ROBERT,,LAXTON,12313,york,AVE,APT,A,HAWTHORNE,Calif.,90250,PO BOX,,,HAWTHORNE,,90251,061621331,
A103327,ROBERT,FAYE,LAXTON,12313,YORK,AVE,APT,A,HAWTHORNE,Calif.,90250,PO BOX,29190,,,,,601612331,
A106165,ROBERT,FAYE,laxton,12313,YORK,AVE,APT,A,HAWTHORNE,Calif.,90250,PO BOX,29190,1482,HAWTHORNE,,90251,,19791121
A100250,ROBERT,FAYE,LAXTON,12313,YORK,AVE,APT,A,HAWTHORNE,Calif.,9025,PO BOX,,1482,,,90251,,1979
A101765,JEAN,W,LAXTON,9603,THAXTON,RD,,,AUSTIN,Texas,78747,PO BOX,,90335,AUSTIN,TX,78709,,19800205
A107106,JEAN,W,LAXTON,9603,Thaxton,RD,,,Austin,TX,7874,PO BOX,10990,90335,AUSTIN,,78709,061-60-8368,
A101771,JEAN,,LAXTON,9603,THAXTON,RD,,,AUSTIN,TX,78747,PO BOX,,90335,AUSTIN,TX,,,1980
A101495,ROBERT,FAYE,LAXTON,9603,THAXTON,RD,,,AUSTIN,Texas,78747,,10990,,AUSTIN,TX,,061-61-2331,
A102045,ROBERT,FAYE,LAXTON,9603,Thaxton,RD,,,AUSTIN,TX,78747,PO BOX,10990,90335,AUSTIN,TX,78709,12331,
A101621,ROBERT,,LAXTON,9603,Thaxton,RD,,,AUSTIN,TX,78747,PO BOX,10990,90335,AUSTIN,TX,78709,061-61-2331,19791121
A103447,REFUGIO,ALLEN,POLLARD,1844,18TH,ST,,,"SAN,PABLO",CA,94806,,,,,,,,19361227
A104582,REFUGIO,ALLEN,POLLARD,1844,18TH,ST,,,SAN PABLO,Calif.,9480,,,,,,,085-62-0910,19361227
A100397,REFUGIO,,POLLARD,1844,18TH,ST,,,SAN PABLO,CA,9480,,,,,,,,1936
A106729,refugio,ALLEN,POLLARD,1844,18TH,ST,,,SAN PABLO,CA,9480,,,,,,,085-62-0910,1936
A102247,REFUGIO,,POLLARD,6015,Wilkinson,ST,,,Sacramento,Calif.,95824,,,,,,,,19361227
A100538,REFUGIO,,POLLARD,6015,WILKINSON,ST,,,SACRAMENTO,CA,95824,,,,,,,085620910,19361227
A104058,Refugio,ALLEN,POLLARD,6015,WILKINSON,ST,,,SACRAMENTO,CA,9582,,,,,,,085-62-0910,19361227
A104751,REFUGIO,ALLEN,POLLARD,6015,WILKINSON,ST,,,SACRAMENTO,Calif.,9582,,,,,,,085-62-0910,19361227
A100216,REFUGIO,,POLLARD,6015,WILKINSON,ST,,,SACRAMENTO,CA,9582,,,,,,,085-62-0910,19361227
A100072,REFUGIO,ALLEN,POLLARD,6015,WILKINSON,ST,,,SACRAMENTO,Calif.,95824,,,,,,,085260910,19361227
A107057,ROBERT,,RAMIREZ,5902 J12,WEST,AVE,,,LANCASTER,Calif.,93536,PO BOX,19295,901754,LANCASTER,CA,,43497,
A102607,robert,,Ramirez,5902 J12,west,AVE,,,Lancaster,CA,9353,,19295,901754,LANCASTER,CA,93535,,
A105580,DEBORAH,,CHRIST0PHERS0N,5902 J12,WEST,AVE,,,LANCASTER,CA,9353,PO BOX,19295,,,,93535,,19401014
A106080,ROBERT,,RAMIREZ,5902 J12,WEST,AVE,,,LANCASTER,CA,93536,,19295,901754,,,93535,,19401014
A100885,ROBERT,,PEREEZ,5902 J12,WEST,AVE,,,LANCASTER,CA,93536,PO BOX,,901754,,CA,93535,085-64-3497,19401014
A106407,ROBERT,,RAMIERZ,5902 J12,West,AVE,,,LANCASTER,CA,9353,,19295,,LANCASTER,CA,93535,085-64-3497,19401014
A100239,ROBERT,,RAMIREZ,4207,LORREN,DR,APT,240,FREMONT,CA,94536,,8208,670,FREMONT,CA,,085-64-3497,19401014
A100485,ROBERT,,ramirez,4207,lorren,DR,APT,240,fremont,CA,94536,PO BOX,,670,FREMONT,CA,94537,085643479,
A103778,ROBERT,,RAMIREZ,4207,LORREN,DR,APT,240,FREMONT,CA,9453,PO BOX,8208,,FREMONT,,,085-64-3497,
A106362,ROBERT,,ramirez,1640,HOBART,BLVD,,29,LOS ANGELES,CA,90027,,,,,,,085643497,
A101787,Robert,,ramirez,1640,HOBART,BLVD,APT,29,LOS ANGELES,CA,9002,,,,,,,,1940
A107267,ROBERT,,RAMIREZ,1640,HOBART,BLVD,APT,29,LOS ANGELES,Calif.,90027,,,,,,,085-64-3497,1940
A106273,Refugio,,ramirez,301,International,BLVD,TRLR,G14,Laredo,TX,78045,PO BOX,40672,,LAREDO,TX,78045,,19361227
A101121,REFUGIO,ALLEN,RRAMIREZ,301,INTERNATIONAL,BLVD,TRLR,G14,Laredo,TX,78045,,,451224,LAREDO,TX,78045,085620910,19361227
A105863,REFUGIO,,RAMIREZ,301,INTERNATIONAL,BLVD,,,LAREDO,TX,78045,PO BOX,40672,451224,LAREDO,TX,,085620910,19361227
A102011,REFUGIO,,RAMIREZ,301,INTERNATIONAL,BLVD,,,LAREDO,TX,78045,PO BOX,,451224,LAREDO,TX,78045,085-62-0910,
A104952,REFUGIO,,RAIREZ,301,INTERNATIONAL,BLVD,,G14,LAREDO,TX,7804,PO BOX,40672,,LAREDO,TX,,085-62-0910,19361227
A105623,REFUGIO,,RAMIREZ,301,INTERNATIONAL,BLVD,TRLR,G14,LAREDO,TX,7804,,40672,451224,,TX,,085-62-0910,19361227
A103253,ROBERT,,RAMIREZ,301,INTERNATIONAL,BLVD,TRLR,G14,LAREDO,TX,7804,PO BOX,40672,451224,,TX,,,19401014
A103251,robert,,ramirez,301,INTERNATIONAL,BLVD,TRLR,G14,LAREDO,TX,7804,PO BOX,,,LAREDO,TX,78045,085644397,
A104892,ROBERT,,RAMIREZ,301,INTERNATIONAL,BLVD,TRLR,G14,LAREDO,TX,78045,PO BOX,40672,,,TX,78045,,19401014
A103298,refugio,ALLEN,ramirez,12109,SAINT CRISPIN,,,,"EL,PASO",TX,79936,PO BOX,,27096,EL PASO,TX,79926,,19361227
A102301,REFUGIO,ALLEN,RAMIREEZ,12109,saint crispin,,,,El Paso,TX,79936,PO BOX,1957,,,,79926,085-62-0910,19361227
A104976,REFUGIO,ALLEN,RAMIREZ,12109,SAINT CRISPIN,,,,EL PASO,TX,79936,,1957,27096,EL PASO,TX,,20910,1936
A104864,REFUGIO,ALLEN,RAMIREZ,12109,SAINT CRISPIN,,,,"EL,PASO",TX,79936,PO BOX,,27096,EL PASO,TX,,085-62-0910,
A102829,ROBERT,,RAMIREZ,12109,SAINT CRISPIN,,,,"EL,PASO",Texas,7993,PO BOX,,27096,,,79926,085-64-3497,19401014
A100111,ROBERT,,ramiez,12109,SAINT CRISPIN,,,,EL PASO,Texas,79936,PO BOX,1957,,EL PASO,TX,79926,085-64-3497,1940
A100186,ROBERT,,RAMIERZ,12109,SAINT CRISPIN,,,,EL PASO,TX,7993,PO BOX,1957,27096,EL PASO,TX,79926,085643497,19401014
A103781,ROBERT,,RAMIREZ,12109,SAINT CRISPIN,,,,"EL,PASO",TX,79936,PO BOX,,27096,,TX,,085-64-3497,1940
A103268,ROBERT,,DIZA,650,FLOYD,ST,,,PALM BAY,FL,3290,,,,,,,46473,
A103477,ROBERT,,DIAZ,650,Floyd,ST,,,PALM BAY,FL,3290,,,,,,,46473,
A100495,ROBERT,,IDAZ,650,Floyd,ST,,,PALM BAY,FL,32909,,,,,,,46473,19740721
A101685,ROBERT,,DIAZ,650,FLOYD,ST,,,PALM BAY,Fla.,32909,,,,,,,115-64-6473,
A106320,Robert,,diza,650,FLOYD,ST,,,PALM BAY,FL,32909,,,,,,,115-64-6473,
A103105,ROBERT,,DIAZ,1416,NEWBRIDGE,LN,,,ORLANDO,FL,32825,,1080,720506,,FL,32872,46473,19740721
A105013,ROBERT,,IDAZ,1416,NEWBRIDGE,LN,,,ORLANDO,FL,32825,PO BOX,,,ORLANDO,,32872,115646473,1974
A104696,ROBERT,,DIAZ,1416,NEWBRIDGE,LN,,,ORLANDO,FL,32825,PO BOX,1080,,,FL,32872,115-64-6473,19740721
A106223,ROBERT,,DIAZ,1416,NEWBRIDGE,LN,,,ORLANDO,FL,32825,,1080,,ORLANDO,FL,32872,115-64-6473,1974
A101539,ROBERT,,DIAAZ,1416,NEWBRIDGE,LN,,,ORLANDO,Fla.,3282,,1080,,ORLANDO,FL,32872,115-64-6473,
A100253,ROBERT,,DIAZ,1416,NEWBRIDGE,LN,,,ORLANDO,Fla.,3282,PO BOX,,720506,ORLANDO,,32872,46473,
A103600,JAMES,,HERNANDEZ,6996,TRAILRIDE,,,,MILTON,FL,32570,,,,,,,,19740721
A106185,ROBERT,,DIAZ,6996,Trailride,,,,MILTON,FL,3257,,,,,,,115-64-6473,
A105652,ROBERT,,DIIAZ,6996,TRAILRIDE,,,,MILTON,FL,3257,,,,,,,115646743,
A106312,ROBERT,,Diaz,716,HAVEN OAK,CT,,,APOPKA,Fla.,32703,,,,,,,,19740721
A102584,ROBERT,,DIAZ,716,HAVEN OAK,CT,,,APOPKA,Fla.,32703,,,,,,,,1974
A100449,ROBERT,,DIAZ,716,HAVEN OAK,CT,,,APOPKA,Fla.,32703,,,,,,,,
A106301,ROBERT,,IAZ,716,Haven Oak,CT,,,APOPKA,FL,32703,,,,,,,115-64-6473,
A106097,ROBERT,,Diz,716,HAVEN OAK,CT,,,APOPKA,FL,3270,,,,,,,,19740721
A105503,KIMBERLY,,MRR,13817,1St,ST,,,FORT MYERS,Fla.,33905,PO BOX,284,7586,FORT MYERS,FL,33911,131-26-6445,
A105343,KIMBERLY,SANA,Marr,13817,1ST,ST,,,FORT MYERS,Fla.,33905,,284,7586,,,,,19330604
A100760,KIMBERLY,SANA,MARR,13817,1ST,ST,,,"FORT,MYERS",Fla.,3390,PO BOX,284,,,,33911,131-26-6445,1933
A100629,KIMBERLY,SANA,MARR,13817,1ST,ST,,,FORT MYERS,FL,33905,PO BOX,284,7586,FORT MYERS,FL,33911,131-26-6445,
A105964,Y. HAROLDO,,URBINA,25221,138TH,ST,,,FORT MC COY,Fla.,32134,PO BOX,,,,FL,32134,,19330604
A104127,kimberly,SANA,MARR,25221,138TH,ST,,,FORT MC COY,FL,3213,PO BOX,8846,614,,FL,,,1933
A105263,PAULL,ALICE,GRANT,25221,138TH,ST,,,"fort,mc,coy",FL,3213,,8846,614,FORT MC COY,,,,19330604
A104075,kimberly,SANA,MARR,25221,138TH,ST,,,"FORT,MC,COY",FL,32134,PO BOX,,,FORT MC COY,FL,32134,131-26-6445,19330604
A105424,MORA G.,,CHAVEZ,25221,138TH,ST,,,"FORT,MC,COY",FL,3213,PO BOX,8846,614,FORT MC COY,FL,,131-26-6445,19330604
A101604,KIMBERLY,SANA,Marr,25221,138TH,ST,,,"FORT,MC,COY",FL,3213,PO BOX,,614,,,32134,,1933
A100213,ROBERT,,MEN,928,118TH,DR,,,LOS ANGELES,CA,90059,,,,,,,,1928
A106655,ROBERT,,MENA,928,118TH,DR,,,"LOS,ANGELES",CA,90059,,,,,,,131-27-9692,
A100963,ROBERT,,PEEZ,928,118th,DR,,,"los,angeles",CA,90059,,,,,,,131-27-9692,
A101711,robert,,EMNA,928,118TH,DR,,,"LOS,ANGELES",CA,90059,,,,,,,131-27-9692,1928
A106114,robert,,Mena,1000,BROWN,ST,APT,9,SAINT HELENA,Calif.,94574,,,,,,,,
A106192,ROBERT,,MENA,1000,BROWN,ST,,,SAINT HELENA,CA,94574,,,,,,,131-27-9692,19280703
A103091,ROBERT,,MNA,1000,BROWN,ST,APT,9,SAINT HELENA,CA,9457,,,,,,,131-27-9692,19280703
A100616,Robert,,mea,320,SYCAMORE,AVE,,,MANTECA,Calif.,95336,PO BOX,61597,4267,MANTECA,,95337,131-27-9692,
A101852,ROBERT,,MENA,320,SYCAMORE,AVE,,,MANTECA,CA,95336,,,4267,MANTECA,CA,95337,,1928
A101245,William K.,,Baird,320,SYCAMORE,AVE,,,MANTECA,Calif.,95336,PO BOX,61597,,MANTECA,CA,95337,131-27-9692,1928
A103762,ROBERT,,MENA,320,SYCAMORE,AVE,,,MANTECA,Calif.,95336,PO BOX,61597,,MANTECA,,95337,79692,1928
A105349,ROBERT,,MENA,320,SYCAMORE,AVE,,,MANTECA,CA,95336,PO BOX,61597,4267,MANTECA,,95337,,19280703
A106566,KIMBERLY,SANA,MENA,24040,Weldon,DR,,,Eustis,Fla.,32736,,,,,,,66445,
A102933,KIMBERLY,SANA,MENA,24040,weldon,DR,,,Eustis,FL,32736,,,,,,,66445,1933
A101257,KIMBERLY,SANA,MENAA,24040,WELDON,DR,,,Eustis,FL,32736,,,,,,,,
A105761,ROBERT,,MENA,24040,WELDON,DR,,,EUSTIS,FL,3273,,,,,,,131-27-9692,1928
A106153,ROBERT,,MENA,24040,weldon,DR,,,Eustis,FL,32736,,,,,,,131-27-9692,19280703
A107073,ROBERT,,MENA,24040,weldon,DR,,,EUSTIS,FL,32736,,,,,,,131-27-9692,
A103717,AMALIA,KAREN,SMALLEY,3453,L,ST,,,SAN DIEGO,Calif.,9210,,,,,,,138-76-1246,19651226
A104062,AMALIA,KAREN,Smalley,3453,L,ST,,,SAN DIEGO,CA,92102,,,,,,,138-76-1246,1965
A107116,AMALIA,,SMALLEY,3453,L,ST,,,San Diego,CA,92102,,,,,,,138-76-1246,1965
A100475,AMALIA,,SMALLEY,3453,L,ST,,,SAN DIEGO,Calif.,9210,,,,,,,138-76-1246,
A102825,AMALIA,,SMALLEEY,3453,L,ST,,,"SAN,DIEGO",CA,9210,,,,,,,138-76-1246,19651226
A103201,AMALIA,,SMALLE,3453,L,ST,,,SAN DIEGO,Calif.,92102,,,,,,,,19651226
A106307,Amalia,,SMALLEY,4303,TWEEDDALE,DR,,,BAKERSFIELD,Calif.,93311,PO BOX,,60103,BAKERSFIELD,CA,93386,138-76-1246,19651226
A103889,AMALIA,,SMALLLEY,4303,TWEEDDALE,DR,,,BAKERSFIELD,CA,93311,,1932,60103,,CA,,138761246,19651226
A104253,Amalia,KAREN,Smalley,4303,TWEEDDALE,DR,,,BAKERSFIELD,Calif.,93311,,,60103,BAKERSFIELD,CA,93386,,
A102097,AMALIA,KAREN,SMALLEY,4303,TWEEDDALE,DR,,,BAKERSFIELD,Calif.,93311,PO BOX,1932,,BAKERSFIELD,,93386,138-76-1246,19651226
A100627,AMALIA,KAREN,SMALLEY,4303,TWEEDDALE,DR,,,BAKERSFIELD,CA,93311,,1932,60103,BAKERSFIELD,,93386,138-76-1246,19651226
A104039,AMALIA,,SMALLEY,4303,TWEEDDALE,DR,,,BAKERSFIELD,Calif.,93311,,1932,60103,,CA,93386,61246,
A100227,ROBERT,,RAIREZ,15031,PADDOCK,ST,,,sylmar,CA,91342,,,,,,,138-78-9819,
A103521,Robert,,RRAMIREZ,15031,PADDOCK,ST,,,SYLMAR,CA,91342,,,,,,,,19590414
A106700,robert,,RRAMIREZ,15031,PADDOCK,ST,,,SYLMAR,CA,9134,,,,,,,138-78-9819,
A104853,amalia,KAREN,RAMIREZ,38163,13TH,ST,,,PALMDALE,CA,93550,,,,,,,61246,1965
A102158,AMALIA,KAREN,rairez,38163,13TH,ST,,,PALMDALE,Calif.,93550,,,,,,,,19651226
A102231,AMALIA,KAREN,RAMIRE,38163,13Th,ST,,,palmdale,CA,93550,,,,,,,,1965
A102039,AMALIA,KAREN,RAMIREZ,38163,13TH,ST,,,PALMDALE,CA,9355,,,,,,,138761246,19651226
A106254,Amalia,KAREN,ramirez,38163,13TH,ST,,,PALMDALE,CA,9355,,,,,,,,
A100187,AMALIA,KAREN,RAMIERZ,38163,13TH,ST,,,PALMDALE,CA,93550,,,,,,,183761246,19651226
A101301,ROBERT,,RAMIREZ,38163,13TH,ST,,,PALMDALE,CA,93550,,,,,,,138788919,19590414
A106546,ROBERT,,RAMIREZ,38163,13TH,ST,,,PALMDALE,Calif.,93550,,,,,,,138789819,
A101687,ROBERT,,RAMIREZ,38163,13TH,ST,,,PALMDALE,Calif.,93550,,,,,,,89819,
A105916,robert,,RAMIREZ,38163,13th,ST,,,palmdale,CA,93550,,,,,,,138-78-9819,
A106517,ROBERT,,ramirez,38163,13TH,ST,,,PALMDALE,CA,93550,,,,,,,,
A100917,AMALIA,,RAMREZ,1129,LECOUVREUR,AVE,,,WILMINGTON,CA,9074,PO BOX,1601,415,WILMINGTON,CA,90748,138-76-1246,
A107139,AMALIA,,RAMIREZ,1129,LECOUVREUR,AVE,,,WILMINGTON,Calif.,90744,PO BOX,1601,,WILMINGTON,CA,90748,138761246,19651226
A102630,AMALIA,,RAMIREZZ,1129,LECOUVREUR,AVE,,,WILMINGTON,CA,9074,,1601,415,,CA,,138762146,19651226
A100292,Mariah,,Garca,1129,LECOUVREUR,AVE,,,WILMINGTON,Calif.,90744,,,415,WILMINGTON,CA,,138-76-1246,
A102380,AMALIA,KAREN,RAMIREZ,1129,LECOUVREUR,AVE,,,WILMINGTON,Calif.,90744,PO BOX,1601,415,,CA,90748,138761246,1965
A103925,ROBERT,,RAMIRZE,1129,lecouvreur,AVE,,,Wilmington,Calif.,90744,PO BOX,,,WILMINGTON,CA,90748,138-78-9819,
A106248,ROBERT,,RAMIREZ,1129,LECOUVREUR,AVE,,,Wilmington,Calif.,90744,PO BOX,1601,,WILMINGTON,,90748,138-78-9819,1959
A104146,ROBERT,,RAMIREZ,1129,LECOUVREUR,AVE,,,WILMINGTON,CA,90744,,,,WILMINGTON,CA,90748,138-78-9819,1959
A100943,AMALIA,,RAMIREZ,3417,WOODSIDE,LN,,,"SAN,JOSE",CA,9512,PO BOX,1820,640083,SAN JOSE,,95164,,1965
A105065,AMALIA,KAREN,Rairez,3417,WOODSIDE,LN,,,SAN JOSE,CA,95121,,1820,640083,,CA,95164,138-76-1246,1965
A106498,amalia,KAREN,RAMIREZ,3417,WOODSIDE,LN,,,SAN JOSE,CA,9512,,,,SAN JOSE,CA,,138-76-1246,19651226
A106690,AMALIA,KAREN,RAMRIEZ,3417,WOODSIDE,LN,,,"SAN,JOSE",CA,95121,PO BOX,1820,,SAN JOSE,CA,95164,,1965
A104488,AMALIA,KAREN,RAMIREZ,3417,WOODSIDE,LN,,,san jose,CA,9512,,1820,640083,SAN JOSE,,95164,138-76-1246,1965
A105658,ROBERT,,RAMIREZ,3417,WOODSIDE,LN,,,SAN JOSE,Calif.,9512,,1820,,SAN JOSE,,95164,138-78-9819,1959
A101783,ROBERT,,RAMIREZ,3417,WOODSIDE,LN,,,"San,Jose",CA,95121,,1820,640083,SAN JOSE,CA,,,19590414
A105367,ROBERT,,ramireez,3417,woodside,LN,,,SAN JOSE,Calif.,95121,,1820,640083,SAN JOSE,,95164,138-78-9819,19590414
A100092,MARIBEL,DANYELE,PROKOP,13348,TWINWOOD,LN,,,ORLANDO,FL,32837,,,,,,,02548,19050202
A100696,ANGELA,,HERNANDEZ,13348,TWINWOOD,LN,APT,2105,orlando,FL,3283,,,,,,,,19050202
A103967,MARIBEL,,PROKOP,13348,twinwood,LN,,,ORLANDO,Fla.,32837,,,,,,,145-40-2548,19050202
A106853,Maribel,DANYELE,PROKOP,13348,TWINWOOD,LN,APT,2105,ORLANDO,FL,32837,,,,,,,,19050202
A105699,maribel,DANYELE,PROKO,13348,TWINWOOD,LN,APT,,ORLANDO,FL,32837,,,,,,,,19050202
A105828,Robert,,EREZ,170,SHERWOOD,AVE,,,SATELLITE BEACH,FL,32937,,,,,,,145-40-6536,19141230
A106684,ROBERT,,PEREZ,170,SHERWOOD,AVE,,,SATELLITE BEACH,Fla.,32937,,,,,,,,
A100441,ROBERT,,PEREZ,170,SHERWOOD,AVE,,,SATELLITE BEACH,Fla.,3293,,,,,,,,19141230
A104006,ROBERT,,PEREEZ,170,SHERWOOD,AVE,,,SATELLITE BEACH,FL,3293,,,,,,,145-40-6536,1914
A103266,Maribel,,Peez,524,BATH,ST,APT,10,"SANTA,BARBARA",CA,93101,,,90148,,CA,,145402584,19050202
A105128,YOLANDA,L,CRILLY,524,Bath,ST,APT,10,SANTA BARBARA,Calif.,9310,PO BOX,3554,90148,SANTA BARBARA,CA,93190,145-40-2548,19050202
A103531,MARIBEL,,PEREZ,524,BATH,ST,APT,,"SANTA,BARBARA",CA,93101,PO BOX,3554,90148,SANTA BARBARA,CA,93190,02548,19050202
A106228,robert,,Perez,524,BATH,ST,,10,SANTA BARBARA,CA,9310,,3554,,SANTA BARBARA,,93190,,19141230
A101912,ROBERT,,PEREZ,524,BATH,ST,APT,10,SANTA BARBARA,CA,9310,,,,SANTA BARBARA,CA,,,1914
A101241,ROBERT,,PEREEZ,524,BATH,ST,,10,SANTA BARBARA,Calif.,9310,,3554,90148,SANTA BARBARA,,93190,145-40-6536,19141230
A103623,ROBERT,,peez,524,BATH,ST,APT,10,SANTA BARBARA,CA,9310,,3554,90148,SANTA BARBARA,,93190,,
A100770,ROBERT,,PEREZ,524,BATH,ST,APT,10,SANTA BARBARA,CA,93101,,3554,90148,SANTA BARBARA,CA,93190,,19141230
A101694,MARIBEL,DANYELE,PEREZ,15009,GOODHUE,ST,,,WHITTIER,Calif.,90604,,,,,,,145-40-2548,19050202
A105703,Maribel,DANYELE,PEREZ,15009,GOODHUE,ST,,,WHITTIER,Calif.,9060,,,,,,,145-40-2548,
A105956,MARIBEL,DANYELE,PEREZ,15009,GOODHUE,ST,,,WHITTIER,Calif.,90604,,,,,,,145-40-2548,
A104600,MARIBEL,DANYELE,PPEREZ,15009,GOODHUE,ST,,,Whittier,CA,9060,,,,,,,,19050202
A103215,ROBERT,,PEREZ,15009,GOODHUE,ST,,,WHITTIER,CA,90604,,,,,,,145-40-6536,19141230
A102629,ROBERT,,PEREZ,15009,GOODHUE,ST,,,WHITTIER,CA,90604,,,,,,,,
A101574,ROBERT,,PEREZ,15009,GOODHUE,ST,,,WHITTIER,CA,9060,,,,,,,,19141230
A101777,LYNN,DENISE,SCOTT,3315,EDGEWATER,CT,,,ARLINGTON,TX,76016,,,,,,,,19010423
A105494,LYNN,,SCOTT,3315,EDGEWATER,CT,,,ARLINGTON,TX,76016,,,,,,,,
A100574,LYNN,DENISE,SCOTTT,3315,edgewater,CT,,,arlington,Texas,7601,,,,,,,618488163,19010423
A107014,LYNN,DENISE,CSOTT,3315,EDGEWATER,CT,,,ARLINGTON,TX,7601,,,,,,,,19010423
A104203,LYNN,DENISE,SCOTT,3315,edgewater,CT,,,ARLINGTON,Texas,7601,,,,,,,,
A100295,ROBERT,,SANCHEZ,402,Bay Oaks,DR,,,Pensacola,Fla.,32506,,,,,,,168-50-7713,1908
A104834,ROBERT,,SNCHEZ,402,BAY OAKS,DR,,,PENSACOLA,FL,32506,,,,,,,,
A104716,Robert,,SANCHEZ,402,BAY OAKS,DR,,,PENSACOLA,Fla.,3250,,,,,,,168-50-7713,
A105538,J4MES,,HERNANDEZ,402,bay oaks,DR,,,PENSACOLA,Fla.,3250,,,,,,,168507713,1908
A100882,ROBERT,,SANCHEZ,402,BAY OAKS,DR,,,PENSACOLA,FL,32506,,,,,,,168-50-7713,
A104688,ROBERT,,SANCHEZ,14147,RIDGE CREEK,CT,,,ORLANDO,Fla.,3282,PO BOX,,,ORLANDO,FL,32872,168-50-7713,19080726
A106744,ROBERT,,SANCHEZ,14147,RIDGE CREEK,CT,,,ORLANDO,FL,32824,PO BOX,1080,720506,ORLANDO,,32872,07713,1908
A101542,ROBERT,,SANCHEZ,14147,Ridge Creek,CT,,,ORLANDO,FL,3282,PO BOX,,,,FL,,168507713,19080726
A101292,ROBERT,,SANCHEZ,14147,RIDGE CREEK,CT,,,ORLANDO,Fla.,32824,,1080,720506,ORLANDO,FL,32872,168-50-7713,1908
A102952,ROBERT,,SANCHHEZ,14199,9TH,ST,,,MIAMI,Fla.,33184,,,,,,,168-50-7713,
A102474,ROBERT,,SANCHEZ,14199,9Th,ST,,,Miami,FL,3318,,,,,,,168-50-7713,1908
A103376,ROBERT,,SANCHEZ,14199,9Th,ST,,,Miami,FL,33184,,,,,,,,19080726
A106794,ROBERT,,SANCHEZ,14199,9Th,ST,,,miami,FL,33184,,,,,,,,19080726
A103111,ROBERT,,SANCHEZ,14199,9th,ST,,,MIAMI,FL,33184,,,,,,,,1908
A104738,ROBERT,,SANHEZ,14199,9TH,ST,,,MIAMI,FL,33184,,,,,,,,
A100575,C. M. CHRISTIAN,,,44847,BANANAL,WAY,,,TEMECULA,Calif.,9259,,,,,,,168-48-8163,1901
A105827,LYNN,DENISE,SACNHEZ,44847,BANANAL,WAY,,,TEMECULA,Calif.,92592,,,,,,,,
A104327,LYNN,DENISE,Sanche,44847,BANANAL,WAY,,,TEMECULA,CA,92592,,,,,,,,1901
A105281,Lynn,DENISE,SANCHEZ,44847,Bananal,WAY,,,Temecula,Calif.,9259,,,,,,,,19010423
A104464,LYNN,,SANCHEZ,44847,bananal,WAY,,,temecula,CA,9259,,,,,,,168-48-8163,19010423
A104555,LYNN,DENISE,Sanchez,44847,BANANAL,WAY,,,TEMECULA,CA,9259,,,,,,,168488163,
A100415,ROBERT,,SANCHEZ,44847,BANANAL,WAY,,,temecula,CA,92592,,,,,,,168507713,
A104934,ROBERT,,SANCHEZ,44847,BANANAL,WAY,,,TEMECULA,CA,92592,,,,,,,168-50-7713,
A104306,ROBERT,,SANCHEZ,44847,BANANAL,WAY,,,TEMECULA,Calif.,92592,,,,,,,168-50-7713,19080726
A105063,ROBERT,,aSnchez,44847,BANANAL,WAY,,,TEMECULA,CA,92592,,,,,,,168507731,19080726
A101333,LYNN,,SANCHEZ,27164,CHERRY LAUREL,PL,,,canyon country,CA,9138,,,,,,,168488163,19010423
A100281,LYNN,DENISE,SANCHEZ,27164,CHERRY LAUREL,PL,,,"CANYON,COUNTRY",CA,91387,,,,,,,168-48-8163,19010423
A104591,LYNN,DENISE,Sanchez,27164,CHERRY LAUREL,PL,,,CANYON COUNTRY,Calif.,91387,,,,,,,168-48-8163,
A102501,LYNN,,SNACHEZ,27164,CHERRY LAUREL,PL,,,"CANYON,COUNTRY",Calif.,91387,,,,,,,88163,19010423
A104850,ROBERT,,SANCHEZ,27164,CHERRY LAUREL,PL,,,"CANYON,COUNTRY",CA,9138,,,,,,,168-50-7713,1908
A102375,ROBERT,,SANCHEEZ,27164,CHERRY LAUREL,PL,,,CANYON COUNTRY,CA,91387,,,,,,,168-50-7713,
A100755,ROBERT,,SANCHEZ,27164,CHERRY LAUREL,PL,,,CANYON COUNTRY,Calif.,91387,,,,,,,,19080726
A100323,LYNN,,SANCHEZ,3011,SENTER,RD,,,"SAN,JOSE",CA,95111,PO BOX,,,,CA,95164,168-48-8163,19010423
A106759,RANDY,,CRILLY,3011,SENTER,RD,,,SAN JOSE,Calif.,9511,PO BOX,1820,,SAN JOSE,,95164,,
A100684,LYNN,DENISE,SANCHEZZ,3011,SENTER,RD,,,SAN JOSE,Calif.,9511,PO BOX,,640083,,CA,95164,,
A104116,LYNN,DENISE,SANCHEZ,3011,SENTER,RD,,,SAN JOSE,CA,9511,PO BOX,1820,,SAN JOSE,CA,,168-48-8163,1901
A101669,LYNN,,SANCHEZ,3011,SENTER,RD,,,san jose,Calif.,95111,,1820,,SAN JOSE,,,168-48-8163,1901
A105797,LYNN,DENISE,SANCHEZ,3011,SENTER,RD,,,"SAN,JOSE",Calif.,9511,PO BOX,1820,640083,SAN JOSE,CA,95164,168-48-8163,1901
A105700,ROBERT,,SANCEZ,3011,Senter,RD,,,San Jose,CA,95111,PO BOX,1820,,,CA,95164,,19080726
A106550,ROBERT,,SANCHEZ,3011,SENTER,RD,,,SAN JOSE,Calif.,95111,PO BOX,,640083,SAN JOSE,,95164,168570713,19080726
A105072,YOLANDA,L,BABCOCK,3011,SENTER,RD,,,"SAN,JOSE",Calif.,95111,PO BOX,,,SAN JOSE,,95164,168-50-7713,19080726
A101355,DIANA,,MENDOOZA,13023,CANTARA,ST,,,"NORTH,HOLLYWOOD",CA,91605,PO BOX,,9483,NORTH HOLLYWOOD,CA,,,19480215
A106334,Diana,,MENDOZA,13023,CANTARA,ST,,,NORTH HOLLYWOOD,CA,9160,PO BOX,36977,9483,NORTH HOLLYWOOD,CA,91609,187-17-5797,1948
A100212,DIANA,,Mendozza,13023,CANTARA,ST,,,"NORTH,HOLLYWOOD",Calif.,9160,PO BOX,36977,,,CA,,187-17-5797,19480215
A101234,DIANA,,mendoza,13023,CANTARA,ST,,,NORTH HOLLYWOOD,CA,91605,,36977,9483,NORTH HOLLYWOOD,,91609,,19480215
A100954,DIANA,,MEDOZA,13023,CANTARA,ST,,,NORTH HOLLYWOOD,CA,91605,PO BOX,36977,,NORTH HOLLYWOOD,,91609,,19480215
A106291,DIANA,,MENDOZA,1821,BASCOM,AVE,,,CAMPBELL,Calif.,95008,,,,,,,,19480215
A100950,Diana,,Mendoza,1821,BASCOM,AVE,#,140,Campbell,CA,95008,,,,,,,75797,1948
A101052,diana,,mendoza,1821,BASCOM,AVE,#,140,CAMPBELL,CA,9500,,,,,,,187175797,
A106875,DIANA,,MENODZA,1821,BASCOM,AVE,#,140,CAMPBELL,CA,9500,,,,,,,187175977,19480215
A106801,ROBERT,,MENA,2239,LUCIA,CT,,,RANCHO CORDOVA,CA,95670,,,,,,,187-19-6527,19510309
A104043,ROBERT,,MENA,2239,LUCIA,CT,,,"RANCHO,CORDOVA",CA,95670,,,,,,,187-19-6527,
A101520,robert,,MEENA,2239,LUCIA,CT,,,RANCHO CORDOVA,CA,95670,,,,,,,96527,19510309
A100714,DIANA,,MENA,2624,marlette,ST,,,Sarasota,FL,34231,,,,,,,,19480215
A107201,DIANA,,MENA,2624,MARLETTE,ST,,,SARASOTA,Fla.,3423,,,,,,,187-17-5797,19480215
A104479,diana,,MENA,2624,MARLETTE,ST,,,SARASOTA,Fla.,34231,,,,,,,,1948
A103502,DIANA,,ENA,2624,MARLETTE,ST,,,SARASOTA,FL,34231,,,,,,,187-17-5797,1948
A103782,ROBERT,,MENA,2624,MARLETTE,ST,,,SARASOTA,Fla.,34231,,,,,,,,19510309
A101440,ROBERT,,MENA,2624,MARLETTE,ST,,,SARASOTA,FL,34231,,,,,,,,19510309
A107203,ROBERT,,MEENA,2624,MARLETTE,ST,,,SARASOTA,Fla.,3423,,,,,,,187-19-6527,
A103542,EVANGELINE,,TAYLOR,30930,190TH,AVE,,,HOMESTEAD,Fla.,3303,PO BOX,31782,,HOMESTEAD,FL,33092,,1981
A105106,EVANGELINE,PAUL,TAYLOR,30930,190TH,AVE,,,HOMESTEAD,FL,3303,,31782,,HOMESTEAD,,33092,,1981
A105616,EVANGELINE,PAUL,TAYLOR,30930,190TH,AVE,,,Homestead,Fla.,33030,PO BOX,,924571,,,,,
A106917,EVANGELINE,,TAYLOR,30930,190TH,AVE,,,HOMESTEAD,Fla.,3303,PO BOX,31782,924571,HOMESTEAD,,33092,187-21-4388,19810423
A104921,EVANGELINE,,TAYLOR,30930,190TH,AVE,,,HOMESTEAD,FL,33030,PO BOX,31782,,HOMESTEAD,,33092,14388,1981
A101755,Evangeline,PAUL,Taylor,1735,BRANTLEY,RD,APT,1315,"FORT,MYERS",FL,33907,PO BOX,,7586,FORT MYERS,,,187213488,19810423
A101655,EVANGELINE,PAUL,TAYLOR,1735,BRANTLEY,RD,APT,1315,"FORT,MYERS",FL,3390,PO BOX,284,7586,FORT MYERS,FL,,187-21-4388,1981
A100562,Suzanne,,RIVERA,1735,BRANTLEY,RD,APT,1315,"FORT,MYERS",Fla.,33907,PO BOX,284,7586,,FL,33911,187-21-4388,
A103874,C. LOPEZ,,,1735,Brantley,RD,APT,1315,FORT MYERS,FL,33907,,,,FORT MYERS,,,,
A103005,L. D.,,VEGA,1735,BRANTLEY,RD,APT,1315,"FORT,MYERS",FL,3390,PO BOX,284,7586,FORT MYERS,FL,33911,187-21-4388,1981
A106689,Evangeline,,taylor,555,BELCHER,RD,APT,I104,LARGO,FL,3377,PO BOX,,,LARGO,,33779,187-21-4388,19810423
A104115,EVANGELINE,,TTAYLOR,555,Belcher,RD,APT,,Largo,FL,33771,,,,LARGO,FL,,187-21-4388,19810423
A107245,EVANGELINE,,TAYLR,555,BELCHER,RD,APT,I104,LARGO,Fla.,33771,PO BOX,,315,,,33779,187-21-4388,19810423
A101910,EVANGELINE,PAUL,TAYLOR,555,BELCHER,RD,APT,I104,LARGO,FL,3377,,14929,315,LARGO,,33779,187-21-4388,19810423
A105979,DIANNA,,RIVERA,555,BELCHER,RD,APT,I104,LARGO,FL,33771,PO BOX,14929,315,LARGO,FL,33779,187214388,1981
A106070,EVANGELINE,PAUL,TAYLOR,555,BELCHER,RD,,I104,LARGO,Fla.,3377,PO BOX,,315,LARGO,FL,33779,187214388,19810423
A102478,ROBERT,,PEREZZ,5515,WILLOWBEND,BLVD,,,HOUSTON,Texas,77096,PO BOX,4857,280034,HOUSTON,TX,,178219067,19781119
A101670,ROBERT,,PEREZ,5515,Willowbend,BLVD,,,HOUSTON,TX,7709,PO BOX,,,HOUSTON,,,187-21-9067,
A100932,ROBERT,,PERZ,5515,WILLOWBEND,BLVD,,,HOUSTON,TX,7709,,4857,280034,HOUSTON,TX,77228,187-21-9067,19781119
A106403,ROBERT,,EPREZ,5515,WILLOWBEND,BLVD,,,HOUSTON,TX,77096,PO BOX,,,HOUSTON,TX,77228,187-21-9067,1978
A100712,ROBERT,,PEEZ,5515,WILLOWBEND,BLVD,,,HOUSTON,TX,7709,PO BOX,4857,280034,,,,187-21-9067,19781119
A104868,ROBERT,,Perez,5515,WILLOWBEND,BLVD,,,HOUSTON,Texas,77096,PO BOX,,,HOUSTON,TX,,187-21-9067,
A104535,EVANGELINE,PAUL,perez,63,WENTWORTH,DR,,,BELLA VISTA,AR,72714,,,,,,,187-21-4388,
A100707,Evangeline,PAUL,perez,63,WENTWORTH,DR,,,"BELLA,VISTA",AR,7271,,,,,,,187-21-4388,
A100066,EVANGELINE,PAUL,PEREZ,63,Wentworth,DR,,,"Bella,Vista",AR,7271,,,,,,,187214388,1981
A106948,EVANGELINE,PAUL,EREZ,63,Wentworth,DR,,,"BELLA,VISTA",AR,72714,,,,,,,187-21-4388,
A102477,EVANGELINE,,EREZ,63,WENTWORTH,DR,,,BELLA VISTA,AR,72714,,,,,,,,
A102661,ROBERT,,PREZ,63,WENTWORTH,DR,,,"BELLA,VISTA",AR,72714,,,,,,,,
A101260,ROBERT,,PEREZ,63,WENTWORTH,DR,,,BELLA VISTA,AR,72714,,,,,,,187-21-9067,1978
A101938,ROBERT,,PERZE,63,WENTWORTH,DR,,,BELLA VISTA,AR,72714,,,,,,,19067,1978
A105369,SANDRA,I,RODRIGUEZ,4390,boy scout,LN,,,"el,paso",TX,79922,PO BOX,,27096,,TX,79926,042-15-4394,19811229
A106557,SANDRA,I,RODRGUEZ,4390,BOY SCOUT,LN,,,"EL,PASO",TX,79922,,1957,,EL PASO,TX,79926,042-15-4394,19811229
A101116,SANDRA,,RODRIGUEZ,4390,boy scout,LN,,,"EL,PASO",Texas,79922,,1957,,,TX,,042-15-4394,19811229
A107157,SANDRA,I,RODRIIGUEZ,4390,BOY SCOUT,LN,,,EL PASO,TX,79922,PO BOX,1957,27096,,TX,79926,,
A102071,JOSEPH,CRISTINE,ALVAREZ,1517,HUNTER,LN,,,CLEARWATER,FL,3376,PO BOX,2146,,CLEARWATER,FL,33762,042155141,1982
A104978,JOSEPH,CRISTINE,ALVAREZ,1517,hunter,LN,,,CLEARWATER,Fla.,33764,PO BOX,2146,17583,CLEARWATER,,,042-15-5141,19820220
A103919,JOSEPH,CRISTINE,ALAREZ,1517,HUNTER,LN,,,Clearwater,Fla.,33764,PO BOX,2146,17583,CLEARWATER,FL,33762,042-15-5141,
A102312,JOSEPH,CRISTINE,ALVAREZ,1517,hunter,LN,,,CLEARWATER,FL,33764,,2146,17583,CLEARWATER,,,042-15-5141,
A100220,J.,,LOPZ,1517,HUNTER,LN,,,CLEARWATER,FL,33764,PO BOX,2146,17583,CLEARWATER,,33762,042155141,
A105795,SANDRA,I,ALVAREZ,647,Trotter,ST,LOT,4,monticello,AR,7165,,,,,,,54394,
A100500,Barb,,Gonzalez,647,trotter,ST,,,MONTICELLO,AR,71655,,,,,,,54394,19811229
A104654,SANDRA,I,ALVAREZ,647,TROTTER,ST,LOT,4,MONTICELLO,AR,71655,,,,,,,,1981
A104775,sandra,,alvarez,647,trotter,ST,LOT,4,Monticello,AR,71655,,,,,,,042-15-4394,19811229
A102596,sandra,,Alvarez,647,TROTTER,ST,LOT,4,MONTICELLO,AR,71655,,,,,,,042154394,19811229
A104683,JOSEPH,,ALVREZ,647,TROTTER,ST,LOT,4,MONTICELLO,AR,71655,,,,,,,042-15-5141,
A103917,JOSEPH,,ALVAREZ,647,TROTTER,ST,LOT,4,MONTICELLO,AR,7165,,,,,,,042-15-5141,19820220
A102896,JOSEPH,,LVAREZ,647,TROTTER,ST,LOT,4,MONTICELLO,AR,71655,,,,,,,,
A101349,SANDRA,,ALVAREZ,3901,COTTONWOOD,PL,,,BENTON,AR,7201,PO BOX,18269,296,BENTON,AR,72018,042-15-4394,19811229
A106716,SANDRA,,ALVAREZ,3901,cottonwood,PL,,,BENTON,Ark.,7201,,,,BENTON,AR,,54394,19811229
A106777,sean,ANN,CALONGE,3901,COTTONWOOD,PL,,,BENTON,AR,72015,PO BOX,18269,296,,AR,72018,,
A102963,SANDRA,I,ALVAREZ,3901,COTTONWOOD,PL,,,BENTON,AR,7201,,18269,296,BENTON,,72018,,
A100317,SANDRA,,ALVAREZ,3901,COTTONWOOD,PL,,,benton,Ark.,72015,PO BOX,18269,296,,,72018,,19811229
A104519,Leon,Ray,DAVIS ,3901,COTTONWOOD,PL,,,BENTON,AR,72015,PO BOX,18269,296,BENTON,,,042-15-5141,
A100725,Joseph,,Alvarez,3901,COTTONWOOD,PL,,,BENTON,AR,72015,PO BOX,18269,296,,,,55141,
A105869,JOSEPH,CRISTINE,ALVARE,3901,COTTONWOOD,PL,,,BENTON,Ark.,7201,PO BOX,18269,296,BENTON,AR,72018,,
A106530,JOSEPH,CRISTINE,ALVAREZ,3901,COTTONWOOD,PL,,,Benton,AR,7201,,18269,,BENTON,AR,72018,042-15-5141,19820220
A101442,JOSEPH,CRISTINE,ALVAREZ,3901,COTTONWOOD,PL,,,BENTON,AR,72015,PO BOX,,296,BENTON,,,042-15-5141,19820220
A100739,SANDRA,,ALVAERZ,3101,TULIP,ST,,,PINE BLUFF,AR,71603,,4163,3073,,AR,,042154394,
A102052,Charles,J.,DYER ,3101,tulip,ST,,,PINE BLUFF,Ark.,7160,,,,PINE BLUFF,AR,,,1981
A106773,sandra,,ALVAREZ,3101,TULIP,ST,,,"PINE,BLUFF",AR,71603,PO BOX,,3073,PINE BLUFF,AR,,042-15-4394,
A100180,Joseph,CRISTINE,Avarez,3101,TULIP,ST,,,"PINE,BLUFF",AR,71603,PO BOX,,3073,PINE BLUFF,AR,,55141,19820220
A106438,DAviD,,Ramírez,3101,TULIP,ST,,,PINE BLUFF,AR,71603,,4163,3073,PINE BLUFF,AR,71611,042-15-5141,
A106506,JOSEPH,CRISTINE,ALVAREEZ,3101,Tulip,ST,,,Pine Bluff,AR,71603,PO BOX,,3073,PINE BLUFF,AR,71611,,19820220
A105275,JOSEPH,CRISTINE,ALVAREZ,3101,Tulip,ST,,,pine bluff,AR,7160,PO BOX,4163,,PINE BLUFF,AR,71611,,1982
A102372,JOSEPH,CRISTINE,avarez,3101,TULIP,ST,,,PINE BLUFF,Ark.,7160,PO BOX,,3073,PINE BLUFF,,71611,,
A101913,SANDRA,I,XIONG,10329,VISTA PINES,LOOP,,,CLERMONT,FL,3471,PO BOX,172,138083,CLERMONT,FL,34713,27352,19650302
A106987,sandra,,XIONG,10329,VISTA PINES,LOOP,,,CLERMONT,FL,34711,PO BOX,,,CLERMONT,,,076-52-7352,19650302
A106331,SANDRA,I,XIONG,10329,VISTA PINES,LOOP,,,CLERMONT,Fla.,34711,PO BOX,172,138083,CLERMONT,FL,34713,076-52-7352,19650302
A101640,Sandra,,XIONG,10329,VISTA PINES,LOOP,,,CLERMONT,FL,34711,PO BOX,,138083,CLERMONT,FL,34713,076527352,1965
A106796,SANDRA,,XIONG,10329,vista pines,LOOP,,,CLERMONT,FL,3471,,,138083,,,,076-52-7352,19650302
A101416,SANDRA,I,XIONG,10329,VISTA PINES,LOOP,,,CLERMONT,FL,3471,PO BOX,,138083,,FL,,076-52-7352,1965
A105752,SANDRA,I,XONG,891,32ND,ST,,,MIAMI,FL,3312,,,,,,,076-52-7352,19650302
A106035,SANDRA,I,XIONG,891,32nd,ST,,,Miami,FL,33127,,,,,,,076-52-7352,
A100078,SANDRA,,XIONG,891,32ND,ST,,,MIAMI,FL,33127,,,,,,,076-52-7352,
A102340,SANDRA,,XINOG,891,32Nd,ST,,,MIAMI,FL,33127,,,,,,,076-52-7352,19650302
A102330,SANDRA,I,XIONNG,891,32ND,ST,,,MIAMI,FL,33127,,,,,,,27352,19650302
A106044,SANDRA,I,XIONG,891,32Nd,ST,,,MIAMI,FL,3312,,,,,,,,
A101380,Lori,Rafael,Martyn,1741,LINWOOD,AVE,,,ALVA,Fla.,3392,,,,,,,076-52-7352,19650302
A106437,SANDRA,I,XIONG,1741,LINWOOD,AVE,,,ALVA,Fla.,3392,,,,,,,076527352,
A100750,SANDRA,I,Ixong,1741,LINWOOD,AVE,,,ALVA,FL,33920,,,,,,,076523752,1965
A105926,SANDRA,I,XIONG,1741,LINWOOD,AVE,,,ALVA,FL,33920,,,,,,,076-52-7352,1965
A101411,SANDRA,,XIONG,1741,LINWOOD,AVE,,,ALVA,Fla.,33920,,,,,,,076527532,19650302
A101982,Sandra,I,xiong,1741,LINWOOD,AVE,,,ALVA,Fla.,3392,,,,,,,076-52-7352,1965
A105596,ARMANDO,,RODRIGUEZ,2917,Fairmont,DR,,,PANAMA CITY,Fla.,32405,PO BOX,35259,16743,PANAMA CITY,FL,32406,067532739,
A102968,B.,,GARCIA,2917,FAIRMONT,DR,,,"PANAMA,CITY",FL,32405,PO BOX,35259,16743,PANAMA CITY,FL,32406,076-53-2739,19631128
A105970,ARMANDO,,RODRIGUEZ,2917,FAIRMONT,DR,,,"PANAMA,CITY",Fla.,32405,PO BOX,,16743,PANAMA CITY,,32406,076-53-2739,19631128
A101544,ARMANDO,,RODRIGUEZ,2917,FAIRMONT,DR,,,PANAMA CITY,FL,32405,PO BOX,35259,,PANAMA CITY,,,075632739,1963
A100464,ARMANDO,,RODRIGUEZ,2917,FAIRMONT,DR,,,PANAMA CITY,FL,32405,PO BOX,35259,16743,,FL,32406,076532379,19631128
A102459,ARMANDO,,RODRIGEUZ,2917,FAIRMONT,DR,,,"PANAMA,CITY",FL,3240,PO BOX,,16743,PANAMA CITY,,32406,067532739,19631128
A101159,ARMANDO,,RODIGUEZ,11627,POYDRAS,LN,,,JACKSONVILLE,FL,32218,PO BOX,4285,5314,,FL,32247,076532739,
A104480,ARMANDO,,RODRIGUEZ,11627,POYDRAS,LN,,,JACKSONVILLE,FL,3221,PO BOX,4285,5314,,FL,32247,,
A106345,ARMANDO,,Rodriguez,11627,POYDRAS,LN,,,JACKSONVILLE,FL,32218,,4285,,JACKSONVILLE,,32247,,19631128
A105985,ARMANDO,,RODRIGUEZ,11627,POYDRAS,LN,,,JACKSONVILLE,Fla.,32218,,4285,5314,,FL,32247,075632739,19631128
A104201,ARMANDO,,RODRIGUEZ,11627,POYDRAS,LN,,,JACKSONVILLE,Fla.,32218,PO BOX,4285,5314,,,,076-53-2739,19631128
A100210,SANDRA,I,Rodrigez,2825,79TH,AVE,,,MIAMI,Fla.,33155,,,,,,,076-52-7352,1965
A101658,SANDRA,I,RODIRGUEZ,2825,79TH,AVE,,,miami,FL,3315,,,,,,,27352,19650302
A103794,SANDRA,I,ORDRIGUEZ,2825,79TH,AVE,,,MIAMI,FL,33155,,,,,,,,19650302
A102146,SANDRA,I,RODDRIGUEZ,2825,79TH,AVE,,,MIAMI,FL,33155,,,,,,,076527352,
A105103,ARMANDO,,RODRIGUEZ,2825,79TH,AVE,,,Miami,FL,3315,,,,,,,076-53-2739,1963
A106267,james,,lewis,2825,79TH,AVE,,,MIAMI,FL,33155,,,,,,,,1963
A103159,ARMANDO,,RODRGIUEZ,2825,79TH,AVE,,,MIAMI,FL,33155,,,,,,,076-53-2739,
A105166,ARMANDO,,RODRIGUZE,2825,79TH,AVE,,,MIAMI,FL,33155,,,,,,,076-53-2739,1963
A103879,armando,,RODRIGUEZ,2825,79TH,AVE,,,MIAMI,Fla.,3315,,,,,,,076532739,19631128
A101110,ARMANDO,,RODRIGUUEZ,2825,79th,AVE,,,Miami,FL,33155,,,,,,,076-53-2739,19631128
A105446,R. Velasquez,,,6237,green pine,LN,,,Jacksonville,FL,3227,PO BOX,4285,5314,JACKSONVILLE,FL,32247,076-52-7352,1965
A106609,D.KING,,,6237,GREEN PINE,LN,,,JACKSONVILLE,Fla.,3227,PO BOX,4285,5314,JACKSONVILLE,,32247,076-52-7352,
A106467,SANDRA,,RODRIGUEZ,6237,Green Pine,LN,,,jacksonville,FL,32277,PO BOX,4285,5314,JACKSONVILLE,FL,,,19650302
A100330,SANDRA,,RODRIGUEZ,6237,GREEN PINE,LN,,,JACKSONVILLE,FL,3227,,4285,5314,JACKSONVILLE,FL,32247,,19650302
A101675,SANDRA,I,RODRIGUEZ,6237,GREEN PINE,LN,,,jacksonville,FL,3227,,4285,5314,JACKSONVILLE,FL,32247,,19650302
A106584,SANDRA,I,RODRIGUEZ,6237,GREEN PINE,LN,,,JACKSONVILLE,FL,3227,PO BOX,4285,5314,,,32247,076527352,1965
A100491,ARMANDO,,RODRIGUEZ,6237,GREEN PINE,LN,,,JACKSONVILLE,Fla.,32277,,4285,,JACKSONVILLE,FL,32247,076-53-2739,1963
A101220,Armando,,RODRIGUEZ,6237,GREEN PINE,LN,,,JACKSONVILLE,Fla.,32277,PO BOX,,5314,JACKSONVILLE,FL,32247,076532739,
A102618,ARMANDO,,RODRIGUEZ,6237,GREEN PINE,LN,,,JACKSONVILLE,Fla.,3227,PO BOX,4285,5314,JACKSONVILLE,FL,,076352739,1963
A106709,Armando,,RODRIGUEZ,6237,GREEN PINE,LN,,,JACKSONVILLE,FL,32277,PO BOX,4285,5314,JACKSONVILLE,,,,19631128
A105820,ARMANDO,,RODRIGUEZ,6237,GREEN PINE,LN,,,JACKSONVILLE,FL,32277,,4285,5314,,FL,32247,,19631128
A102419,SANDRA,I,RDORIGUEZ,1227,Eutaw,PL,,,JACKSONVILLE,FL,32207,PO BOX,4285,,JACKSONVILLE,FL,32247,,19650302
A104025,James,S.,WILEY,1227,EUTAW,PL,,,JACKSONVILLE,FL,32207,PO BOX,,5314,JACKSONVILLE,FL,,076527352,1965
A103065,Sandra,I,RODRIGUEZ,1227,EUTAW,PL,,,JACKSONVILLE,Fla.,32207,PO BOX,4285,5314,,,,,1965
A102452,SANDRA,I,RODRIGUEEZ,1227,EUTAW,PL,,,JACKSONVILLE,Fla.,32207,,,5314,JACKSONVILLE,,32247,,19650302
A100758,SANDRA,I,RODRIUEZ,1227,eutaw,PL,,,jacksonville,FL,32207,PO BOX,4285,5314,JACKSONVILLE,FL,32247,,1965
A101515,MarK,,Jonhson,1227,EUTAW,PL,,,JACKSONVILLE,FL,32207,PO BOX,4285,,JACKSONVILLE,FL,32247,076-53-2739,
A105814,Armando,,Rodriguez,1227,EUTAW,PL,,,JACKSONVILLE,Fla.,3220,,4285,5314,JACKSONVILLE,FL,32247,076532739,19631128
A106693,ARMANDO,,RODRIGUEZ,1227,EUTAW,PL,,,JACKSONVILLE,Fla.,32207,,4285,5314,JACKSONVILLE,FL,,076-53-2739,1963
A104999,SHEILA,,KUBE,35,SYLVAN,DR,,,SAINT AUGUSTINE,FL,3208,,,,,,,107-52-1546,1937
A100549,Sheila,,kube,35,SYLVAN,DR,,,SAINT AUGUSTINE,Fla.,32084,,,,,,,,
A100788,SHEILA,ALLEN,KUBE,35,SYLVAN,DR,,,SAINT AUGUSTINE,FL,32084,,,,,,,107-52-1546,
A102566,SHEILA,ALLEN,KUBE,35,SYLVAN,DR,,,"SAINT,AUGUSTINE",FL,3208,,,,,,,107-52-1546,1937
A105325,SHEILA,ALLEN,KUBE,35,SYLVAN,DR,,,"SAINT,AUGUSTINE",FL,3208,,,,,,,107-52-1546,1937
A103230,SHEILA,,KUBE,35,SYLVAN,DR,,,"Saint,Augustine",Fla.,3208,,,,,,,107-52-1546,
A106680,DAVE,,MARTINEZ,2820,LOMOND,DR,,,PALM HARBOR,FL,34684,,,,,,,107-52-1546,19370524
A106220,SHEILA,ALLEN,KUUBE,2820,lomond,DR,,,PALM HARBOR,FL,3468,,,,,,,,
A106347,SHEILA,,KUBE,2820,LOMOND,DR,,,PALM HARBOR,FL,34684,,,,,,,107512546,
A101343,SHEILA,ALLEN,KUBE,8340,VINE,TER,,,Floral City,FL,3443,,,,,,,107-52-1546,
A104101,SHEILA,,KUBE,8340,VINE,TER,,,"FLORAL,CITY",FL,3443,,,,,,,,
A105285,SHEILA,ALLEN,KUBE,8340,VINE,TER,,,FLORAL CITY,Fla.,34436,,,,,,,107-52-1546,1937
A104338,SHEILA,,KKUBE,8340,VINE,TER,,,FLORAL CITY,FL,34436,,,,,,,170521546,19370524
A106337,SHEILA,ALLEN,UBE,8340,VINE,TER,,,FLORAL CITY,Fla.,34436,,,,,,,107-52-1546,
A105478,sheila,,KUBE,8340,vine,TER,,,floral city,FL,3443,,,,,,,107521546,19370524
A103712,STEVEN,,HERNADNEZ,508,MILE 21,,,,EDINBURG,TX,7854,PO BOX,,2505,EDINBURG,,78540,,19300628
A100505,STEVEN,,HERNADEZ,508,Mile 21,,,,edinburg,Texas,78541,,,2505,EDINBURG,TX,78540,,1930
A106627,steven,,HERNANDEZ,508,MILE 21,,,,EDINBURG,Texas,78541,,7016,2505,EDINBURG,TX,,24331,1930
A101174,STEVEN,,HERNANDEZ,508,mile 21,,,,EDINBURG,TX,7854,PO BOX,7016,,EDINBURG,TX,78540,107524331,19300628
A103006,STEVEN,,HERNANDEZ,1803,VERNAL GLEN,CIR,,,SPRING,TX,77388,PO BOX,14243,11351,SPRING,,77391,107-52-4331,1930
A107044,STEVEN,,HERNANDEZ,1803,VERNAL GLEN,CIR,,,SPRING,TX,7738,,,,SPRING,TX,77391,107-52-4331,19300628
A106054,STEVEN,,HENRANDEZ,1803,VERNAL GLEN,CIR,,,SPRING,Texas,77388,PO BOX,14243,11351,SPRING,,77391,107-52-4331,
A101073,steven,,HERANNDEZ,1803,VERNAL GLEN,CIR,,,SPRING,TX,77388,,14243,11351,SPRING,TX,,107-52-4331,1930
A102563,STEVEN,,HERNANDEZ,1803,VERNAL GLEN,CIR,,,SPRING,TX,77388,,,,,,77391,107-52-4331,19300628
A105649,SHEILA,,HERNANEZ,6180,STANLEY,DR,,,LA MESA,CA,91942,,,,,,,107-52-1546,
A101314,SHEILA,ALLEN,hernanndez,6180,STANLEY,DR,,,LA MESA,CA,91942,,,,,,,107-52-1546,1937
A102826,Sheila,,hernandez,6180,stanley,DR,,,LA MESA,CA,91942,,,,,,,21546,1937
A105113,SHEILA,ALLEN,HENRANDEZ,6180,STANLEY,DR,,,LA MESA,Calif.,9194,,,,,,,,
A101837,SHEILA,,HERNANDEZ,6180,STANLEY,DR,,,"LA,MESA",CA,9194,,,,,,,107-52-1546,
A104580,Steven,,Hernandez,6180,STANLEY,DR,,,"LA,MESA",CA,91942,,,,,,,107-52-4331,19300628
A100608,STEVEN,,HERNANDEZ,6180,Stanley,DR,,,la mesa,CA,91942,,,,,,,107524313,19300628
A102344,STEVEN,,HERANNDEZ,6180,STANLEY,DR,,,LA MESA,Calif.,91942,,,,,,,107-52-4331,19300628
A102986,CHERYLOPEZ,,,1307,UNION,,APT,,MAGNOLIA,AR,7175,PO BOX,,,MAGNOLIA,,,171-94-3989,
A104210,CECILIA,E,VALENCIA,1307,UNION,,,,MAGNOLIA,AR,71753,,,1812,MAGNOLIA,AR,,43989,19660914
A102460,CECILIA,,VALENCIA,1307,UNION,,APT,D,Magnolia,Ark.,71753,,6729,1812,MAGNOLIA,AR,,43989,
A100939,THOMAS,,LOPEZ,3112,CYPRESS,ST,,,NORTH LITTLE ROCK,AR,72116,,,,,,,171-94-3989,1966
A103629,CECILIA,E,VALECNIA,3112,CYPRESS,ST,,,"NORTH,LITTLE,ROCK",AR,72116,,,,,,,171-94-3989,19660914
A100679,CECILIA,E,VALENCIA,3112,CYPRESS,ST,,,north little rock,Ark.,72116,,,,,,,171-94-3989,
A105173,ROBERT,,RAMIREZ,3112,CYPRESS,ST,,,"NORTH,LITTLE,ROCK",AR,7211,,,,,,,,1966
A105816,CECILIA,E,VLAENCIA,3112,Cypress,ST,,,NORTH LITTLE ROCK,Ark.,7211,,,,,,,43989,19660914
A104613,CECILIA,E,VALENCIA,10255,CARTER COVE,RD,,,PLAINVIEW,AR,72857,,69771,498,PLAINVIEW,AR,,,1966
A101097,Cecilia,E,VALENCIA,10255,CARTER COVE,RD,,,Plainview,Ark.,72857,PO BOX,69771,,,AR,,171-94-3989,
A103168,CECILIA,,VALENCIA,10255,CARTER COVE,RD,,,PLAINVIEW,AR,7285,,69771,498,PLAINVIEW,AR,72857,43989,
A105154,CECILIA,E,VALENCIA,10255,CARTER COVE,RD,,,PLAINVIEW,Ark.,7285,,69771,498,PLAINVIEW,AR,72857,,19660914
A105638,CECILIA,,VVALENCIA,10255,CARTER COVE,RD,,,PLAINVIEW,AR,72857,PO BOX,69771,,PLAINVIEW,AR,,,
A107151,STEVEN,,HRNANDEZ,4114,PALOMINO,ST,,,Wichita Falls,TX,7630,,,,,,,171945574,
A105312,STEVEN,,HERNANDEZ,4114,PALOMINO,ST,,,WICHITA FALLS,TX,7630,,,,,,,171945574,1971
A102655,STEVEN,,HERNANEDZ,4114,PALOMINO,ST,,,WICHITA FALLS,Texas,76306,,,,,,,,1971
A102806,Lisa,,FERNDZ,4114,PALOMINO,ST,,,Wichita Falls,TX,76306,,,,,,,171-95-4574,19710506
A100208,STEVEN,,HERNANDEZ,4114,PALOMINO,ST,,,wichita falls,TX,76306,,,,,,,171-95-4574,1971
A103013,J. J.,,Conlon,411,KIRKWOOD,DR,,,LEWISVILLE,Texas,75067,,6849,293150,LEWISVILLE,,75029,171954574,1971
A103038,STEVEN,,HENANDEZ,411,KIRKWOOD,DR,,,LEWISVILLE,TX,75067,PO BOX,6849,293150,LEWISVILLE,,75029,171-95-4574,1971
A104669,STEVEN,,HERNANDEZ,411,KIRKWOOD,DR,,,lewisville,TX,75067,PO BOX,,293150,LEWISVILLE,TX,,171-95-4574,
A105010,STEVEN,,HERNANDEZ,411,KIRKWOOD,DR,,,LEWISVILLE,TX,7506,PO BOX,,,LEWISVILLE,TX,75029,171-95-4574,19710506
A102811,STEVEN,,HERNANDEZ,411,KIRKWOOD,DR,,,LEWISVILLE,Texas,7506,PO BOX,,,LEWISVILLE,,,54574,19710506
A104655,STEVEN,,HERNANDEZ,411,KIRKWOOD,DR,,,LEWISVILLE,TX,75067,,6849,293150,LEWISVILLE,TX,75029,171-95-4574,19710506
A102790,STEVEN,,HERNANDEZ,1108,OLYMPIC,DR,,,PFLUGERVILLE,TX,78660,PO BOX,29119,531,PFLUGERVILLE,TX,78691,,
A104052,STEVEN,,HERNANEDZ,1108,OLYMPIC,DR,,,PFLUGERVILLE,TX,78660,PO BOX,29119,,PFLUGERVILLE,TX,78691,171954574,
A102895,STEVEN,,HERNANDDEZ,1108,OLYMPIC,DR,,,PFLUGERVILLE,Texas,78660,PO BOX,29119,531,PFLUGERVILLE,TX,78691,,19710506
A102423,Steven,,HERNANDE,1108,OLYMPIC,DR,,,PFLUGERVILLE,Texas,78660,PO BOX,,531,PFLUGERVILLE,,78691,,19710506
A105470,STEVEN,,HERNANDEZ,1108,OLYMPIC,DR,,,PFLUGERVILLE,TX,7866,,29119,531,,,78691,171954574,19710506
A104762,STEVEN,,EHRNANDEZ,1108,OLYMPIC,DR,,,PFLUGERVILLE,Texas,7866,PO BOX,,,,TX,78691,171-95-4574,19710506
A105708,CECILIA,,HERNANDEZ,6465,WEST,LN,APT,107,stockton,CA,95210,,25730,7644,STOCKTON,CA,,,1966
A106967,CECILIA,E,HERNANDEZ,6465,WEST,LN,APT,107,STOCKTON,CA,95210,PO BOX,25730,7644,STOCKTON,CA,,171-94-3989,19660914
A103015,CECILIA,E,HERNANDEZ,6465,West,LN,APT,107,STOCKTON,CA,95210,PO BOX,25730,7644,STOCKTON,CA,95267,171-94-3989,
A105087,CECILIA,E,HERNANDEZ,6465,WEST,LN,APT,107,STOCKTON,CA,9521,PO BOX,25730,7644,STOCKTON,CA,95267,,
A105407,STEVEN,,HENRANDEZ,6465,WEST,LN,APT,107,STOCKTON,CA,9521,PO BOX,25730,7644,STOCKTON,CA,,171-95-4574,19710506
A103534,STEVEN,,HERNANDEZ,6465,WEST,LN,APT,,STOCKTON,CA,9521,PO BOX,,7644,STOCKTON,,95267,171-95-4574,1971
A104981,STEVEN,,HERNANDEZ,6465,WEST,LN,APT,107,STOCKTON,Calif.,95210,PO BOX,,7644,STOCKTON,,,171-95-4574,1971
A102996,STEVEN,,HERNANDEZ,6465,WEST,LN,APT,107,stockton,CA,95210,PO BOX,25730,7644,,CA,,54574,
A103120,steven,,Hernandez,6465,WEST,LN,APT,107,STOCKTON,CA,95210,,,7644,STOCKTON,CA,95267,171945574,1971
A102611,STEVEN,,Hernandez,6465,WEST,LN,APT,107,STOCKTON,Calif.,95210,,25730,7644,STOCKTON,CA,95267,171-95-4574,1971
A100580,CECILIA,E,HERNANDEZ,17025,WOODRUFF,AVE,APT,17,BELLFLOWER,Calif.,90706,,,,,,,43989,19660914
A103774,cecilia,E,hernandez,17025,WOODRUFF,AVE,APT,17,BELLFLOWER,CA,9070,,,,,,,43989,19660914
A106282,Brian,,Rico,17025,WOODRUFF,AVE,APT,17,BELLFLOWER,CA,9070,,,,,,,,1966
A104190,CECILIA,E,HERNANDEZ,17025,WOODRUFF,AVE,,17,bellflower,CA,90706,,,,,,,171943989,
A101357,CECILIA,,HERNANDEZ,17025,WOODRUFF,AVE,APT,17,BELLFLOWER,Calif.,90706,,,,,,,171-94-3989,19660914
A104022,Damian,,Garcia,144,LATENTE,DR,,,PALMDALE,CA,93550,,,,,,,,
A106864,CECILIA,E,HERNAANDEZ,144,LATENTE,DR,,,PALMDALE,CA,93550,,,,,,,171-94-3989,
A105373,CECILIA,E,HERNANDEZZ,144,LATENTE,DR,,,PALMDALE,Calif.,93550,,,,,,,171-94-3989,19660914
A105209,CECILIA,,HERNNDEZ,144,Latente,DR,,,PALMDALE,Calif.,9355,,,,,,,171-94-3989,19660914
A101059,CECILIA,,HEERNANDEZ,144,LATENTE,DR,,,PALMDALE,Calif.,93550,,,,,,,171-94-3989,
A100173,CECILIA,E,HERNANDEZ,144,LATENTE,DR,,,Palmdale,Calif.,93550,,,,,,,171-94-3989,1966
A103755,CECILIA,,HERNANDEZ,2542,WHITLEY,AVE,,,CORCORAN,CA,9321,,,,,,,,1966
A103307,MARIA DYER,,,2542,WHITLEY,AVE,,,CORCORAN,CA,9321,,,,,,,171-94-3989,
A107062,CECILIA,E,HERNANDEZ,2542,WHITLEY,AVE,,,CORCORAN,CA,9321,,,,,,,171943989,
A101619,Maria,,BETCHLEY,22562,Thrush,ST,,,GRAND TERRACE,Calif.,92313,,,,,,,027-03-6049,19490612
A106620,SUZANNE,,ARTENSTEIN,22562,THRUSH,ST,,,GRAND TERRACE,Calif.,92313,,,,,,,027-03-6049,1949
A102295,SUZANNE,,ARTENSTEIN,22562,THRUSH,ST,,,grand terrace,CA,92313,,,,,,,,19490612
A103744,SUZANNE,,AARTENSTEIN,22562,THRUSH,ST,,,GRAND TERRACE,Calif.,92313,,,,,,,207036049,
A101693,SUZANNE,,artenstein,22562,thrush,ST,,,GRAND TERRACE,Calif.,92313,,,,,,,027-03-6049,
A101789,SUZANNE,,ARTENSTEIN,4595,OAKWOOD,PL,,,RIVERSIDE,CA,92506,PO BOX,8926,52661,,CA,92517,027-03-6049,
A106706,SUZANNE,,ARTENSTEIN,4595,OAKWOOD,PL,,,RIVERSIDE,CA,9250,,8926,52661,,CA,,027-03-6049,1949
A102998,SUZANNE,,ARTENSTEIN,4595,OAKWOOD,PL,,,RIVERSIDE,CA,92506,,8926,52661,RIVERSIDE,CA,92517,027-03-6049,1949
A100958,SUZANNE,,ARTENSTEIN,4595,OAKWOOD,PL,,,RIVERSIDE,CA,9250,,8926,52661,RIVERSIDE,CA,,207036049,1949
A100138,suzanne,,Artnstein,4595,OAKWOOD,PL,,,Riverside,CA,92506,PO BOX,8926,52661,,,92517,,19490612
A105518,SUZANNE,,rtenstein,4595,oakwood,PL,,,riverside,CA,92506,PO BOX,,,RIVERSIDE,,92517,027-03-6049,19490612
A104430,SUZANNE,,ARTENSTEIN,776,BUSH,ST,APT,306,SAN FRANCISCO,CA,94108,,3781,280911,,CA,,,1949
A100312,SUZANNE,,Artesntein,776,bush,ST,APT,,san francisco,CA,94108,PO BOX,3781,,,CA,,027-03-6049,19490612
A100620,Suzanne,,ARTENSTEIN,776,BUSH,ST,,,SAN FRANCISCO,CA,94108,,3781,280911,SAN FRANCISCO,CA,94128,,
A106349,Armondo,Rene,Jumper,776,BUSH,ST,APT,306,SAN FRANCISCO,CA,9410,,3781,280911,SAN FRANCISCO,CA,94128,,1949
A104490,SUZANNE,,ARTENSTEIN,776,BUSH,ST,APT,306,SAN FRANCISCO,CA,9410,PO BOX,3781,,SAN FRANCISCO,,94128,027036049,19490612
A102625,stephen,,PORTILLO,2501,DRY BANK,LN,,,PEARLAND,Texas,77584,PO BOX,73245,794,,TX,77588,027-03-8314,19580621
A100436,stephen,RENIERY,Portillo,2501,DRY BANK,LN,,,PEARLAND,TX,77584,PO BOX,,794,PEARLAND,TX,,,
A105116,KIMBERLY,SANA,MENA,2501,DRY BANK,LN,,,Pearland,Texas,7758,PO BOX,73245,794,PEARLAND,TX,77588,,19580621
A104503,STEPHEN,,PORTLILO,4709,CANYON,TRL,APT,3104,EULESS,Texas,76040,,,,,,,,
A103475,STEPHEN,RENIERY,PORTILO,4709,CANYON,TRL,APT,3104,EULESS,TX,76040,,,,,,,,
A102915,Stephen,RENIERY,Portillo,4709,CANYON,TRL,APT,3104,EULESS,Texas,7604,,,,,,,027-03-8314,
A102029,SUZANNE,,PORTILLO,14,CHESTNUT,CIR,,,HOLLYWOOD,Fla.,33026,,,,,,,027-03-6049,1949
A101833,DAVID,,DIAZ,14,CHESTNUT,CIR,,,HOLLYWOOD,FL,33026,,,,,,,027036049,19490612
A104458,SUZANNE,,PORTILLO,14,CHESTNUT,CIR,,,HOLLYWOOD,FL,33026,,,,,,,,19490612
A101177,suzanne,,portillo,14,CHESTNUT,CIR,,,HOLLYWOOD,Fla.,33026,,,,,,,027-03-6049,
A103079,SUZANNE,,PORTILLO,14,CHESTNUT,CIR,,,HOLLYWOOD,Fla.,3302,,,,,,,,1949
A106219,SUZANNE,,PORTILLO,14,CHESTNUT,CIR,,,HOLLYWOOD,Fla.,33026,,,,,,,,
A107053,STEPHEN,RENIERY,OPRTILLO,14,CHESTNUT,CIR,,,HOLLYWOOD,FL,3302,,,,,,,,19580621
A104086,STEPHEN,,PORTILLO,14,CHESTNUT,CIR,,,HOLLYWOOD,FL,33026,,,,,,,38314,
A104133,STEPHEN,,PORTILLO,14,CHESTNUT,CIR,,,HOLLYWOOD,FL,33026,,,,,,,,19580621
A105909,STEPHEN,,PORTILLO,14,CHESTNUT,CIR,,,Hollywood,FL,33026,,,,,,,027038314,
A107126,Jack ,C.,LARIOs,14,CHESTNUT,CIR,,,HOLLYWOOD,Fla.,3302,,,,,,,027-03-8314,
A100961,SUZANNE,,COGBURN,245,SANTA CRUZ,ST,,,SAN PEDRO,Calif.,9073,PO BOX,59165,1428,SAN PEDRO,,,58494,19840403
A105683,SUZANNE,,COGBUR,245,SANTA CRUZ,ST,,,san pedro,CA,9073,PO BOX,59165,,,,90733,58494,19840403
A106806,SUZANNE,,COBGURN,245,SANTA CRUZ,ST,,,SAN PEDRO,CA,90731,,59165,1428,SAN PEDRO,,90733,158-05-8494,1984
A104191,SUZANNE,,Cogburn,245,SANTA CRUZ,ST,,,"SAN,PEDRO",CA,9073,PO BOX,59165,1428,SAN PEDRO,CA,,158-05-8494,
A104717,SUZANNE,,COGBURN,1515,ohara,CT,,,Clayton,CA,9451,,,,,,,158-05-8494,1984
A102006,Suzanne,,Cogburn,1515,OHARA,CT,,,CLAYTON,CA,9451,,,,,,,,19840403
A101846,Suzanne,,Cogburn,1515,OHARA,CT,,,CLAYTON,Calif.,94517,,,,,,,,19840403
A100386,A.Hernandez,,,646,73RD,ST,,,LOS ANGELES,CA,90044,,503,,,CA,,,19840403
A105885,SUZANNE,,COGBURN,646,73RD,ST,,,LOS ANGELES,Calif.,9004,PO BOX,,881605,,CA,,158-05-8494,19840403
A101054,SUZANNE,,COGBURN,646,73RD,ST,,,LOS ANGELES,CA,90044,,,881605,LOS ANGELES,,90009,158-05-8494,1984
A100697,T.Lynn ,,Ramirez,646,73RD,ST,,,LOS ANGELES,CA,90044,PO BOX,503,881605,,CA,90009,158-05-8494,1984
A100484,WILLIAM,,PORTILLO,3558,WIND RIVER,RUN,,,CLERMONT,FL,34711,,,,,,,,
A101690,WILLIAM,,PORTILLO,3558,WIND RIVER,RUN,,,CLERMONT,FL,34711,,,,,,,158-06-8106,19760819
A102646,WILLIAM,AMILCAR,PORTILLO,3558,WIND RIVER,RUN,,,CLERMONT,Fla.,34711,,,,,,,,
A104871,CECILIA,E,HERNANDEZ,3558,WIND RIVER,RUN,,,CLERMONT,FL,34711,,,,,,,158068106,19760819
A104547,William,AMILCAR,portillo,3558,WIND RIVER,RUN,,,CLERMONT,FL,34711,,,,,,,158-06-8106,19760819
A105211,WILLIAM,AMILCAR,PORTILLO,3558,WIND RIVER,RUN,,,CLERMONT,FL,34711,,,,,,,68106,19760819
A100196,JOSE,,MENDOZA,2406,MING,CT,,,KISSIMMEE,FL,3474,,,421136,,,34742,158-06-8106,19760819
A103379,WILLIAM,AMILCAR,PORTILLO,2406,MING,CT,,,KISSIMMEE,FL,3474,PO BOX,2938,,KISSIMMEE,,34742,68106,19760819
A107084,WILLIAM,AMILCAR,PORTILLO,2406,MING,CT,,,KISSIMMEE,FL,34744,PO BOX,2938,421136,,FL,34742,,1976
A100260,SUZANNE,,PORTILLO,892,CELESTINE,CIR,,,VACAVILLE,Calif.,9568,PO BOX,,1158,,,95696,,19840403
A102249,SUZANNE,,portillo,892,CELESTINE,CIR,,,VACAVILLE,CA,95687,PO BOX,,1158,VACAVILLE,,,58494,
A103454,Maria,,MEZA,892,CELESTINE,CIR,,,VACAVILLE,Calif.,95687,PO BOX,70657,1158,VACAVILLE,,,518058494,
A101307,SUZANNE,,PORTILLO,892,CELESTINE,CIR,,,VACAVILLE,CA,95687,PO BOX,,1158,VACAVILLE,CA,95696,,
A102285,WILLIAM,AMILCAR,PORITLLO,892,CELESTINE,CIR,,,VACAVILLE,CA,95687,,,1158,,CA,95696,158-06-8106,19760819
A106800,WILLIAM,,PROTILLO,892,CELESTINE,CIR,,,VACAVILLE,Calif.,95687,PO BOX,,1158,VACAVILLE,CA,,,19760819
A104856,WILLIAM,,portillo,892,CELESTINE,CIR,,,VACAVILLE,CA,9568,,70657,,VACAVILLE,,95696,158-06-8106,
A104773,SYLVIA,,SUUWANNATE,8245,FLORIN,RD,STE,D1,SACRAMENTO,CA,9582,,,,,,,034259816,1955
A102562,SYLVIA,,SUWANNAT,8245,FLORIN,RD,STE,D1,SACRAMENTO,CA,95828,,,,,,,034-25-9861,19550707
A102144,SYLVIA,,SUWANNATTE,8245,FLORIN,RD,,,SACRAMENTO,CA,9582,,,,,,,034-25-9861,
A105037,sylvia,,SUWANNATE,8245,FLORIN,RD,,D1,SACRAMENTO,CA,95828,,,,,,,034-25-9861,
A105549,JUAN,,RAIMREZ,1612,RECTOR,RD,APT,3,PARAGOULD,Ark.,7245,PO BOX,8847,1663,,AR,72451,,
A101959,JUAN,INES,RAMIREZ,1612,RECTOR,RD,APT,3,PARAGOULD,AR,7245,PO BOX,8847,,PARAGOULD,,,,19650912
A101324,JUAN,,RAMIERZ,1612,RECTOR,RD,APT,3,PARAGOULD,AR,72450,PO BOX,,,,AR,,,
A103467,JUAN,,RAMIREZ,1612,RECTOR,RD,APT,3,PARAGOULD,AR,72450,,,1663,PARAGOULD,AR,,034-26-3248,
A105400,JUAN,,RAMIREZ,1612,RECTOR,RD,APT,3,PARAGOULD,AR,7245,PO BOX,,,,AR,72451,034-26-3248,19650912
A100086,JUAN,INES,RAMIREZ,31,FENCHURCH,DR,,,BELLA VISTA,Ark.,72714,,,,,,,63248,1965
A100237,JUAN,,RAAMIREZ,31,FENCHURCH,DR,,,BELLA VISTA,AR,72714,,,,,,,034-26-3248,19650912
A106952,JUAN,INES,RAMIREZ,31,FENCHURCH,DR,,,BELLA VISTA,Ark.,72714,,,,,,,034-26-3248,19650912
A105648,JUAN,INES,RAMIREZ,31,FENCHURCH,DR,,,Bella Vista,AR,7271,,,,,,,,19650912
A103811,JUAN,INES,RMIREZ,31,FENCHURCH,DR,,,"BELLA,VISTA",AR,7271,,,,,,,043263248,
A104379,JUAN,INES,RAMIREZ,22318,LOUISE,LN,,,BAUXITE,Ark.,72011,,,84,BAUXITE,AR,72011,034-26-3248,19650912
A102885,JUAN,INES,RAMIREZ,22318,LOUISE,LN,,,bauxite,AR,72011,,32050,84,BAUXITE,,,034-26-3248,
A102705,JUAN,INES,RAMIREZ,22318,LOUISE,LN,,,BAUXITE,Ark.,72011,PO BOX,,,BAUXITE,AR,72011,034-26-3248,
A104933,JUAN,,RAMIREZ,22318,louise,LN,,,BAUXITE,Ark.,72011,,32050,,,,,034-26-3248,
A104459,JUAN,INES,RAMIREZ,22318,LOUISE,LN,,,BAUXITE,AR,7201,PO BOX,32050,84,,AR,72011,034-26-3248,1965
A102321,JUAN,INES,RAMIREZ,22318,LOUISE,LN,,,BAUXITE,AR,72011,PO BOX,32050,84,BAUXITE,AR,72011,034263248,
A101335,SYLVIA,,RAMIREZ,439,canon,DR,FLR,3RD,Beverly Hills,Calif.,90210,PO BOX,27740,,,CA,90212,,19550707
A105650,SYLVIA,,RAMIRREZ,439,CANON,DR,,,BEVERLY HILLS,CA,90210,PO BOX,,6144,BEVERLY HILLS,CA,90212,034-25-9861,19550707
A100577,SYLVIA,,RAMIIREZ,439,CANON,DR,FLR,,"BEVERLY,HILLS",CA,90210,PO BOX,,6144,BEVERLY HILLS,CA,90212,59861,19550707
A105108,JUAN,,RAIMREZ,439,CANON,DR,,,BEVERLY HILLS,CA,90210,,27740,6144,BEVERLY HILLS,CA,90212,034-26-3248,
A101460,JUAN,,RAMIREZ,439,CANON,DR,,3RD,BEVERLY HILLS,CA,9021,,27740,,BEVERLY HILLS,CA,,63248,19650912
A105830,JUAN,,RAMIREZ,439,CANON,DR,FLR,3RD,BEVERLY HILLS,CA,90210,PO BOX,27740,,BEVERLY HILLS,CA,90212,034-26-3248,
A101535,JUAN,INES,RAIMREZ,439,CANON,DR,FLR,3RD,"BEVERLY,HILLS",CA,90210,,27740,6144,BEVERLY HILLS,CA,90212,,19650912
A101697,SYLVIA,,RAMIREZ,2813,ELLIOTT,ST,,,WICHITA FALLS,TX,7630,PO BOX,16861,4313,,,76308,115-64-6777,
A101869,SYLVIA,,RAMIREZ,2813,elliott,ST,,,WICHITA FALLS,TX,76308,PO BOX,16861,4313,,TX,76308,115-64-6777,
A106829,SYLVIA,,Ramirez,2813,ELLIOTT,ST,,,WICHITA FALLS,TX,76308,PO BOX,16861,,WICHITA FALLS,TX,76308,115-64-6777,1972
A104091,SYLVIA,,RAMIREZ,2813,ELLIOTT,ST,,,Wichita Falls,Texas,76308,PO BOX,16861,4313,,TX,76308,,19720427
A103532,SYLVIA,,ramirez,2813,ELLIOTT,ST,,,WICHITA FALLS,TX,7630,PO BOX,,,,TX,76308,46777,
A105497,SYLVIA,,RAMIREZ,2813,ELLIOTT,ST,,,WICHITA FALLS,TX,76308,PO BOX,16861,,WICHITA FALLS,TX,76308,115646777,
A106112,sylvia,,RAAMIREZ,4114,Medical,DR,APT,12108,San Antonio,TX,78229,PO BOX,5738,690362,,TX,78269,115-64-6777,19720427
A102167,SYLVIA,,RAMIREZ,4114,MEDICAL,DR,APT,,SAN ANTONIO,TX,78229,PO BOX,5738,,,,78269,115-64-6777,1972
A105498,SYLVIA,,RAMIREZ,4114,MEDICAL,DR,APT,12108,SAN ANTONIO,TX,7822,,5738,690362,SAN ANTONIO,TX,,115646777,
A104218,SYLVIA,,RAMRIEZ,4114,MEDICAL,DR,,,"SAN,ANTONIO",TX,7822,PO BOX,5738,690362,SAN ANTONIO,TX,78269,115-64-6777,
A102281,sylvia,,ARMIREZ,4114,MEDICAL,DR,APT,12108,SAN ANTONIO,TX,78229,,5738,690362,SAN ANTONIO,,78269,115-64-6777,19720427
A102433,SYLVIA,,RAMIREZZ,5601,AMERADA,CIR,APT,824,ARLINGTON,Texas,76017,,4727,300806,ARLINGTON,TX,76007,,
A100083,SYLVIA,,RAMIREZ,5601,AMERADA,CIR,APT,824,ARLINGTON,TX,76017,PO BOX,4727,,ARLINGTON,TX,76007,115646777,1972
A104986,SYLVIA,,RAMIREZ,5601,AMERADA,CIR,,,ARLINGTON,TX,76017,PO BOX,4727,300806,ARLINGTON,,76007,115-64-6777,19720427
A103113,SYLVIA,,ARMIREZ,5601,AMERADA,CIR,APT,824,ARLINGTON,TX,76017,PO BOX,,300806,,,76007,,19720427
A102812,FADY,ALAN,EVANS,5601,amerada,CIR,APT,824,ARLINGTON,TX,76017,PO BOX,4727,,ARLINGTON,TX,76007,115-64-6777,19720427
A106445,John,EDWARD,Yordy,432,EDGEHILL,LN,,144,OCEANSIDE,Calif.,92054,,,,,,,115-64-9162,19650509
A103202,Jon,,BROWAN,432,EDGEHILL,LN,UNIT,144,OCEANSIDE,CA,92054,,,,,,,115-64-9162,1965
A104322,JOHN,EDWARD,yorrdy,432,EDGEHILL,LN,UNIT,144,OCEANSIDE,CA,92054,,,,,,,115-64-9162,19650509
A101907,john,EDWARD,YORDY,432,EDGEHILL,LN,UNIT,144,OCEANSIDE,Calif.,92054,,,,,,,,1965
A107001,JOHN,EDWARD,ORDY,432,EDGEHILL,LN,UNIT,144,OCEANSIDE,CA,92054,,,,,,,,
A105283,JOHN,EDWARD,YORDY,432,EDGEHILL,LN,UNIT,144,OCEANSIDE,CA,92054,,,,,,,115649612,19650509
A103274,SYLVIA,,YORD,1456,BAY GROVE,DR,,,"port,orange",FL,32129,PO BOX,,1162,PORT ORANGE,FL,32129,115-64-6777,1972
A102338,SYLVIA,,YORDYY,1456,BAY GROVE,DR,,,"PORT,ORANGE",FL,3212,PO BOX,18075,,,,32129,115-64-6777,
A106425,SYLVIA,,YORD,1456,BAY GROVE,DR,,,port orange,FL,32129,,18075,1162,PORT ORANGE,FL,32129,115-64-6777,1972
A105223,john,EDWARD,YORDY,1456,BAY GROVE,DR,,,PORT ORANGE,Fla.,3212,PO BOX,,1162,PORT ORANGE,FL,32129,115649126,19650509
A103451,JOHN,EDWARD,YORDY,1456,BAY GROVE,DR,,,"Port,Orange",FL,32129,PO BOX,18075,,PORT ORANGE,,,115-64-9162,
A104782,John,EDWARD,YORDY,1456,BAY GROVE,DR,,,"PORT,ORANGE",FL,32129,PO BOX,18075,,PORT ORANGE,FL,,116549162,
A106461,JOHN,EDWARD,yordy,1456,BAY GROVE,DR,,,PORT ORANGE,Fla.,32129,PO BOX,18075,1162,PORT ORANGE,,,115-64-9162,
A102946,SHEILA,,KUBE,2010,SPARROW VALLEY,RD,,,APTOS,CA,95003,,,,,,,82135,19180630
A100566,THERESA,,VASQUUEZ,2010,Sparrow Valley,RD,,,APTOS,CA,95003,,,,,,,82135,19180630
A104402,THERESA,,VASQUEZ,2010,SPARROW VALLEY,RD,,,APTOS,Calif.,95003,,,,,,,,1918
A104570,theresa,,vasquez,2010,SPARROW VALLEY,RD,,,APTOS,CA,95003,,,,,,,,19180630
A103904,THERESA,,VASQUEZ,2010,SPARROW VALLEY,RD,,,aptos,Calif.,95003,,,,,,,,19180630
A103404,ROBERT,,DIAZ,5907,APPLECREEK,CT,,,BAKERSFIELD,CA,93313,,1932,60103,,CA,93386,100-08-2135,1918
A100851,THERESA,,VASQUEZ,5907,Applecreek,CT,,,Bakersfield,CA,93313,PO BOX,1932,60103,,CA,,,
A100854,THERESA,,VASQUEZZ,5907,APPLECREEK,CT,,,Bakersfield,CA,93313,PO BOX,1932,60103,BAKERSFIELD,,93386,100-08-2135,1918
A107220,THERESA,,VASQUEZ,5907,APPLECREEK,CT,,,BAKERSFIELD,CA,9331,PO BOX,,60103,,,93386,100-08-2135,
A100316,THERESA,,VASQUUEZ,5907,APPLECREEK,CT,,,bakersfield,CA,93313,PO BOX,1932,,,CA,,100-08-2135,
A105318,THERESA,,VASQUEZ,5907,Applecreek,CT,,,bakersfield,Calif.,93313,,,,,CA,93386,100-08-2135,19180630
A103753,theresa,,Vasquez,6959,EBERHART,ST,,,SAN DIEGO,Calif.,9211,,2233,,SAN DIEGO,CA,92145,,
A103685,THERESA,,VASQUEZ,6959,Eberhart,ST,,,SAN DIEGO,CA,92115,,2233,45236,SAN DIEGO,,,100-08-2135,19180630
A106518,THERESA,,VASQUEZ,6959,EBERHART,ST,,,"SAN,DIEGO",Calif.,92115,PO BOX,,,SAN DIEGO,,92145,,
A104741,THERESA,,VSQUEZ,6959,EBERHART,ST,,,"san,diego",CA,92115,,2233,45236,SAN DIEGO,,92145,100082135,19180630
A101826,THERESA,,VASQUEZ,6959,EBERHART,ST,,,"SAN,DIEGO",Calif.,92115,,2233,45236,SAN DIEGO,CA,92145,,
A105602,JUAN,,artin,1878,matin,CIR,UNIT,135,San Marcos,CA,92069,,,,,,,,19110627
A105737,LETICIA,,HERNANDEZ,1878,MATIN,CIR,UNIT,135,SAN MARCOS,CA,9206,,,,,,,,19110627
A106469,Gregory,,Lopez,1878,MATIN,CIR,UNIT,135,SAN MARCOS,Calif.,92069,,,,,,,100-09-0849,19110627
A105951,JUAN,A,MARTIN,1878,MATIN,CIR,UNIT,135,SAN MARCOS,CA,92069,,,,,,,100-09-0849,
A104944,JUAN,A,MARITN,1878,MATIN,CIR,,135,"SAN,MARCOS",Calif.,92069,,,,,,,100090849,
A104269,THERESA,,martin,405,oak,ST,,,"Honey,Grove",TX,75446,,,,,,,100-08-2135,19180630
A103363,Theresa,,MARTIN,405,OAK,ST,,,HONEY GROVE,TX,75446,,,,,,,100-08-2135,19180630
A102378,THERESA,,MARTIN,405,oak,ST,,,honey grove,Texas,7544,,,,,,,100-08-2135,19180630
A102766,THERESA,,ARTIN,405,OAK,ST,,,HONEY GROVE,TX,75446,,,,,,,,
A102803,JUAN,A,MARTIN,405,OAK,ST,,,HONEY GROVE,Texas,7544,,,,,,,100-09-0849,19110627
A102712,JUAN,,MARTIN,405,OAK,ST,,,HONEY GROVE,TX,75446,,,,,,,,19110627
A101248,Chad,,Gomes,405,OAK,ST,,,HONEY GROVE,Texas,75446,,,,,,,100-09-0849,1911
A105954,THERESA,,MARTIN,199,pr 1389,,,,dublin,Texas,7644,,,,,,,,1918
A106252,THERESA,,MARIN,199,PR 1389,,,,DUBLIN,TX,76446,,,,,,,100-08-2135,19180630
A100342,THERESA,,MARTIN,199,pr 1389,,,,dublin,TX,7644,,,,,,,010082135,
A102085,Juan,A,MARTIN,199,PR 1389,,,,DUBLIN,Texas,7644,,,,,,,90849,19110627
A106460,bertha,,MARTINEZ,199,PR 1389,,,,DUBLIN,TX,76446,,,,,,,,19110627
A101337,JUAN,A,MARTIN,199,pr 1389,,,,DUBLIN,Texas,76446,,,,,,,90849,
A105809,JUAN,,MARTIN,199,PR 1389,,,,DUBLIN,TX,76446,,,,,,,100-09-0849,19110627
A102557,RICHARD,,GONZALEZ,524,PECAN,DR,,,SCHERTZ,TX,78154,,,,,,,89304,
A100185,theresa,,Vasquez,524,PECAN,DR,,,SCHERTZ,TX,78154,,,,,,,197-48-9304,19170616
A103671,THERESA,,vasquez,524,PECAN,DR,,,schertz,TX,7815,,,,,,,,19170616
A106636,THERESA,,VASQUEZ,524,PECAN,DR,,,SCHERTZ,TX,78154,,,,,,,197-48-9304,
A106683,THERESA,,VASQUEZ,524,PECAN,DR,,,SCHERTZ,TX,7815,,,,,,,197-48-9304,
A102821,THERESA,,VASQUEZ,524,PECAN,DR,,,SCHERTZ,TX,7815,,,,,,,,19170616
A104511,JAMES,,BTLER,692,RACQUET CLUB,CIR,,,ROHNERT PARK,CA,94928,,,,,,,197508023,
A101394,JAMES,J,BUTLER,692,RACQUET CLUB,CIR,,,ROHNERT PARK,CA,94928,,,,,,,,19070330
A101036,JAMES,J,BUTLER,692,RACQUET CLUB,CIR,,,"ROHNERT,PARK",CA,9492,,,,,,,197-50-8023,1907
A106757,James,J,BULTER,692,RACQUET CLUB,CIR,,,ROHNERT PARK,CA,94928,,,,,,,08023,
A105482,JAMES,,BUTLER,692,racquet club,CIR,,,Rohnert Park,Calif.,9492,,,,,,,197508032,19070330
A105210,JAMES,J,BUTLER,692,RACQUET CLUB,CIR,,,"ROHNERT,PARK",CA,94928,,,,,,,08023,
A106106,D. Garcia,,,800,MAINBERRY,AVE,#,531,MADERA,CA,93637,,,,,,,,
A101807,THERESA,,BULER,800,MAINBERRY,AVE,#,531,MADERA,CA,93637,,,,,,,,
A103787,THERESA,,BUTLEER,800,MAINBERRY,AVE,#,531,MADERA,Calif.,93637,,,,,,,197-48-9304,19170616
A106356,JAMES,J,BUTLLER,800,MAINBERRY,AVE,#,531,MADERA,Calif.,93637,,,,,,,,19070330
A101030,JAMES,,BUTLE,800,MAINBERRY,AVE,#,531,MADERA,CA,9363,,,,,,,197058023,
A100498,JAMES,,BUTLER,800,MAINBERRY,AVE,,531,MADERA,CA,93637,,,,,,,197-50-8023,1907
A101788,JAMES,J,BUTLER,800,MAINBERRY,AVE,#,531,MADERA,CA,9363,,,,,,,197-50-8023,
A103848,JAMES,J,BUTLER,800,mainberry,AVE,#,531,MADERA,CA,9363,,,,,,,197-50-8023,19070330
A107038,THERESA,,VASQUEZ,6415,TEMPLE CITY,BLVD,,,"TEMPLE,CITY",CA,91780,,46793,674,,CA,91780,,
A105781,THERESA,BUTLER,VASQUEZ,6415,TEMPLE CITY,BLVD,,,"TEMPLE,CITY",CA,9178,,46793,674,,CA,,197849304,19170616
A102920,THERESA,,VASQEUZ,6415,TEMPLE CITY,BLVD,,,"TEMPLE,CITY",Calif.,9178,,46793,,,,91780,,19170616
A104347,THERESA,BUTLER,VAASQUEZ,6415,TEMPLE CITY,BLVD,,,TEMPLE CITY,CA,9178,PO BOX,46793,674,TEMPLE CITY,CA,91780,89304,19170616
A102782,THERESA,BUTLER,VASQUEZ,6415,TEMPLE CITY,BLVD,,,"TEMPLE,CITY",Calif.,91780,PO BOX,,,TEMPLE CITY,CA,91780,,19170616
A101744,JAMES,J,BUTLER,4829,LEFEBVRE,WAY,,,ANTIOCH,CA,94531,,,,,,,,
A107221,JAMES,J,BUTLER,4829,LEFEBVRE,WAY,,,ANTIOCH,Calif.,94531,,,,,,,,1907
A102086,JAMES,J,BUTLER,4829,LEFEBVRE,WAY,,,ANTIOCH,CA,94531,,,,,,,197058023,
A100458,James,,BUTLER,4829,LEFEBVRE,WAY,,,antioch,CA,94531,,,,,,,197-50-8023,1907
A100299,JAMES,,BUTLER,4829,LEFEBVRE,WAY,,,ANTIOCH,CA,94531,,,,,,,197-50-8023,19070330
A106284,JAMES,J,BUTLER,4829,LEFEBVRE,WAY,,,ANTIOCH,CA,94531,,,,,,,197-50-8023,1907
A105847,TERRIE,DEAN,KELLEY,24317,WABUSKA,ST,,,NEWHALL,Calif.,91321,PO BOX,,220766,NEWHALL,CA,,021-40-7783,19370504
A105278,TERRIE,DEAN,Kelley,24317,WABUSKA,ST,,,NEWHALL,Calif.,9132,,33236,220766,NEWHALL,CA,,021407738,19370504
A104093,TERRIE,DEAN,KELELY,24317,Wabuska,ST,,,newhall,Calif.,91321,PO BOX,33236,220766,,CA,91322,021-40-7783,
A103710,TERRIE,,Kelley,24317,WABUSKA,ST,,,NEWHALL,CA,91321,,33236,,NEWHALL,CA,,021407783,19370504
A106874,terrie,DEAN,Kelley,12874,FENCERIDER,WAY,,,VICTORVILLE,CA,9239,PO BOX,,407,VICTORVILLE,,92393,021-40-7783,
A106588,TERRIE,DEAN,KELLEY,12874,FENCERIDER,WAY,,,VICTORVILLE,Calif.,92392,PO BOX,7124,407,,CA,92393,021-40-7783,19370504
A101057,Terrie,,KELLEY,12874,FENCERIDER,WAY,,,VICTORVILLE,Calif.,92392,,,407,VICTORVILLE,CA,92393,021-40-7783,19370504
A105327,TERRIE,DEAN,Kelley,12874,FENCERIDER,WAY,,,Victorville,CA,92392,PO BOX,7124,407,VICTORVILLE,CA,92393,021-40-7783,1937
A101580,TERRIE,DEAN,KELLLEY,12874,FENCERIDER,WAY,,,VICTORVILLE,CA,92392,,7124,407,,CA,,021-40-7783,1937
A101421,TERRIE,DEAN,KELLEY,8735,Delgany,AVE,APT,211,Playa Del Rey,CA,90293,,,,,,,021-40-7783,
A103483,TERRIE,DEAN,KELLEY,8735,DELGANY,AVE,APT,211,"PLAYA,DEL,REY",Calif.,90293,,,,,,,,19370504
A102802,TERRIE,,KELLEY,8735,DELGANY,AVE,APT,,"PLAYA,DEL,REY",Calif.,9029,,,,,,,021-40-7783,
A101988,TERRIE,DEAN,KELLEY,8735,DELGANY,AVE,,211,"PLAYA,DEL,REY",Calif.,90293,,,,,,,,19370504
A103934,terrie,DEAN,kelley,8735,DELGANY,AVE,APT,211,PLAYA DEL REY,CA,90293,,,,,,,07783,19370504
A103016,Terrie,DEAN,KELLEY,8735,DELGANY,AVE,APT,211,PLAYA DEL REY,Calif.,90293,,,,,,,021-40-7783,
A105769,THOMAS,,LOPEZ,1166,7th,PL,,,cape coral,FL,33993,PO BOX,6480,,,FL,33915,,1932
A105215,THOMAS,,lopez,1166,7th,PL,,,CAPE CORAL,FL,33993,PO BOX,,150706,CAPE CORAL,FL,33915,021-41-4098,19321123
A106199,ANNA,A,VILLARRREAL,1166,7TH,PL,,,"CAPE,CORAL",FL,3399,PO BOX,6480,150706,CAPE CORAL,FL,33915,021-41-4098,
A106179,THOMAS,,LOPEZ,1166,7TH,PL,,,CAPE CORAL,FL,33993,PO BOX,6480,150706,,FL,33915,021410498,1932
A106662,TERRIE,DEAN,LOPEZ,1402,1ST,ST,,,MULBERRY,Fla.,33860,,,,,,,021-40-7783,
A102842,TERRIE,DEAN,LOPEZ,1402,1St,ST,,,MULBERRY,FL,33860,,,,,,,021-40-7783,1937
A105187,TERRIE,DEAN,LOPEZ,1402,1ST,ST,,,MULBERRY,FL,33860,,,,,,,,
A105224,WILLIAM,,Villarreal,1402,1st,ST,,,MULBERRY,FL,33860,,,,,,,,19321123
A102178,THOMAS,,LOPEZ,1402,1ST,ST,,,MULBERRY,FL,3386,,,,,,,021-41-4098,19321123
A101817,THOMAS,,LOPZ,1402,1ST,ST,,,MULBERRY,FL,3386,,,,,,,,19321123
A106749,THOMAS,,LOPZE,1402,1ST,ST,,,MULBERRY,FL,33860,,,,,,,021-41-4098,1932
A101864,Terrie,DEAN,LOPEZ,2623,FIDDLESTICK,CIR,,,LUTZ,Fla.,3355,,,,,,,021-40-7783,
A107112,TERRIE,DEAN,LOPZE,2623,FIDDLESTICK,CIR,,,LUTZ,Fla.,33559,,,,,,,021407783,19370504
A105454,TERRIE,DEAN,LOPEZ,2623,fiddlestick,CIR,,,LUTZ,FL,33559,,,,,,,,19370504
A107195,THOMAS,,LOPEZ,2623,FIDDLESTICK,CIR,,,LUTZ,FL,33559,,,,,,,021-41-4098,
A103331,Thomas,,LOPEZZ,2623,FIDDLESTICK,CIR,,,LUTZ,FL,33559,,,,,,,,
A100059,THOMAS,,LOPEZ,2623,FIDDLESTICK,CIR,,,LUTZ,FL,33559,,,,,,,021-41-4098,1932
A106089,THOMAS,,LOPEZ,2623,FIDDLESTICK,CIR,,,LUTZ,FL,33559,,,,,,,,1932
A100655,THOMAS,,LOPEZ,2623,FIDDLESTICK,CIR,,,LUTZ,Fla.,33559,,,,,,,14098,1932
A103585,THOMAS,,LOPEZ,2623,FIDDLESTICK,CIR,,,LUTZ,FL,33559,,,,,,,,
A102200,NICHOLE,,HIDALLGO,932,BONNIE BEACH,PL,,,LOS ANGELES,Calif.,9006,PO BOX,503,,,CA,90009,,19520619
A106808,NICHOLE,,HDIALGO,932,BONNIE BEACH,PL,,,"LOS,ANGELES",CA,90063,,503,881605,,CA,90009,008-47-6690,
A101855,NICHOLE,,HIDALGO,932,BONNIE BEACH,PL,,,Los Angeles,CA,90063,PO BOX,503,,LOS ANGELES,CA,90009,008476609,19520619
A104596,NICHOLE,,HHIDALGO,932,BONNIE BEACH,PL,,,LOS ANGELES,Calif.,90063,PO BOX,503,881605,LOS ANGELES,,90009,76690,19520619
A103676,NICHOLE,,Hidalgo,2665,JEFFERSON,ST,,,CARLSBAD,Calif.,9200,,,,,,,,1952
A103957,NICHOLE,,HIIDALGO,2665,JEFFERSON,ST,,,CARLSBAD,CA,92008,,,,,,,008-47-6690,
A104143,NICHOLE,,HIDALGO,2665,JEFFERSON,ST,,,CARLSBAD,Calif.,9200,,,,,,,,19520619
A100051,NICHOLE,,HIDDALGO,2665,JEFFERSON,ST,,,CARLSBAD,CA,92008,,,,,,,,19520619
A101225,NICHOLE,,HIDALGO,2665,jefferson,ST,,,CARLSBAD,Calif.,92008,,,,,,,,19520619
A101992,NICHOLE,,HIDALGO,2665,JEFFERSON,ST,,,carlsbad,CA,92008,,,,,,,008476690,1952
A105917,THOMAS,,HERNANDEZ,1201,WILLOW BEND,AVE,,,BENTONVILLE,AR,72712,PO BOX,9802,2223,BENTONVILLE,AR,72712,008-47-9987,
A100238,THOMAS,,HERNANDEZ,1201,willow bend,AVE,,,Bentonville,Ark.,72712,PO BOX,9802,,,AR,72712,,
A107134,THOMAS,,HERNANDEZ,1201,WILLOW BEND,AVE,,,BENTONVILLE,Ark.,72712,PO BOX,9802,2223,BENTONVILLE,AR,72712,,1959
A106052,THOMAS,,HERNNADEZ,1123,5TH,ST,,,BLYTHEVILLE,AR,7231,,,,,,,,19590804
A103790,Thomas,,Hernnandez,1123,5TH,ST,,,BLYTHEVILLE,Ark.,72315,,,,,,,008-47-9987,
A104335,thomas,,HERNANDZ,1123,5Th,ST,,,blytheville,AR,72315,,,,,,,79987,19590804
A101179,THOMAS,,HERNANDEZ,1123,5TH,ST,,,BLYTHEVILLE,AR,72315,,,,,,,008-47-9987,1959
A103860,THOMAS,,HERNANDEZ,1123,5TH,ST,,,BLYTHEVILLE,AR,72315,,,,,,,008479987,
A101524,NICHOLE,,HERNANDEZ,1550,PEAR TREE,LN,,,NAPA,CA,94558,PO BOX,21603,,NAPA,CA,,008476690,19520619
A102768,NICHOLE,,HERNANDEZ,1550,PEAR TREE,LN,,,napa,CA,94558,,,10121,NAPA,CA,94581,,
A106371,NICHOLE,,HERNADNEZ,1550,pear tree,LN,,,NAPA,CA,94558,PO BOX,,,NAPA,CA,94581,008-47-6690,
A105434,Nichole,,hernandez,1550,PEAR TREE,LN,,,NAPA,CA,94558,PO BOX,21603,10121,,CA,94581,080476690,19520619
A105754,NICHOLE,,HERRNANDEZ,1550,PEAR TREE,LN,,,NAPA,CA,94558,PO BOX,,,,CA,94581,,
A104436,THOMAS,,hernaandez,1550,PEAR TREE,LN,,,NAPA,Calif.,94558,,21603,,NAPA,,94581,008479987,
A103501,GEN,,RYDER,1550,PEAR TREE,LN,,,NAPA,CA,9455,PO BOX,,10121,NAPA,,94581,,19590804
A107206,thomas,,hernandez,1550,PEAR TREE,LN,,,Napa,CA,94558,PO BOX,,10121,,,94581,008479987,19590804
A103188,nichole,,HERNANDEZ,1367,ELM,CT,,,HANFORD,Calif.,93230,PO BOX,85166,,HANFORD,CA,,008-47-6690,1952
A104465,NICHOLE,,EHRNANDEZ,1367,ELM,CT,,,HANFORD,CA,9323,PO BOX,,,,CA,93232,008-47-6690,
A103936,Michele W,,Morgan,1367,ELM,CT,,,HANFORD,Calif.,9323,,85166,146,,CA,93232,008476690,19520619
A106135,NICHOLE,,HERNNADEZ,1367,ELM,CT,,,HANFORD,CA,93230,PO BOX,,,HANFORD,CA,93232,,
A103625,nichole,,Hernandez,1367,ELM,CT,,,HANFORD,CA,93230,,85166,146,,,93232,,19520619
A107173,THOMAS,,HHERNANDEZ,1367,ELM,CT,,,HANFORD,CA,93230,PO BOX,,146,HANFORD,CA,,008479987,
A101038,THOMAS,,HERNANDEZ,1367,ELM,CT,,,HANFORD,CA,93230,PO BOX,85166,146,,CA,93232,79987,
A102400,THOMAS,,HERNANDEZ,1367,ELM,CT,,,HANFORD,CA,9323,,85166,146,HANFORD,CA,93232,,1959
A103575,THOMAS,,HERNANDEZ,1367,ELM,CT,,,HANFORD,CA,9323,PO BOX,85166,146,HANFORD,CA,,79987,
A104284,THOMAS,,HERNANDEZ,1367,ELM,CT,,,HANFORD,CA,9323,,85166,,HANFORD,CA,93232,008-47-9987,1959
A103126,Misty,CHI,dang,1420,34TH,AVE,,,PINE BLUFF,AR,71603,,,,,,,,
A103543,MISTY,CHI,DANG,1420,34TH,AVE,,,"PINE,BLUFF",AR,71603,,,,,,,074860135,19770309
A101703,MISTY,CHI,DANG,1420,34Th,AVE,,,Pine Bluff,AR,71603,,,,,,,074-68-0135,
A100137,MISTY,CHI,DNAG,1420,34Th,AVE,,,PINE BLUFF,AR,7160,,,,,,,,19770309
A101305,MISTY,,DNG,3,MONTE,CIR,,,HOT SPRINGS,AR,71909,,,,,,,074-68-0135,19770309
A106109,Jose,,Reyes,3,MONTE,CIR,,,HOT SPRINGS,AR,71909,,,,,,,,19770309
A107093,MISTY,CHI,DANG,3,MONTE,CIR,,,"HOT,SPRINGS",Ark.,71909,,,,,,,,
A107006,MISTY,CHI,DANG,3,MONTE,CIR,,,HOT SPRINGS,AR,7190,,,,,,,,19770309
A106181,THOMAS,,LOPEZ,1448,SIERRA SPRINGS,DR,,,BEDFORD,TX,76021,,,,,,,077412137,
A106009,THOMAS,,LOPEZ,1448,SIERRA SPRINGS,DR,,,BEDFORD,Texas,7602,,,,,,,,19800122
A106493,THOMAS,,LOPEZ,1448,SIERRA SPRINGS,DR,,,BEDFORD,TX,7602,,,,,,,074-71-2137,
A100746,Thomas,,lopez,1448,SIERRA SPRINGS,DR,,,BEDFORD,TX,76021,,,,,,,074712137,1980
A103770,THOMAS,,LLOPEZ,1448,SIERRA SPRINGS,DR,,,BEDFORD,Texas,76021,,,,,,,,19800122
A104550,THOMAS,,LOPEZ,4228,COUNTY ROAD 171,,,,CELINA,TX,7500,,,,,,,,19800122
A107041,THOMAS,,Lopez,4228,COUNTY ROAD 171,,,,CELINA,TX,75009,,,,,,,,1980
A105053,Thomas,,LOPEZ,4228,COUNTY ROAD 171,,,,CELINA,Texas,75009,,,,,,,074-71-2137,1980
A106672,THOMAS,,LOPEZ,4228,COUNTY ROAD 171,,,,CELINA,TX,75009,,,,,,,12137,1980
A101372,misty,CHI,Lopez,8130,WPA,RD,,,BROOKSVILLE,FL,3460,,,,,,,074-68-0135,19770309
A105525,MISTY,CHI,LPEZ,8130,WPA,RD,,,BROOKSVILLE,FL,3460,,,,,,,074-68-0135,1977
A106879,MISTY,,Lopez,8130,WPA,RD,,,BROOKSVILLE,FL,34601,,,,,,,047680135,19770309
A101804,THOMAS,,LOPEZ,8130,wpa,RD,,,BROOKSVILLE,Fla.,34601,,,,,,,,19800122
A105487,THOMAS,,lopez,8130,WPA,RD,,,BROOKSVILLE,FL,34601,,,,,,,074-71-2137,19800122
A100649,THOMAS,,LPEZ,8130,WPA,RD,,,BROOKSVILLE,FL,3460,,,,,,,074-71-2137,19800122
A101986,THOMAS,,LOPEZ,8130,WPA,RD,,,BROOKSVILLE,FL,34601,,,,,,,074712137,
A100364,MISTY,CHI,LOPEZ,12323,27TH,ST,,,MIAMI,FL,33175,,,,,,,074-68-0135,
A101262,MISTY,CHI,LOPEZ,12323,27th,ST,,,MIAMI,FL,3317,,,,,,,,
A107198,MISTY,,LOPEZ,12323,27TH,ST,,,Miami,FL,33175,,,,,,,,
A100294,Misty,CHI,lopez,12323,27TH,ST,,,MIAMI,Fla.,3317,,,,,,,074-68-0135,19770309
A103678,thomas,,lopez,12323,27TH,ST,,,MIAMI,FL,33175,,,,,,,074-71-2137,1980
A102347,J.C.,,CASTILLO,12323,27TH,ST,,,MIAMI,FL,33175,,,,,,,074-71-2137,
A104363,THOMAS,,LOPEZ,12323,27th,ST,,,Miami,FL,33175,,,,,,,074-71-2137,
A106887,THOMAS,,LOPEZ,12323,27TH,ST,,,MIAMI,FL,3317,,,,,,,074-71-2137,
A105674,DIANNA,,RIVREA,501,SIERRA,AVE,APT,161,FRESNO,Calif.,93704,,,,,,,090860858,19700404
A101280,DIANNA,,RIVERA,501,SIERRA,AVE,APT,161,FRESNO,Calif.,9370,,,,,,,090-86-0858,19700404
A104108,DIANNA,M,RIVERA,501,SIERRA,AVE,APT,161,FRESNO,Calif.,9370,,,,,,,090-86-0858,1970
A104397,DIANNA,,RIVERA,501,SIERRA,AVE,APT,161,FRESNO,CA,93704,,,,,,,090-86-0858,1970
A101438,Dianna,M,RVIERA,501,SIERRA,AVE,APT,161,FRESNO,CA,93704,,,,,,,,1970
A102540,dianna,M,RIVERA,501,SIERRA,AVE,APT,161,FRESNO,CA,93704,,,,,,,,19700404
A106235,DIANNA,,RIVERA,74,CALLE CINCO DE MAYO,,,,OAK VIEW,Calif.,93022,,,,,,,60858,19700404
A104308,DIANNA,M,RIVERAA,74,CALLE CINCO DE MAYO,,,,OAK VIEW,CA,9302,,,,,,,090860885,19700404
A104962,DIANNA,,RIVERA,74,CALLE CINCO DE MAYO,,,,OAK VIEW,CA,9302,,,,,,,090-86-0858,
A105855,THOMAS,,HERNANDEZ,330,Davis,ST,,,duncanville,Texas,75116,,,,,,,,1962
A104827,THOMAS,,HERNANDEZ,330,DAVIS,ST,,,DUNCANVILLE,TX,75116,,,,,,,,1962
A103195,Thomas,,Henandez,330,DAVIS,ST,,,DUNCANVILLE,TX,75116,,,,,,,,1962
A102232,THOMAS,,HERNANDEZ,330,DAVIS,ST,,,DUNCANVILLE,TX,75116,,,,,,,090-86-5901,
A105025,THOMAS,,HERNANDEZ,330,DAVIS,ST,,,duncanville,Texas,75116,,,,,,,,1962
A106833,DIANNA,M,HHERNANDEZ,12017,NAVA,ST,,,NORWALK,Calif.,90650,,,1396,,CA,90651,,
A107137,dianna,M,Heernandez,12017,NAVA,ST,,,NORWALK,Calif.,90650,PO BOX,58968,1396,,CA,,090860588,19700404
A100339,ROBERT,,LAXTON,12017,NAVA,ST,,,NORWALK,CA,9065,PO BOX,,,NORWALK,,90651,60858,1970
A104784,DIANNA,,HERNANDEZ,12017,NAVA,ST,,,NORWALK,Calif.,90650,PO BOX,58968,,,,90651,090-86-0858,19700404
A103545,DIANNA,M,HERNANDEZ,12017,NAVA,ST,,,NORWALK,Calif.,90650,,,1396,NORWALK,CA,90651,090860858,19700404
A103123,THOMAS,,HERNANDEZ,12017,NAVA,ST,,,NORWALK,Calif.,90650,,,,NORWALK,CA,90651,090-86-5901,19620425
A104426,Thomas,,Hernandez,12017,NAVA,ST,,,NORWALK,CA,90650,,58968,,NORWALK,,90651,,19620425
A105774,Carl ,,Estrada,12017,NAVA,ST,,,NORWALK,CA,9065,,58968,1396,NORWALK,CA,90651,,1962
A104286,thomas,,HEERNANDEZ,12017,NAVA,ST,,,NORWALK,CA,90650,,58968,,,,90651,090-86-5901,19620425
A105429,THOMAS,,HERNNADEZ,12017,nava,ST,,,norwalk,CA,90650,PO BOX,,,NORWALK,CA,90651,090-86-5901,19620425
A101403,CAROLYN,,BROW,12017,Nava,ST,,,NORWALK,CA,90650,PO BOX,58968,1396,NORWALK,CA,90651,,19620425
A100622,HAZEL,,ECJA,1210,EDDIE,DR,,,PORT ORANGE,FL,3212,,,,,,,111-46-3133,19040506
A101142,HAZEL,,CEJA,1210,EDDIE,DR,,,"PORT,ORANGE",Fla.,32129,,,,,,,111-46-3133,19040506
A102773,HAZEL,,CJEA,1210,EDDIE,DR,,,port orange,Fla.,32129,,,,,,,111-46-3133,
A101441,HAZEL,,CEAJ,1210,EDDIE,DR,,,PORT ORANGE,Fla.,3212,,,,,,,,19040506
A104278,hazel,,ceja,4228,MALLEE,ST,,,"PORT,CHARLOTTE",Fla.,33948,,,,,,,111-46-3133,
A105575,HAZEL,,CEJA,4228,MALLEE,ST,,,"PORT,CHARLOTTE",FL,33948,,,,,,,,1904
A104513,JAMES,,FLOREZ,4228,MALLEE,ST,,,Port Charlotte,Fla.,33948,,,,,,,111463133,19040506
A107000,THOMAS,,HERNANDEZ,1428,Colonial,WAY,,,San Jacinto,Calif.,92583,,,,,,,111-46-6588,19000101
A105148,THOMAS,,HERNADNEZ,1428,COLONIAL,WAY,,,SAN JACINTO,Calif.,92583,,,,,,,111-46-6588,19000101
A101353,THOMAS,,HERNANDEZ,1428,COLONIAL,WAY,,,SAN JACINTO,CA,9258,,,,,,,111466588,
A100235,THOMAS,,HERNANDEZ,49702,PAIUTE,CT,,,AGUANGA,Calif.,92536,,,,,,,111-46-6588,
A104283,THOMAS,,HERNANDEZ,49702,PAIUTE,CT,,,aguanga,CA,9253,,,,,,,111-46-6588,
A100654,THOMAS,,HERNANDEZ,49702,PAIUTE,CT,,,AGUANGA,Calif.,92536,,,,,,,111-46-6588,19000101
A102428,THOMAS,,hernandez,49702,PAIUTE,CT,,,AGUANGA,CA,9253,,,,,,,,1900
A106827,THOMAS,,hernandez,49702,PAIUTE,CT,,,aguanga,CA,92536,,,,,,,111-46-6588,19000101
A105805,Thomas,,HERNANDEEZ,2601,VICTORIA,ST,,427,COMPTON,CA,90220,PO BOX,1914,,COMPTON,,90224,,19000101
A102671,THOMAS,,HERNANDEZ,2601,VICTORIA,ST,SPC,427,compton,Calif.,90220,PO BOX,,,,CA,,,1900
A103547,THOMAS,,HENRANDEZ,2601,Victoria,ST,,,COMPTON,Calif.,90220,,1914,5124,COMPTON,,,,19000101
A102897,THOMAS,,HERNANDEZ,2601,victoria,ST,SPC,427,compton,CA,90220,PO BOX,1914,5124,COMPTON,CA,,111466588,19000101
A101897,THOMAS,,HERNANDEZ,2601,VICTORIA,ST,SPC,427,COMPTON,CA,90220,PO BOX,,5124,,,90224,111-46-6588,
A103085,THOMAS,,EHRNANDEZ,2601,Victoria,ST,SPC,427,COMPTON,CA,90220,PO BOX,,,,CA,,111-46-6588,19000101
A103287,HAZEL,,HERNAANDEZ,6918,PROSPER,ST,,,DALLAS,Texas,75209,PO BOX,4968,,DALLAS,TX,75381,,19040506
A104207,Hazel,,HERNANDEZ,6918,PROSPER,ST,,,DALLAS,TX,75209,PO BOX,,810892,DALLAS,TX,75381,,19040506
A102714,HAZEL,,HERNANDEZ,6918,Prosper,ST,,,DALLAS,TX,75209,,4968,810892,,TX,75381,111-46-3133,19040506
A104183,HAZEL,,HERNANDEZ,6918,PROSPER,ST,,,DALLAS,Texas,7520,PO BOX,4968,,DALLAS,TX,75381,111-46-3133,19040506
A107059,HAZEL,,HERNANDEZ,6918,PROSPER,ST,,,DALLAS,TX,7520,PO BOX,4968,810892,DALLAS,TX,75381,111-46-3133,
A105100,HAZEL,,HERRNANDEZ,6918,PROSPER,ST,,,DALLAS,TX,75209,PO BOX,,810892,DALLAS,TX,75381,111-46-3133,
A102840,THOMAS,,HERNANDEZ,6918,PROSPER,ST,,,DALLAS,TX,75209,PO BOX,4968,810892,,,75381,,
A102447,THOMAS,,HERNADNEZ,6918,PROSPER,ST,,,dallas,TX,75209,PO BOX,,810892,DALLAS,TX,,111-46-6588,19000101
A105709,THOMAS,,HERNANDEZ,6918,Prosper,ST,,,dallas,TX,75209,PO BOX,4968,,DALLAS,,,111-46-6588,19000101
A102612,Thomas,,hernandez,6918,PROSPER,ST,,,DALLAS,TX,7520,,4968,810892,DALLAS,,75381,,1900
A100635,thomas,,HERNANDEZ,6918,PROSPER,ST,,,DALLAS,Texas,75209,PO BOX,,810892,,TX,75381,66588,19000101
A103409,THOMAS,,HERNANDEZ,6918,Prosper,ST,,,DALLAS,TX,75209,PO BOX,,810892,DALLAS,,75381,66588,
A103236,HAZEL,,HERNANDEZ,542,CORVETTE,LN,,,HOUSTON,Texas,7706,,,,,,,111-46-3133,19040506
A100389,HAZEL,,HERNANDEZ,542,CORVETTE,LN,,,HOUSTON,TX,77060,,,,,,,,19040506
A106536,HAZEL,,HERNANDEZ,542,CORVETTE,LN,,,HOUSTON,TX,7706,,,,,,,111-46-3133,
A106211,HAZEL,,HERNANDEZ,542,CORVETTE,LN,,,HOUSTON,TX,77060,,,,,,,111-46-3133,
A104420,hazel,,HEERNANDEZ,542,CORVETTE,LN,,,HOUSTON,TX,77060,,,,,,,,1904
A103999,HAZEL,,HERNANDEZ,542,CORVETTE,LN,,,HOUSTON,Texas,7706,,,,,,,111-46-3133,19040506
A104567,THOMAS,,HERNANDEZ,542,CORVETTE,LN,,,HOUSTON,Texas,77060,,,,,,,111-46-6588,19000101
A101523,THOMAS,,HERNNANDEZ,542,CORVETTE,LN,,,HOUSTON,TX,7706,,,,,,,111-46-6588,
A106942,THOMAS,,lopez,542,CORVETTE,LN,,,HOUSTON,TX,7706,,,,,,,111-46-6588,19000101
A104460,dora,,worth,5313,GARRICK,AVE,,,Fort Worth,TX,76133,,,,,,,,1970
A104026,ANNA,,BECKER,5313,GARRICK,AVE,,,FORT WORTH,TX,76133,,,,,,,,19700110
A100117,ANNA,A,BECKER,5313,GARRICK,AVE,,,FORT WORTH,TX,7613,,,,,,,018-96-5189,19700110
A105722,ANNA,,BECKER,5313,GARRICK,AVE,,,FORT WORTH,TX,7613,,,,,,,018-96-5189,19700110
A104453,ANNA,A,BECKER,3253,HILLCREST,DR,APT,5B,SAN ANTONIO,TX,7820,,,,,,,,19700110
A101717,ANNA,A,BECKER,3253,Hillcrest,DR,APT,,San Antonio,TX,78201,,,,,,,,19700110
A100626,ANNA,,BECKER,3253,HILLCREST,DR,APT,5B,SAN ANTONIO,TX,7820,,,,,,,018965189,
A105124,ANNA,,BECKER,3253,HILLCREST,DR,APT,5B,SAN ANTONIO,TX,7820,,,,,,,018-96-5189,19700110
A101065,ANNA,,BECKER,3253,HILLCREST,DR,APT,5B,SAN ANTONIO,Texas,78201,,,,,,,,1970
A100861,william,,villrreal,431,LITTLE MAZARN,RD,,,HOT SPRINGS,AR,71913,,,,,,,,1979
A106606,WILLIAM,,villarreal,431,LITTLE MAZARN,RD,,,HOT SPRINGS,AR,71913,,,,,,,018978122,1979
A106551,William,,Villarreal,431,LITTLE MAZARN,RD,,,"HOT,SPRINGS",AR,71913,,,,,,,018-97-8212,
A100513,ANNA,,VVILLARREAL,981,42ND,TER,,,Plantation,FL,33317,,,,PLANTATION,,,018-96-5189,
A107058,ANNA,,VILLARREAL,981,42ND,TER,,,PLANTATION,FL,33317,PO BOX,,16904,,FL,33318,018-96-5189,
A101540,Anna,A,VILLARREAL,981,42ND,TER,,,PLANTATION,Fla.,33317,,,16904,PLANTATION,FL,33318,018-96-5189,
A103427,Anna,A,VILLARREAL,981,42ND,TER,,,Plantation,FL,3331,,49245,16904,PLANTATION,FL,,018-96-5189,
A102884,Anna,A,villareal,981,42ND,TER,,,PLANTATION,FL,3331,PO BOX,,16904,,FL,33318,018-96-5189,19700110
A103740,ANNA,A,VILLARREAL,981,42ND,TER,,,PLANTATION,Fla.,3331,,,,PLANTATION,,,018-96-5189,
A102443,WILLIAM,,VILALRREAL,981,42ND,TER,,,PLANTATION,Fla.,3331,,49245,,,FL,33318,,
A102328,WILLIAM,,VILLARREAL,981,42Nd,TER,,,plantation,FL,33317,PO BOX,49245,,PLANTATION,,33318,78212,19790114
A101326,William,,VILLARREAL,981,42ND,TER,,,PLANTATION,FL,3331,,49245,16904,,FL,33318,,19790114
A105314,WILLIAM,,VILLARREAL,981,42ND,TER,,,PLANTATION,Fla.,33317,,49245,16904,,FL,33318,,1979
A107128,WILLIAM,,VILLARREAL,981,42ND,TER,,,PLANTATION,FL,33317,PO BOX,,16904,PLANTATION,FL,,018-97-8212,1979
A103390,WILLIAM,,VILLARERAL,981,42ND,TER,,,plantation,Fla.,3331,PO BOX,49245,16904,PLANTATION,FL,,018-97-8212,19790114
A104398,ANNA,,VILLARREAL,1257,FINLAND,DR,,,SPRING HILL,FL,34609,,,,,,,018-96-5189,
A100552,Cynthya,,Leape,1257,FINLAND,DR,,,SPRING HILL,FL,3460,,,,,,,,19700110
A104030,ANNA,A,VILLARREAL,1257,Finland,DR,,,SPRING HILL,FL,3460,,,,,,,,19700110
A106147,anna,A,VILLARREAL,1257,FINLAND,DR,,,"SPRING,HILL",FL,34609,,,,,,,018-96-5189,19700110
A105861,ANNA,,VILLARREAL,1257,FINLAND,DR,,,SPRING HILL,FL,3460,,,,,,,,
A105329,WILLIAM,,VILLARREEAL,1257,FINLAND,DR,,,SPRING HILL,Fla.,3460,,,,,,,018978212,19790114
A106622,william,,Villarreal,1257,FINLAND,DR,,,SPRING HILL,FL,3460,,,,,,,018-97-8212,
A101443,WILLIAM,,Villarreal,1257,FINLAND,DR,,,"SPRING,HILL",FL,3460,,,,,,,,1979
A105531,WILLIAM,,VILLARRREAL,1257,FINLAND,DR,,,"SPRING,HILL",FL,3460,,,,,,,018-97-8212,1979
A103604,anna,,VILLARREAL,17707,FOXGLOVE,LN,,,"BOCA,RATON",FL,33487,,,,,,,018-96-5189,1970
A106856,ANNA,A,VLILARREAL,17707,FOXGLOVE,LN,,,BOCA RATON,FL,3348,,,,,,,019865189,19700110
A101746,ANNA,A,VILLARRREAL,17707,FOXGLOVE,LN,,,BOCA RATON,Fla.,33487,,,,,,,018-96-5189,
A100433,ANNA,,VILLARREAL,17707,FOXGLOVE,LN,,,"BOCA,RATON",FL,33487,,,,,,,,1970
A102032,WILLIAM,,IVLLARREAL,17707,FOXGLOVE,LN,,,Boca Raton,FL,33487,,,,,,,018-97-8212,19790114
A101976,WILLIAM,,ILLARREAL,17707,FOXGLOVE,LN,,,"BOCA,RATON",FL,33487,,,,,,,018978221,19790114
A102453,GARY,,JONES,17707,foxglove,LN,,,BOCA RATON,FL,3348,,,,,,,019878212,19790114
A105207,WILLIAM,,VILLARREAL,17707,FOXGLOVE,LN,,,BOCA RATON,Fla.,3348,,,,,,,,19790114
A103682,YOLANDA,L,MAHOMES,4859,STEWART,DR,,,"SANTA,MARIA",CA,93455,,,,,,,056-78-1970,
A101069,YOLANDA,L,MAHOMMES,4859,STEWART,DR,,,SANTA MARIA,CA,93455,,,,,,,056-78-1970,
A105788,YOLANDA,,MHOMES,4859,STEWART,DR,,,SANTA MARIA,CA,9345,,,,,,,056-78-1970,1928
A101075,yolanda,L,MAHOMES,4859,STEWART,DR,,,SANTA MARIA,Calif.,93455,,,,,,,056-78-1970,
A100287,YOLANDA,L,mahomes,4859,STEWART,DR,,,SANTA MARIA,CA,93455,,,,,,,056-78-1970,19280817
A103102,M Q,,Quiggly,4859,STEWART,DR,,,"SANTA,MARIA",CA,9345,,,,,,,056-78-1970,1928
A100836,RANDY,,crilly,2116,COMMERCE,BLVD,,,ORLANDO,FL,32807,PO BOX,1080,720506,ORLANDO,,32872,056-79-3523,
A101901,RANDY,,CRILY,2116,COMMERCE,BLVD,,,ORLANDO,FL,3280,PO BOX,1080,720506,,,,056-79-3523,
A102589,YOLANDA,,CRILLY,2116,Commerce,BLVD,,,ORLANDO,FL,3280,PO BOX,1080,720506,ORLANDO,,,057693523,
A107097,RANDY,,CRILLY,2522,COMMERCE,AVE,,,SPRING HILL,FL,34609,,,,,,,056-79-3523,19181102
A100247,Maria M,,Casillas,2522,commerce,AVE,,,SPRING HILL,Fla.,34609,,,,,,,056-79-3523,19181102
A107230,MICHAEL,,Lopez,2522,COMMERCE,AVE,,,SPRING HILL,FL,34609,,,,,,,,19181102
A102067,RANDY,,CRILLY,5926,JASON,ST,,,ORLANDO,FL,32809,,,,,,,,19181102
A105024,RANDY,,CRILLY,5926,JASON,ST,,,ORLANDO,FL,3280,,,,,,,056-79-3523,19181102
A102746,randy,,CRILLY,5926,Jason,ST,,,ORLANDO,FL,32809,,,,,,,056-79-3523,
A103431,RANDY,,CRILLY,5926,JASON,ST,,,ORLANDO,FL,32809,,,,,,,056793523,
A105384,YOLANDA,L,CRILLY,7208,BROOK,DR,,,AUSTIN,TX,78736,,,,,,,056-78-1970,1928
A100231,YOLANDA,,CRILLLY,7208,BROOK,DR,,,AUSTIN,Texas,78736,,,,,,,056718970,19280817
A103812,yolanda,,CRILLY,7208,BROOK,DR,,,AUSTIN,TX,78736,,,,,,,,19280817
A106646,YOLANDA,L,CRILLY,7208,BROOK,DR,,,AUSTIN,TX,78736,,,,,,,81970,19280817
A100508,YOLANDA,,CRILLY,7208,brook,DR,,,austin,TX,78736,,,,,,,056-78-1970,19280817
A107109,RANDY,,CRILLY,7208,Brook,DR,,,AUSTIN,Texas,7873,,,,,,,,
A101966,randy,,CRILLY,7208,BROOK,DR,,,AUSTIN,TX,7873,,,,,,,056-79-3523,19181102
A105744,RANDY,,RCILLY,7208,BROOK,DR,,,AUSTIN,TX,78736,,,,,,,,19181102
A101083,randy,,CRILLY,7208,BROOK,DR,,,AUSTIN,Texas,78736,,,,,,,056-79-3523,
A105777,L. Singh,,,102,COUNTY ROAD 3144,,,,CORSICANA,TX,75109,,,,,,,,19280817
A101114,YOLANDA,,CRLILY,102,COUNTY ROAD 3144,,,,CORSICANA,Texas,7510,,,,,,,056-78-1970,19280817
A103293,YOLANDA,,CRILLY,102,COUNTY ROAD 3144,,,,CORSICANA,TX,75109,,,,,,,056-78-1970,1928
A106580,yolanda,,Crilly,102,COUNTY ROAD 3144,,,,CORSICANA,TX,7510,,,,,,,056-78-1970,
A104541,RANDY,,CRILLLY,102,COUNTY ROAD 3144,,,,CORSICANA,Texas,75109,,,,,,,,1918
A103355,RANDY,,CRILLY,102,COUNTY ROAD 3144,,,,CORSICANA,TX,75109,,,,,,,,1918
A102950,RANDY,,Crilly,102,COUNTY ROAD 3144,,,,CORSICANA,Texas,75109,,,,,,,056-79-3523,
A100572,RANDY,,Crilly,102,COUNTY ROAD 3144,,,,corsicana,TX,75109,,,,,,,,
A100973,RANDY,,CRILLY,102,COUNTY ROAD 3144,,,,CORSICANA,Texas,75109,,,,,,,93523,
A103335,YOLANDA,L,CILLY,926,CLARK,DR,,,EL PASO,Texas,79905,PO BOX,,,EL PASO,TX,79926,056-78-1970,19280817
A102862,YOLANDA,L,CRILLY,926,clark,DR,,,EL PASO,Texas,7990,,,,,TX,,056-78-1970,19280817
A105481,YOLANDA,L,CRILLY,926,CLARK,DR,,,EL PASO,Texas,79905,PO BOX,1957,27096,EL PASO,,,056-78-1970,19280817
A106457,José,,REYES,926,CLARK,DR,,,"EL,PASO",Texas,79905,PO BOX,1957,27096,EL PASO,TX,79926,056-78-1970,19280817
A105888,RANDY,,CRILLLY,926,Clark,DR,,,EL PASO,Texas,79905,,1957,27096,,TX,79926,056-79-3523,
A103456,RANDY,,CRLILY,926,CLARK,DR,,,EL PASO,TX,7990,PO BOX,,27096,EL PASO,,79926,93523,
A101985,RANDY,,CRILLY,926,Clark,DR,,,El Paso,TX,79905,PO BOX,,,,TX,79926,056793523,19181102
A104948,RANDY,,CRRILLY,926,CLARK,DR,,,EL PASO,TX,7990,PO BOX,1957,27096,,TX,79926,056-79-3523,19181102
A103920,randy,,CRILLY,926,CLARK,DR,,,EL PASO,Texas,79905,,1957,,EL PASO,,79926,93523,1918
A102413,YOLANDA,,MAHOMES,1032,LEWIS,AVE,,,SARASOTA,FL,34237,,,,,,,096-77-5441,19721027
A106452,YOLANDA,L,MAHOMES,1032,LEWIS,AVE,,,SARASOTA,FL,3423,,,,,,,096775441,1972
A102345,YOLANDA,,MAHOMES,1032,LEWIS,AVE,,,SARASOTA,FL,34237,,,,,,,,1972
A104325,YOLANDA,L,MAOMES,1032,LEWIS,AVE,,,SARASOTA,FL,34237,,,,,,,096-77-5441,1972
A106893,YOLANDA,,MAHOMES,1032,LEWIS,AVE,,,SARASOTA,FL,34237,,,,,,,096-77-5441,
A107219,YOLANDA,,Mahoes,1400,9TH,AVE,APT,37,BOCA RATON,Fla.,33486,,,,,,,096-77-5441,19721027
A106883,YOLANDA,,MAHOMES,1400,9TH,AVE,,,BOCA RATON,Fla.,33486,,,,,,,096775441,19721027
A101254,YOLANDA,L,MAHMOES,1400,9TH,AVE,APT,37,BOCA RATON,FL,33486,,,,,,,096-77-5441,1972
A100908,AARON,BETH,BABCOCK,14171,STONEHURST,DR,,,"MORENO,VALLEY",CA,92553,,489,,MORENO VALLEY,CA,92552,77432,19790106
A100222,AARON,BETH,ABBCOCK,14171,STONEHURST,DR,,,"MORENO,VALLEY",CA,9255,,489,9994,MORENO VALLEY,,92552,096-77-7432,19790106
A104938,AARON,BETH,BABCOCK,14171,STONEHURST,DR,,,"MORENO,VALLEY",CA,92553,PO BOX,489,,,CA,92552,,19790106
A104226,AARON,BETH,bbabcock,14171,STONEHURST,DR,,,MORENO VALLEY,CA,9255,PO BOX,,9994,MORENO VALLEY,,,906777432,19790106
A102041,AARON,BETH,BABCOCK,14171,STONEHURST,DR,,,MORENO VALLEY,Calif.,92553,PO BOX,489,9994,MORENO VALLEY,,92552,096-77-7432,
A103087,AARON,,BABCOCK,1908,GARVIN,AVE,,,RICHMOND,Calif.,94801,PO BOX,,6581,RICHMOND,CA,,,1979
A102057,AARON,BETH,BABCOK,1908,GARVIN,AVE,,,RICHMOND,CA,9480,PO BOX,9426,6581,RICHMOND,CA,,096-77-7432,19790106
A101710,AARON,,BABCOCK,1908,GARVIN,AVE,,,RICHMOND,CA,9480,PO BOX,9426,,RICHMOND,CA,94806,096-77-7432,
A104763,JOSE,,REYES,1908,GARVIN,AVE,,,RICHMOND,Calif.,94801,PO BOX,,6581,,CA,94806,,
A105720,AARON,BETH,BABCOCK,1542,DEANNA,AVE,,,SIMI VALLEY,CA,9306,,,,,,,096-77-7432,19790106
A100524,AARON,BETH,BABCOCK,1542,DEANNA,AVE,,,SIMI VALLEY,Calif.,93063,,,,,,,096-77-7432,
A105435,AARON,BETH,Babcock,1542,DEANNA,AVE,,,SIMI VALLEY,Calif.,9306,,,,,,,,
A102726,AARON,BETH,Babcock,1542,DEANNA,AVE,,,SIMI VALLEY,Calif.,93063,,,,,,,096-77-7432,1979
A103716,AARON,BETH,BABCOCK,1542,DEANNA,AVE,,,SIMI VALLEY,CA,93063,,,,,,,096-77-7432,
A105696,YOLANDA,L,BABBCOCK,7240,lankershim,BLVD,APT,208,"N,HOLLYWOOD",CA,91605,,,,,,,096775441,1972
A101490,ROBERT,FAYE,LAXTON,7240,Lankershim,BLVD,,208,N HOLLYWOOD,Calif.,91605,,,,,,,096-77-5441,19721027
A103563,YOLANDA,L,BABCOCK,7240,LANKERSHIM,BLVD,APT,208,N Hollywood,Calif.,91605,,,,,,,096775441,19721027
A104932,YOLANDA,,BABCOCK,7240,LANKERSHIM,BLVD,APT,208,N HOLLYWOOD,CA,91605,,,,,,,,19721027
A102689,AARON,,BABCOCK,7240,LANKERSHIM,BLVD,,208,n hollywood,CA,91605,,,,,,,097677432,
A105662,AARON,,BABCOCK,7240,LANKERSHIM,BLVD,,,N HOLLYWOOD,CA,9160,,,,,,,096-77-7432,19790106
A100026,AARON,,BBACOCK,7240,LANKERSHIM,BLVD,APT,208,"N,HOLLYWOOD",CA,91605,,,,,,,77432,19790106
A103407,AARON,,BABCOCK,7240,LANKERSHIM,BLVD,,,N HOLLYWOOD,CA,9160,,,,,,,,19790106
A101745,aaron,BETH,babbcock,7240,Lankershim,BLVD,APT,208,"n,hollywood",CA,91605,,,,,,,,
A105668,YOLANDA,L,BABCOCK,712,HOLLY,AVE,,,OXNARD,CA,93036,,,,,,,097675441,
A104761,madeline,david,HOWELL,712,HOLLY,AVE,,,OXNARD,CA,93036,,,,,,,75441,1972
A105914,YOLANDA,L,BABCOCK,712,holly,AVE,,,OXNARD,CA,9303,,,,,,,,19721027
A101115,YOLANDA,,BABOCCK,6911,HINDS,AVE,,,north hollywood,CA,91605,,,,,,,096775441,
A105000,YOLANDA,L,BABCOCK,6911,HINDS,AVE,,,"NORTH,HOLLYWOOD",CA,9160,,,,,,,096-77-5441,
A100946,YOLANDA,L,BABCOCK,6911,HINDS,AVE,,,"NORTH,HOLLYWOOD",Calif.,91605,,,,,,,,1972
A100034,Yolanda,L,babcock,6911,HINDS,AVE,,,"NORTH,HOLLYWOOD",CA,91605,,,,,,,,
A102274,YOLANDA,,MARTINEZ,10195,BARONESS,AVE,,,SAN DIEGO,Calif.,92126,PO BOX,,,SAN DIEGO,,92145,156-76-4803,1912
A101930,YOLANDA,,MARTINEZ,10195,BARONESS,AVE,,,"SAN,DIEGO",Calif.,9212,PO BOX,2233,45236,SAN DIEGO,CA,,156-76-4803,
A100567,YOLANDA,,MARTINEZ,10195,Baroness,AVE,,,"SAN,DIEGO",Calif.,9212,PO BOX,2233,45236,SAN DIEGO,,92145,156-76-4803,19121117
A102415,YOLANDA,,MARTIEZ,10195,BARONESS,AVE,,,SAN DIEGO,CA,9212,PO BOX,,,SAN DIEGO,CA,,156764083,19121117
A106213,J.C.,,CASTILLO,17,Pardee,ST,,,SAN DIEGO,CA,92113,,,,,,,,
A103702,YOLANDA,,MARTNIEZ,17,PARDEE,ST,,,SAN DIEGO,CA,92113,,,,,,,,1912
A102113,YOLANDA,,martinez,17,PARDEE,ST,,,SAN DIEGO,CA,92113,,,,,,,156764830,19121117
A104200,YOLANDA,,MARTINEZ,17,Pardee,ST,,,SAN DIEGO,CA,9211,,,,,,,,19121117
A102698,YOLANDA,,MARTINEZ,34345,STOWE,RD,,,HEMET,Calif.,92545,,23912,1315,,CA,,156-76-4803,19121117
A102283,YOLANDA,,MARTINEZ,34345,STOWE,RD,,,HEMET,CA,9254,PO BOX,23912,,HEMET,CA,92546,156-76-4803,1912
A102401,YOLANDA,,Martinez,34345,STOWE,RD,,,HEMET,CA,92545,,23912,,,CA,92546,,1912
A102708,YOLANDA,,martinez,34345,STOWE,RD,,,HEMET,CA,9254,PO BOX,23912,,,CA,92546,156-76-4803,19121117
A103855,YOLANDA,,MARTINEZ,34345,STOWE,RD,,,HEMET,Calif.,92545,PO BOX,23912,1315,,CA,,,19121117
A103776,MAURICE,,SORIANO,1031,31ST,CT,,,MIAMI,Fla.,3313,PO BOX,731,430115,,FL,33243,,19100902
A104298,CAROLYN,,LOPEZ,1031,31ST,CT,,,miami,FL,33135,PO BOX,731,430115,MIAMI,FL,,156-76-6235,19100902
A104438,MAURICE,,SORIANO,1031,31ST,CT,,,miami,FL,3313,,731,430115,MIAMI,FL,,156-76-6235,19100902
A104830,MAURICE,G,SORIANOO,5223,MANGO FRUIT,ST,,,SEFFNER,FL,33584,,,,,,,156-76-6235,19100902
A103727,MAURICE,,SORIANO,5223,MANGO FRUIT,ST,,,SEFFNER,FL,33584,,,,,,,66235,1910
A105068,MAURICE,G,Soriano,5223,MANGO FRUIT,ST,,,Seffner,Fla.,33584,,,,,,,156-76-6235,19100902
A105317,YOLANDA,,soriano,1326,PASEO GRACIA,,,,SAN DIMAS,CA,91773,,,,,,,64803,19121117
A104247,YOLANDA,,SORIANO,1326,PASEO GRACIA,,,,SAN DIMAS,CA,91773,,,,,,,156764803,1912
A104124,YOLANDA,,SORINAO,1326,Paseo Gracia,,,,san dimas,CA,91773,,,,,,,,19121117
A105076,MAURICE,G,SORIANO,1326,Paseo Gracia,,,,san dimas,Calif.,91773,,,,,,,,
A103505,MAURICE,G,SORIANO,1326,PASEO GRACIA,,,,SAN DIMAS,Calif.,9177,,,,,,,66235,1910
A106872,MAURICE,G,SORIANO,1326,PASEO GRACIA,,,,SAN DIMAS,CA,91773,,,,,,,,1910
A107080,YOLANDA,,MARTINEZ,45472,PICKETT,ST,,,callahan,FL,3201,PO BOX,40368,2072,CALLAHAN,FL,32011,,1911
A103653,YOLANDA,,MARTINEZ,45472,PICKETT,ST,,,CALLAHAN,FL,32011,PO BOX,40368,2072,CALLAHAN,FL,,168-84-9084,1911
A103471,YOLANDA,,MMARTINEZ,45472,PICKETT,ST,,,CALLAHAN,Fla.,32011,,40368,2072,CALLAHAN,FL,32011,168-84-9084,19110704
A101482,YOLANDA,,MARTINEZ,45472,PICKETT,ST,,,CALLAHAN,Fla.,3201,PO BOX,,,CALLAHAN,FL,32011,168-84-9084,19110704
A106817,YOLANDA,,MARTINEZ,45472,PICKETT,ST,,,CALLAHAN,FL,32011,,40368,,CALLAHAN,,32011,168-84-9084,
A105091,Carlos Alberto,,Ramos,8420,THORNBUSH,CT,,,JACKSONVILLE,Fla.,32216,,,,,,,168-84-9084,19110704
A101180,YOLANDA,,MARTINEZ,8420,THORNBUSH,CT,,,JACKSONVILLE,Fla.,3221,,,,,,,168-84-9084,19110704
A106558,YOLANDA,,MARTINEZ,8420,THORNBUSH,CT,,,JACKSONVILLE,Fla.,32216,,,,,,,168-84-9084,1911
A102819,YOLANDA,,MARTIENZ,8420,THORNBUSH,CT,,,JACKSONVILLE,FL,3221,,,,,,,,19110704
A102223,BLAZE,ANN,SUNDGGREN,3898,MURRAY HILL,RD,,,LA MESA,Calif.,91941,PO BOX,21396,,LA MESA,,,618857202,19151113
A106624,BLAZE,,SUNDGREN,3898,MURRAY HILL,RD,,,LA MESA,CA,91941,,,3544,,,91944,168-85-7202,
A100388,BLAZE,ANN,SUNDGRN,3898,MURRAY HILL,RD,,,LA MESA,CA,9194,PO BOX,,3544,LA MESA,CA,91944,186857202,1915
A104385,blaze,ANN,sundrgen,3898,MURRAY HILL,RD,,,LA MESA,CA,91941,PO BOX,,3544,LA MESA,CA,,,19151113
A102752,Blaze,ANN,SUNGDREN,3898,MURRAY HILL,RD,,,LA MESA,Calif.,91941,PO BOX,21396,3544,LA MESA,CA,,168-85-7202,1915
A104088,BLAZE,ANN,sundgren,3898,MURRAY HILL,RD,,,La Mesa,Calif.,91941,PO BOX,21396,3544,LA MESA,CA,91944,168587202,19151113
A101500,BLAZE,ANN,SUNDGREN,5762,RAVENSPUR,DR,APT,414,RANCHO PALOS VERDES,CA,9027,,,,,,,,19151113
A103752,BLAZE,ANN,SUNDREN,5762,RAVENSPUR,DR,APT,414,RANCHO PALOS VERDES,CA,90275,,,,,,,168-85-7202,1915
A100643,BLAZE,,SUNDGREN,5762,Ravenspur,DR,APT,414,RANCHO PALOS VERDES,CA,90275,,,,,,,,19151113
A103520,BLAZE,ANN,SUNDGRE,15555,DEL REY,DR,,,VICTORVILLE,CA,92395,,,,,,,57202,1915
A102148,BLAZE,ANN,SUNDGREN,15555,Del Rey,DR,,,VICTORVILLE,CA,92395,,,,,,,,19151113
A100660,Blaze,ANN,SUNDGREN,15555,DEL REY,DR,,,VICTORVILLE,CA,9239,,,,,,,,
A101476,BLAZE,ANN,SUNDGREN,15555,DEL REY,DR,,,Victorville,Calif.,92395,,,,,,,168857220,1915
A107205,BLAZE,,SUNDGREN,15555,DEL REY,DR,,,VICTORVILLE,Calif.,92395,,,,,,,,19151113
A106507,Blaze,,Sundggren,15555,DEL REY,DR,,,VICTORVILLE,CA,92395,,,,,,,168-85-7202,19151113
A103886,YOLANDA,,SUNDGREN,6663,BERQUIST,AVE,,,WEST HILLS,CA,91307,,,,,,,168-84-9084,19110704
A105588,YOLANDA,,SUNDGREN,6663,BERQUIST,AVE,,,WEST HILLS,CA,9130,,,,,,,,19110704
A102064,YOLANDA,,SUNDGREN,6663,Berquist,AVE,,,WEST HILLS,Calif.,91307,,,,,,,,
A104486,YOLANDA,,SUNDGERN,6663,BERQUIST,AVE,,,WEST HILLS,Calif.,9130,,,,,,,168-84-9084,19110704
A105906,YOLANDA,,USNDGREN,6663,BERQUIST,AVE,,,"WEST,HILLS",CA,91307,,,,,,,168-84-9084,19110704
A103946,THOMAS,,HERNANDEZ,6663,BERQUIST,AVE,,,WEST HILLS,CA,9130,,,,,,,168-85-7202,1915
A100849,BLAZE,ANN,SUNDGRENN,6663,BERQUIST,AVE,,,WEST HILLS,CA,9130,,,,,,,168-85-7202,
A103732,BLAZE,ANN,SUNDGREN,6663,BERQUIST,AVE,,,WEST HILLS,Calif.,91307,,,,,,,,1915
A102030,BLAZE,ANN,SUNDGREN,6663,BERQUIST,AVE,,,"WEST,HILLS",CA,9130,,,,,,,168-85-7202,19151113
A104783,Blaze,,SUNDGREN,6663,BERQUIST,AVE,,,"WEST,HILLS",CA,91307,,,,,,,168-85-7202,19151113
