RecID,IdTruth
A101972,24231
A106778,24231
A104577,24231
A102139,24232
A103530,24232
A105569,24232
A103843,24233
A100721,24233
A105667,24233
A102117,24233
A103032,24233
A106537,24234
A101229,24234
A104970,24234
A107209,24234
A101325,24235
A104224,24235
A100029,24235
A104787,24235
A102049,24236
A101146,24236
A104077,24236
A104507,24236
A106263,24237
A101613,24237
A103768,24237
A106984,32423
A100413,32423
A103979,32423
A104337,32424
A102651,32424
A101764,32424
A103244,32424
A101198,32424
A103382,32424
A103191,32425
A104988,32425
A103952,32425
A105410,32426
A100326,32426
A103775,32426
A100319,32427
A101207,32427
A107243,32427
A106465,32428
A107257,32428
A103572,32428
A100850,32428
A104151,32429
A104384,32429
A103463,32429
A100900,32429
A103222,32430
A100426,32430
A105517,32430
A102926,4957
A102736,4957
A105727,4957
A105507,4957
A104214,4958
A100862,4958
A104382,4958
A103621,4958
A106754,4958
A106859,4958
A102508,4959
A102348,4959
A105529,4959
A102846,4959
A101932,4960
A101425,4960
A102859,4960
A101614,4960
A102214,4960
A100690,4960
A101945,4961
A104188,4961
A103644,4961
A105004,4961
A104737,4961
A103405,4962
A102929,4962
A104926,4962
A103258,4963
A107143,4963
A101707,4963
A105850,4963
A106990,41236
A105717,41236
A103089,41236
A103962,41236
A104767,41236
A101563,41236
A104098,41237
A104083,41237
A103081,41237
A102676,41237
A103190,41237
A106555,41238
A100540,41238
A103524,41238
A103095,41238
A102553,41238
A103155,41239
A100474,41239
A107183,41239
A101415,41239
A107169,41240
A102850,41240
A100639,41240
A105260,41240
A103804,41241
A106678,41241
A103833,41241
A106176,41241
A105997,41241
A105554,41242
A103976,41242
A101752,41242
A101916,41243
A102254,41243
A107184,41243
A100345,41244
A104532,41244
A104949,41244
A103090,41244
A104202,41244
A100532,41244
A103630,41245
A100036,41245
A106837,41245
A100184,41246
A101318,41246
A105415,41246
A106119,41246
A102015,41246
A107179,17593
A101699,17593
A107004,17593
A101119,17593
A101731,17593
A101557,17594
A101908,17594
A103468,17594
A106834,17594
A104849,17594
A103481,17595
A100400,17595
A105664,17595
A101632,17596
A103586,17596
A100658,17596
A100700,17596
A106040,17596
A103166,17596
A104142,17597
A101243,17597
A101899,17597
A106037,17598
A100178,17598
A105688,17598
A106190,17598
A102706,17598
A103227,17598
A105467,17599
A107075,17599
A101113,17599
A101095,17600
A101942,17600
A100587,17600
A106790,17600
A102932,17600
A102888,17601
A100825,17601
A106503,17601
A103330,17601
A103073,17601
A101809,17602
A106687,17602
A100782,17602
A102391,17602
A100812,19349
A101449,19349
A105267,19349
A105578,19350
A104880,19350
A104713,19350
A105978,19351
A103507,19351
A105206,19351
A106182,19351
A104178,19352
A102588,19352
A102598,19352
A103669,19352
A100191,19352
A105568,19353
A101900,19353
A102467,19353
A104316,19354
A102905,19354
A102871,19354
A102425,19354
A106373,19355
A103552,19355
A106429,19355
A100302,19356
A104866,19356
A100470,19356
A104714,19356
A103538,19356
A104348,19356
A100815,19357
A103589,19357
A102777,19357
A102004,19357
A106914,19357
A105140,19358
A100070,19358
A101366,19358
A106279,19358
A106734,19358
A102639,19358
A105334,75609
A100493,75609
A106442,75609
A107146,75609
A106067,75609
A103995,75610
A104403,75610
A104227,75610
A103021,75610
A104401,75611
A104756,75611
A103078,75611
A101427,75611
A104983,75611
A107081,75612
A103729,75612
A102316,75612
A100486,75612
A105896,75612
A102075,75613
A102813,75613
A102489,75613
A102210,75613
A104443,75614
A102561,75614
A100440,75614
A101653,75614
A103436,75614
A100015,75615
A105535,75615
A103882,75615
A106989,75616
A104911,75616
A102025,75616
A101673,75616
A100816,1
A106660,1
A100564,1
A101935,1
A100798,2
A102702,2
A104011,2
A102026,2
A105582,3
A103024,3
A105735,3
A104860,3
A102610,3
A105739,3
A104050,4
A103893,4
A101277,4
A104889,4
A102597,4
A103667,4
A101034,5
A102409,5
A103642,5
A106065,5
A101722,5
A100765,6
A102580,6
A103723,6
A103362,6
A106174,7
A101633,7
A102764,7
A105476,7
A106495,7
A102878,8
A103193,8
A104701,8
A100911,9
A100456,9
A106932,9
A101042,9
A103455,10
A102899,10
A100910,10
A100716,8555
A101998,8555
A105980,8555
A106965,8555
A104145,8555
A101176,8556
A102499,8556
A106902,8556
A105671,8556
A101120,8556
A102220,8556
A106630,8557
A103909,8557
A100925,8557
A100881,8557
A100811,8557
A105050,8558
A103894,8558
A107012,8558
A100075,8559
A103129,8559
A106333,8559
A106265,8559
A100230,8560
A102643,8560
A105330,8560
A103338,8560
A104362,8560
A101729,8561
A100619,8561
A106271,8561
A100110,8561
A104585,8562
A100242,8562
A107188,8562
A106059,8562
A102491,8562
A105624,8562
A100169,8563
A101856,8563
A105484,8563
A102455,8563
A105232,8563
A100241,8563
A104106,8564
A102265,8564
A102848,8564
A100291,8564
A104914,8564
A104289,8564
A101426,8565
A102604,8565
A102670,8565
A102296,8565
A103439,33304
A104574,33304
A100876,33304
A102665,33304
A105657,33304
A105086,33305
A103187,33305
A107234,33305
A100582,33305
A105153,33306
A102054,33306
A104417,33306
A107028,33306
A105366,33307
A103684,33307
A106751,33307
A105368,33307
A102213,33307
A103457,33308
A104645,33308
A103429,33308
A103220,33308
A103048,33308
A105474,33308
A102883,33309
A101848,33309
A104842,33309
A107104,33309
A105918,33309
A100970,33309
A104051,33310
A104175,33310
A103474,33310
A103803,33310
A103805,33310
A105033,51138
A103025,51138
A105755,51138
A104918,51138
A102653,51139
A106047,51139
A106652,51139
A106151,51139
A105039,51140
A103371,51140
A104516,51140
A103829,51140
A100322,51140
A103401,51140
A106303,51141
A104956,51141
A102080,51141
A103470,51142
A106466,51142
A105687,51142
A106781,52467
A106039,52467
A100672,52467
A101170,52468
A101020,52468
A105715,52468
A100545,52468
A100581,52469
A102722,52469
A105051,52469
A103361,52469
A103189,52470
A101929,52470
A103987,52470
A104573,52470
A106816,52470
A103375,52470
A101395,52471
A103022,52471
A100071,52471
A100012,52472
A107052,52472
A103713,52472
A103063,52472
A102690,52472
A105417,52472
A102635,52473
A101268,52473
A105742,52473
A101477,52473
A104854,52473
A105615,52473
A103791,52474
A104736,52474
A103384,52474
A102730,52474
A106762,52474
A106638,52474
A105015,52475
A100188,52475
A103086,52475
A103931,52475
A100864,52475
A102215,52476
A100385,52476
A106585,52476
A103034,52477
A101249,52477
A101129,52477
A101108,52478
A102685,52478
A101205,52478
A100826,52478
A100982,52478
A105551,70859
A106780,70859
A105284,70859
A103750,70859
A103332,70859
A100659,70860
A100387,70860
A100304,70860
A103207,70861
A105186,70861
A100160,70861
A100704,70861
A101626,70861
A106892,70862
A105085,70862
A100734,70862
A103533,70862
A100046,70862
A100897,70862
A105237,70863
A101512,70863
A101511,70863
A105745,70863
A106257,70864
A107102,70864
A106023,70864
A101106,70864
A104685,70864
A102023,70864
A101956,70865
A101200,70865
A101445,70865
A105450,70866
A106597,70866
A101530,70866
A105170,70866
A103927,70866
A107199,70867
A103793,70867
A101433,70867
A104304,70867
A100857,70868
A105548,70868
A105921,70868
A105856,2443
A107046,2443
A101032,2443
A102408,2443
A101408,2443
A101570,2444
A101171,2444
A103435,2444
A101650,2444
A105886,2445
A107029,2445
A104032,2445
A104441,2445
A106042,2446
A106056,2446
A105581,2446
A106769,2446
A106289,2446
A104305,2447
A107060,2447
A102184,2447
A103426,2447
A105244,2448
A103394,2448
A100680,2448
A106237,2449
A105952,2449
A102427,2449
A105310,2449
A106589,2449
A104068,2450
A103216,2450
A101298,2450
A104131,2450
A100119,2450
A101141,2450
A102800,2451
A101128,2451
A100140,2451
A106396,3093
A106691,3093
A103452,3093
A102814,3094
A106868,3094
A100431,3094
A105397,3094
A105178,3094
A106818,3095
A105684,3095
A100132,3095
A105426,3095
A101290,3095
A102263,3096
A105409,3096
A106552,3096
A107105,3096
A105146,3097
A105935,3097
A103634,3097
A101244,3098
A104374,3098
A101356,3098
A103476,3098
A103610,3099
A105235,3099
A104129,3099
A101737,3100
A103088,3100
A102539,3100
A107120,10962
A103856,10962
A100336,10962
A107121,10962
A104482,10962
A100467,10962
A104506,10963
A102988,10963
A100999,10963
A102985,10964
A103354,10964
A105760,10964
A104049,10964
A103342,10965
A104434,10965
A102390,10965
A107182,10965
A104182,10966
A101797,10966
A100421,10966
A100197,10966
A104399,10966
A106755,10966
A103094,10967
A104097,10967
A102143,10967
A102310,10967
A105504,10968
A102282,10968
A105685,10968
A103930,10968
A101793,10968
A104673,10969
A106030,10969
A102729,10969
A104229,10969
A102711,10969
A100544,10969
A107204,10970
A105677,10970
A106870,10970
A105771,10970
A100021,10971
A102928,10971
A103146,10971
A102735,10971
A102018,10972
A104627,10972
A101178,10972
A102538,10972
A100832,10972
A103478,66277
A101718,66277
A103832,66277
A105606,66277
A101875,66277
A106610,66277
A106434,66278
A103697,66278
A105457,66278
A102919,66278
A106626,66278
A105839,66279
A106087,66279
A106299,66279
A106570,66279
A102093,66279
A100926,66279
A101168,66280
A100490,66280
A104907,66280
A101303,66280
A100035,66280
A104572,66280
A101255,66281
A103902,66281
A102129,66281
A100478,8446
A102257,8446
A101791,8446
A104658,8446
A101092,8447
A100424,8447
A103670,8447
A102854,8447
A104955,8448
A105783,8448
A104925,8448
A105132,8449
A104686,8449
A103815,8449
A104754,8449
A100306,8449
A107024,8450
A100479,8450
A106019,8450
A105751,8451
A100814,8451
A102393,8451
A106819,8451
A102544,8452
A103628,8452
A106189,8452
A100531,8452
A104718,44384
A101861,44384
A106997,44384
A105882,44385
A106849,44385
A105859,44385
A100909,44386
A100744,44386
A101597,44386
A104463,44387
A106256,44387
A107108,44387
A100446,44387
A102951,44388
A100143,44388
A100656,44388
A105572,44389
A100687,44389
A100787,44389
A105136,44390
A102170,44390
A101537,44390
A106018,44390
A106350,44390
A104170,20069
A105968,20069
A104246,20069
A101270,20070
A105646,20070
A104965,20070
A105042,20070
A100381,20071
A104607,20071
A107237,20071
A101980,20071
A105392,20071
A100410,20072
A104666,20072
A100996,20072
A104734,20072
A101566,20072
A106926,20072
A104595,20073
A106103,20073
A106805,20073
A102959,20073
A100236,20074
A104341,20074
A106628,20074
A104881,20074
A102201,20075
A106081,20075
A106824,20075
A105016,20075
A107246,20075
A105203,20075
A100665,20076
A101964,20076
A105787,20076
A103592,20076
A103075,20077
A100953,20077
A106825,20077
A101911,20077
A106614,20077
A104196,20077
A105873,20078
A102732,20078
A102642,20078
A100279,20078
A102230,20078
A105560,20078
A106661,20079
A104216,20079
A103116,20079
A105414,20079
A101728,20080
A102555,20080
A102666,20080
A101680,68513
A104189,68513
A102573,68513
A104236,68514
A102153,68514
A102354,68514
A103138,68514
A102175,68514
A100599,68514
A102660,68515
A100224,68515
A101422,68515
A105826,68515
A103008,68515
A103150,68516
A106194,68516
A104264,68516
A103512,68516
A100585,68516
A100702,68516
A104661,68517
A106405,68517
A102250,68517
A100428,68517
A103112,68517
A102832,68517
A104852,68518
A102977,68518
A104904,68518
A105199,68518
A100743,68518
A104825,68518
A105411,68519
A100065,68519
A103916,68519
A105120,68520
A103574,68520
A105974,68520
A105107,68521
A101149,68521
A103584,68521
A101049,31048
A103148,31048
A100511,31048
A103036,31048
A105055,31048
A104806,31048
A104153,31049
A104682,31049
A100536,31049
A102125,31049
A102754,31049
A107048,31050
A102168,31050
A104408,31050
A101979,31051
A104953,31051
A103895,31051
A101117,31051
A106250,31052
A102694,31052
A105854,31052
A100724,31052
A104496,31053
A100366,31053
A105959,31053
A101615,31053
A100447,31054
A102351,31054
A105307,31054
A105452,31054
A104973,31054
A100390,31054
A104816,31055
A101400,31055
A107036,31055
A103991,31055
A104633,31056
A102100,31056
A101058,31056
A100201,31056
A105875,31056
A101331,31056
A102631,47162
A107015,47162
A106812,47162
A107214,47162
A101772,47163
A103438,47163
A101919,47163
A103410,47163
A104584,47163
A102135,47164
A101365,47164
A106011,47164
A103493,47164
A102614,47164
A104967,47164
A107262,47165
A100101,47165
A102914,47165
A104517,47165
A101519,47166
A102179,47166
A103519,47166
A102204,47167
A105287,47167
A100820,47167
A106280,47167
A100754,47167
A101122,47167
A106663,47168
A102373,47168
A103662,47168
A104540,47169
A104141,47169
A106385,47169
A100695,47170
A105208,47170
A106803,47170
A100548,59720
A102299,59720
A101237,59720
A104089,59721
A103516,59721
A102211,59721
A102259,59721
A100193,59722
A101048,59722
A103444,59722
A106488,59722
A100652,59723
A104694,59723
A105081,59723
A104900,59723
A107211,59723
A103536,59723
A101946,59724
A101720,59724
A102445,59724
A104197,59724
A104471,59724
A106943,59724
A106617,59725
A106474,59725
A105253,59725
A106142,59725
A105112,59725
A107047,59725
A102465,59726
A104785,59726
A104147,59726
A103982,59726
A102679,33468
A105299,33468
A102151,33468
A105841,33468
A106353,33468
A105460,33468
A104072,33469
A102314,33469
A106363,33469
A100957,33470
A104990,33470
A101323,33470
A107050,33470
A100722,33471
A100145,33471
A102239,33471
A103672,33471
A104912,33471
A106544,33471
A106424,39377
A104951,39377
A102725,39377
A105765,39378
A105058,39378
A107260,39378
A105110,39378
A102434,39378
A106921,39378
A105483,39379
A102863,39379
A100004,39379
A101074,39379
A100873,39379
A100158,39380
A100074,39380
A105175,39380
A103400,39380
A105666,39380
A101429,39380
A100372,39381
A100144,39381
A105141,39381
A103733,39381
A100794,39381
A102383,39382
A106844,39382
A102856,39382
A107217,39382
A105536,39382
A106501,39382
A104640,39383
A102040,39383
A105320,39383
A104660,39383
A106243,39383
A106960,39383
A105352,39384
A100142,39384
A105082,39384
A100924,39384
A104878,39385
A105445,39385
A106288,39385
A102060,39385
A101267,39386
A104872,39386
A104618,39386
A106788,39386
A101874,39386
A100858,42485
A100521,42485
A105894,42485
A103996,42485
A100352,42486
A105537,42486
A102575,42486
A104727,42487
A105357,42487
A104185,42487
A104637,42488
A102770,42488
A107261,42488
A100450,42488
A104732,42488
A102820,42489
A102978,42489
A103058,42489
A106928,42490
A101564,42490
A106180,42490
A100915,42491
A105996,42491
A103349,42491
A103866,42491
A102763,42491
A103306,42491
A103665,44760
A102958,44760
A102593,44760
A101469,44760
A106839,44761
A101792,44761
A102675,44761
A104615,44762
A107018,44762
A100588,44762
A100285,44763
A105929,44763
A106674,44763
A100148,44763
A106561,44764
A106945,44764
A103020,44764
A104794,44765
A103602,44765
A101774,44765
A100483,45262
A104884,45262
A103056,45262
A100593,45262
A100878,45263
A100309,45263
A100937,45263
A102793,45263
A106962,45263
A106852,45263
A105800,45264
A106556,45264
A101281,45264
A100914,45265
A101497,45265
A105570,45265
A102258,45265
A100859,45266
A103151,45266
A106468,45266
A103414,45267
A106002,45267
A101845,45267
A106735,45268
A103393,45268
A100586,45268
A101660,45268
A103018,45268
A101213,45268
A101629,50622
A102529,50622
A104318,50622
A103513,50622
A103813,50622
A103986,50623
A107025,50623
A104971,50623
A104158,50623
A103611,50623
A106497,50624
A100631,50624
A100080,50624
A104350,50624
A101903,50625
A101950,50625
A102583,50625
A102472,50625
A107156,50625
A105958,50626
A105465,50626
A104015,50626
A105515,50626
A100805,50627
A104345,50627
A105868,50627
A100800,50627
A102701,50627
A105488,50628
A106321,50628
A103714,50628
A102002,50628
A100686,50628
A103312,50628
A104924,50629
A101480,50629
A104259,50629
A106016,50629
A105295,50630
A103870,50630
A101850,50630
A103370,50630
A102794,50630
A101010,50631
A107185,50631
A106595,50631
A101726,50631
A106241,50631
A101819,50631
A103037,50632
A107031,50632
A105172,50632
A104144,50632
A102181,50632
A101275,53188
A103494,53188
A105716,53188
A100579,53189
A104795,53189
A103769,53189
A101347,53190
A103092,53190
A103852,53190
A101681,53190
A102313,53190
A106882,53190
A100404,53191
A100060,53191
A102038,53191
A105264,53192
A104395,53192
A106783,53192
A104272,53193
A106619,53193
A101056,53193
A105303,53193
A105071,53194
A105903,53194
A101983,53194
A101478,53194
A104334,53194
A101503,53195
A103553,53195
A105238,53195
A106433,53195
A103761,53196
A102626,53196
A105439,53196
A105451,53196
A103561,53196
A101501,53197
A102673,53197
A101148,53197
A101552,53198
A100353,53198
A100308,53198
A100966,53198
A106659,53199
A100000,53199
A105139,53199
A105647,53199
A104995,53199
A102324,53200
A101763,53200
A104823,53200
A103739,53200
A105748,53200
A100327,56299
A101183,56299
A106066,56299
A104760,56299
A101507,56300
A102350,56300
A101499,56300
A103205,56300
A101182,56300
A107043,56300
A105358,56301
A101967,56301
A100920,56301
A106161,56301
A104746,56301
A101496,56302
A105180,56302
A104003,56302
A106901,56303
A106377,56303
A104428,56303
A100454,56303
A100928,56303
A106412,56304
A107070,56304
A100398,56304
A103453,56305
A102482,56305
A103798,56305
A103311,56305
A100371,56306
A105007,56306
A100053,56306
A103668,56306
A103965,56306
A106239,56307
A107176,56307
A105499,56307
A103002,56308
A106160,56308
A103823,56308
A103891,56309
A102267,56309
A105938,56309
A100789,56309
A105443,56310
A105734,56310
A105031,56310
A106938,56310
A106745,56310
A106639,78315
A100903,78315
A104024,78315
A105177,78315
A106857,78315
A103446,78316
A101989,78316
A100084,78316
A103923,78316
A100705,78317
A100163,78317
A100383,78317
A101184,78317
A105066,78317
A102353,78318
A107096,78318
A104929,78318
A102973,78318
A106355,78319
A100935,78319
A104321,78319
A102923,78319
A101533,78319
A106107,78320
A101573,78320
A101462,78320
A100373,78320
A104038,78320
A102076,78320
A107263,78321
A105994,78321
A104752,78321
A102537,78321
A103234,78321
A105197,78322
A102385,78322
A106367,78322
A105995,80852
A102534,80852
A103417,80852
A103325,80853
A102193,80853
A101373,80853
A101575,80853
A105069,80853
A105376,80853
A102183,80854
A100717,80854
A102490,80854
A102945,80854
A102398,80854
A101033,80855
A103203,80855
A105101,80855
A106444,80856
A103469,80856
A102137,80856
A107127,80857
A106051,80857
A102359,80857
A100797,80857
A102096,80857
A103055,80858
A104664,80858
A106447,80858
A101585,80858
A105250,80859
A106752,80859
A101776,80859
A105559,80859
A100974,80859
A100264,81995
A104601,81995
A105092,81995
A101944,81995
A102966,81996
A102196,81996
A105001,81996
A102016,81996
A100297,81996
A106428,81996
A104388,81997
A107153,81997
A106305,81997
A102334,81997
A107016,81997
A104504,81997
A101009,81998
A105901,81998
A106767,81998
A102979,81999
A103627,81999
A104179,81999
A102641,82000
A102444,82000
A102733,82000
A101276,82001
A101968,82001
A105221,82001
A104373,82001
A102875,82002
A100537,82002
A101692,82002
A103551,82003
A104539,82003
A101211,82003
A103260,82003
A106888,82003
A104361,12821
A105775,12821
A103801,12821
A100732,12821
A101173,12822
A102527,12822
A104209,12822
A107118,12822
A105999,12822
A106172,12822
A107163,12823
A105326,12823
A104828,12823
A102042,12823
A104846,12824
A105955,12824
A101197,12824
A104111,12825
A103877,12825
A107082,12825
A101732,12825
A103719,12825
A106393,12826
A101592,12826
A105164,12826
A102780,12826
A107074,12826
A104588,12827
A105878,12827
A102003,12827
A103730,12828
A104181,12828
A104255,12828
A106173,12828
A101818,12828
A100901,12829
A102098,12829
A100959,12829
A101890,12829
A102990,12830
A104819,12830
A102944,12830
A105422,12830
A101951,12831
A100123,12831
A102751,12831
A103590,30042
A100089,30042
A102307,30042
A104317,30042
A105812,30042
A105171,30043
A104466,30043
A105403,30043
A105395,30043
A104166,30043
A100049,30043
A105243,30044
A102036,30044
A102493,30044
A102195,30044
A104649,30045
A101193,30045
A101995,30045
A103817,30045
A105008,30046
A100594,30046
A103097,30046
A100720,30046
A101151,30047
A101641,30047
A102234,30047
A105342,30047
A103030,30048
A100425,30048
A100747,30048
A103381,30048
A106260,30048
A105533,30048
A106409,22984
A107103,22984
A102322,22984
A106891,22985
A103997,22985
A105282,22985
A101960,22985
A107026,22986
A106758,22986
A104798,22986
A103802,22986
A102724,22986
A100099,22987
A101541,22987
A101622,22987
A100874,22987
A105544,22987
A106863,22987
A100502,22988
A102801,22988
A101606,22988
A100799,22988
A103666,22989
A106171,22989
A106116,22989
A100518,22989
A105927,22989
A106586,22990
A106809,22990
A106105,22990
A102024,22990
A100370,22991
A104414,22991
A100269,22991
A100603,22992
A102788,22992
A102889,22992
A104324,22992
A106178,22992
A103616,22992
A101405,22993
A105406,22993
A106587,22993
A104119,22994
A103884,22994
A101018,22994
A105145,22994
A106519,22994
A104387,22994
A100057,22995
A103158,22995
A103851,22995
A104909,22995
A104564,22996
A105254,22996
A101320,22996
A100682,22996
A101287,22997
A105421,22997
A105950,22997
A104389,22997
A106811,22997
A106940,22997
A106386,22998
A104380,22998
A101214,22998
A105758,22998
A102795,22998
A100711,28347
A100399,28347
A105377,28347
A104776,28347
A104808,28347
A105386,28348
A104267,28348
A102656,28348
A104599,28348
A102778,28349
A107113,28349
A105539,28349
A104579,28349
A104829,28350
A104650,28350
A105023,28350
A105528,28351
A101474,28351
A106789,28351
A103819,28351
A103613,28352
A103562,28352
A101096,28352
A100648,28352
A100898,28352
A105193,28352
A100644,28353
A100674,28353
A105586,28353
A101093,28353
A104313,28353
A106509,39074
A104759,39074
A102520,39074
A102278,39074
A104198,39074
A102013,39075
A101251,39075
A101757,39075
A102601,39076
A101272,39076
A106694,39076
A107170,39076
A106953,39076
A107181,39077
A105694,39077
A103799,39077
A104138,39077
A102043,39077
A103557,39078
A101668,39078
A103422,39078
A104054,39078
A101147,39078
A100409,39078
A103518,48174
A103184,48174
A102326,48174
A105246,48174
A100868,48174
A102830,48175
A103033,48175
A100542,48175
A100633,48176
A105331,48176
A104053,48176
A103433,48177
A104096,48177
A103051,48177
A103767,48177
A102831,48177
A100417,48178
A101194,48178
A102500,48178
A103135,48178
A105064,48179
A105730,48179
A100209,48179
A101953,48179
A102357,48179
A101603,48180
A105077,48180
A106364,48180
A104386,48181
A100055,48181
A105204,48181
A102327,48182
A103569,48182
A101304,48182
A106128,48182
A102504,48182
A105255,48182
A103288,48183
A102311,48183
A105233,48183
A105555,48183
A106117,48183
A102548,48184
A104186,48184
A102634,48184
A106472,48184
A100778,48184
A102081,40039
A102430,40039
A101410,40039
A104936,40039
A100606,40039
A100960,40039
A101398,40040
A104689,40040
A106560,40040
A106208,40041
A101492,40041
A105844,40041
A100554,40041
A102101,40041
A101773,40041
A104614,40042
A100555,40042
A103649,40042
A104342,40042
A103141,40043
A104917,40043
A105020,40043
A102448,40043
A100752,40043
A105803,40044
A103060,40044
A106285,40044
A105971,40045
A103550,40045
A103231,40045
A102365,40045
A106593,40045
A103157,40045
A106959,48275
A100171,48275
A106815,48275
A105308,48276
A100501,48276
A105943,48276
A101800,48276
A100872,48277
A105587,48277
A105561,48277
A102753,48277
A105309,48277
A106420,48278
A100215,48278
A100248,48278
A101080,48278
A103459,48278
A104410,48278
A104745,48279
A106722,48279
A103587,48279
A104840,48280
A103675,48280
A105801,48280
A106847,48280
A106668,48280
A102462,30846
A104315,30846
A101750,30846
A102993,30846
A104221,30846
A104309,30847
A101957,30847
A102645,30847
A105313,30848
A106513,30848
A101634,30848
A100534,30848
A100116,30848
A101588,30849
A102399,30849
A102532,30849
A104180,30849
A104359,30849
A103104,30850
A101827,30850
A100525,30850
A106944,30850
A100988,30850
A104079,30850
A106426,30851
A106410,30851
A101582,30851
A103301,30851
A105118,30851
A106391,30852
A103578,30852
A102147,30852
A106078,30852
A107054,30852
A104117,30852
A101545,69127
A103605,69127
A103350,69127
A102469,69127
A103333,69127
A103003,69128
A102174,69128
A101973,69128
A106954,69128
A103115,69129
A105360,69129
A103985,69129
A106486,69129
A100472,69130
A104238,69130
A105858,69130
A106512,69130
A103595,69130
A101028,69130
A105218,69131
A103496,69131
A102078,69131
A105468,69131
A103825,69131
A102069,69131
A103212,69132
A102207,69132
A101152,69132
A100529,69132
A101424,69133
A102271,69133
A104406,69133
A105441,69133
A103424,69133
A101987,69134
A104676,69134
A102368,69134
A102894,69134
A102436,69134
A105073,69134
A100526,69135
A100856,69135
A102116,69135
A100167,11775
A102279,11775
A103211,11775
A100875,11775
A101130,11775
A100636,11776
A103951,11776
A105442,11776
A100194,11776
A107161,11776
A103145,11777
A102209,11777
A101100,11777
A104150,11777
A103576,11778
A100751,11778
A106187,11778
A101409,11778
A104419,11778
A101863,11778
A103366,11779
A105288,11779
A102440,11779
A105167,11779
A106234,11779
A106053,11780
A102329,11780
A107077,11780
A105361,11780
A106058,11780
A102940,11780
A103147,11781
A107212,11781
A100018,11781
A107069,11781
A101965,11781
A104352,11781
A101596,11782
A103687,11782
A101895,11782
A101516,11782
A104642,11782
A105945,11782
A105911,11783
A102176,11783
A102058,11783
A106313,11783
A101465,11784
A103344,11784
A100337,11784
A103614,11784
A102757,11784
A101101,11784
A101076,11785
A106903,11785
A101430,11785
A101803,11785
A102543,57483
A105036,57483
A102922,57483
A103026,57484
A102761,57484
A101812,57484
A101554,57484
A104523,57484
A104148,57485
A101739,57485
A107125,57485
A100578,57485
A104156,57485
A107101,57486
A101379,57486
A105156,57486
A106400,57487
A102558,57487
A106496,57487
A102291,57487
A101328,57488
A101397,57488
A103118,57488
A106014,57488
A103896,57488
A106458,57489
A103450,57489
A103131,57489
A101917,57489
A102807,57490
A102130,57490
A102989,57490
A102387,57490
A103430,57491
A100152,57491
A101300,57491
A102836,57491
A105750,57492
A106346,57492
A103970,57492
A106068,57493
A101877,57493
A105579,57493
A101735,57494
A107252,57494
A106924,57494
A107229,57494
A100840,83823
A105125,83823
A104875,83823
A103647,83823
A102961,83823
A106006,83823
A105382,83824
A103217,83824
A103057,83824
A106522,83825
A100482,83825
A105773,83825
A107078,83825
A104845,83825
A105610,83825
A103117,83826
A102284,83826
A100740,83826
A102547,83826
A105764,83826
A101475,83826
A100801,83827
A104107,83827
A100488,83827
A102480,83827
A102191,83828
A104320,83828
A105157,83828
A105363,83828
A105236,83828
A103777,83828
A101269,83829
A105060,83829
A102616,83829
A101889,83829
A105158,83829
A100992,83829
A105631,83830
A104901,83830
A106535,83830
A104989,83830
A101297,83830
A107177,83830
A102638,83831
A105686,83831
A101387,83831
A106484,83831
A100638,83832
A105102,83832
A105733,83832
A102512,83832
A107033,15338
A102190,15338
A100062,15338
A101404,15339
A106886,15339
A101137,15339
A101102,15340
A100232,15340
A105200,15340
A106842,15340
A105933,15340
A103292,15340
A101905,15341
A102264,15341
A102628,15341
A101321,15341
A105669,15342
A106823,15342
A106021,15342
A106831,15342
A104155,15343
A106343,15343
A102510,15343
A104813,15343
A100653,15343
A105019,15343
A101202,15344
A104526,15344
A102000,15344
A102238,15345
A100079,15345
A100460,15345
A106230,15345
A105637,15346
A106384,15346
A103706,15346
A100329,77393
A101638,77393
A102771,77393
A101317,77393
A100934,77393
A104461,77393
A100457,77394
A102582,77394
A105079,77394
A100172,77394
A101099,77395
A104232,77395
A105802,77395
A101617,77395
A105202,77395
A107051,77395
A104587,77396
A102205,77396
A104483,77396
A103267,77396
A103142,77396
A100130,77397
A106306,77397
A105987,77397
A105620,77397
A104042,77397
A103679,77397
A103867,40104
A102592,40104
A102511,40104
A106060,40104
A106352,40104
A102741,40104
A106955,40105
A105286,40105
A105261,40105
A105853,40105
A101135,40105
A104019,40105
A102931,40106
A105632,40106
A104695,40106
A101825,40106
A106404,40107
A102865,40107
A105661,40107
A101070,40107
A101455,40107
A103754,40107
A107111,40108
A103686,40108
A105160,40108
A103337,40108
A106717,40108
A105767,40108
A100267,40109
A102855,40109
A106124,40109
A104699,40109
A106168,40109
A100866,40110
A103071,40110
A101222,40110
A103497,40110
A101390,40111
A106357,40111
A106388,40111
A101402,40111
A104542,40111
A103250,40112
A105913,40112
A106728,40112
A100096,40112
A100272,40112
A100621,40112
A101169,40113
A106545,40113
A101526,40113
A106548,40113
A100683,41574
A104524,41574
A102904,41574
A107193,41574
A100249,41574
A103264,41575
A100226,41575
A105089,41575
A102309,41575
A100024,41575
A102991,41575
A100003,41576
A100809,41576
A104407,41576
A102852,41577
A102017,41577
A101648,41577
A106923,41577
A105509,41577
A106063,41578
A106322,41578
A100842,41578
A105135,41578
A106378,41579
A102123,41579
A103406,41579
A100628,41579
A102936,41579
A101483,41580
A106753,41580
A100523,41580
A102587,41580
A104543,41580
A102513,41581
A101319,41581
A100384,41581
A102105,41581
A106281,41581
A101971,41582
A100262,41582
A103974,41582
A103921,45317
A100022,45317
A104665,45317
A101873,45317
A106665,45318
A103637,45318
A101175,45318
A103861,45318
A101163,45319
A103973,45319
A103737,45319
A101555,45319
A105475,45320
A105823,45320
A105061,45320
A105534,45320
A101313,45320
A100912,45320
A105732,45321
A102198,45321
A101126,45321
A102615,45321
A105654,45322
A106575,45322
A103800,45322
A101991,45322
A106970,47020
A102269,47020
A106658,47020
A103638,47021
A100357,47021
A100097,47021
A101035,47021
A100310,47021
A103000,47021
A103691,47022
A102051,47022
A104859,47022
A100528,47022
A100182,47022
A104947,47022
A105590,47023
A106702,47023
A101219,47023
A105205,47023
A105566,47023
A104339,47024
A107247,47024
A104610,47024
A104365,47024
A100107,47024
A104307,47024
A104392,47025
A101769,47025
A106565,47025
A103050,47025
A100663,47025
A102600,47025
A106126,47026
A107099,47026
A105782,47026
A103434,47027
A107189,47027
A101252,47027
A105075,47027
A100288,47028
A104790,47028
A102136,47028
A106721,47028
A105583,47028
A101299,47028
A106376,47029
A105174,47029
A102924,47029
A106637,47029
A105078,47029
A101311,47029
A105044,47030
A104779,47030
A105635,47030
A105029,47031
A100258,47031
A106900,47031
A104047,47031
A103143,47031
A102683,47031
A102369,47032
A106994,47032
A100813,47032
A105340,47032
A105621,47032
A103315,47032
A101994,50756
A105653,50756
A100550,50756
A102861,50757
A104370,50757
A106485,50757
A100583,50757
A104940,50757
A106527,50758
A104346,50758
A106413,50758
A102293,50758
A103835,50758
A106996,50759
A100040,50759
A103658,50759
A101646,50759
A106685,50759
A105427,50759
A103358,50760
A105659,50760
A107045,50760
A101264,50760
A106414,50760
A102844,50760
A102843,50761
A100407,50761
A106365,50761
A101451,50761
A100852,50762
A104597,50762
A100394,50762
A103488,50762
A106141,50762
A102402,50762
A105721,51971
A105194,51971
A100773,51971
A105944,51971
A102502,51972
A103983,51972
A106155,51972
A101518,51972
A105131,51972
A104931,51973
A104922,51973
A104804,51973
A101144,51973
A107144,51973
A100298,51973
A106027,51974
A104720,51974
A100047,51974
A107162,51974
A102197,51974
A103527,51974
A106375,51975
A104271,51975
A102992,51975
A105786,51976
A104793,51976
A104805,51976
A102268,51976
A104160,51976
A103910,51976
A101218,51977
A103160,51977
A105142,51977
A105274,51977
A105298,51977
A105196,53677
A101922,53677
A105804,53677
A101417,53677
A104651,53677
A106122,53677
A101279,53678
A103421,53678
A105636,53678
A102319,53678
A100331,53679
A105473,53679
A104770,53679
A105711,53679
A105622,53679
A104895,53679
A101504,53680
A102134,53680
A102599,53680
A107208,53680
A101870,53681
A106583,53681
A100951,53681
A106890,53682
A105385,53682
A102255,53682
A101958,53682
A102868,53682
A104494,53682
A105924,59917
A102577,59917
A103464,59917
A104644,59918
A101561,59918
A104766,59918
A105693,59919
A100693,59919
A106931,59919
A104163,59919
A105159,59919
A101306,59919
A106473,59920
A104920,59920
A104412,59920
A105512,59920
A107265,59921
A106941,59921
A104355,59921
A105567,59921
A101185,59921
A101418,59921
A107233,59922
A105350,59922
A106017,59922
A103271,59922
A104975,59923
A101892,59923
A101161,59923
A104831,59924
A106348,59924
A100076,59924
A104559,59924
A104087,59924
A100146,59925
A100895,59925
A100987,59925
A106835,59925
A102261,59925
A104469,59925
A106980,59926
A102426,59926
A102955,59926
A102663,59926
A105890,59926
A102791,59927
A104521,59927
A102721,59927
A105355,59927
A106123,59928
A103443,59928
A104265,59928
A104548,59928
A105925,59928
A105249,59928
A102192,68999
A106091,68999
A100551,68999
A104301,68999
A100121,68999
A106325,69000
A103182,69000
A101835,69000
A100161,69000
A106100,69000
A103648,69001
A102550,69001
A104275,69001
A100650,69001
A105152,69001
A104930,69001
A101282,69002
A104220,69002
A105185,69002
A105520,69002
A105346,69002
A106069,69003
A101952,69003
A101609,69003
A100713,69003
A104489,69003
A101031,69003
A103689,69004
A107100,69004
A103486,69004
A106477,69004
A105791,69004
A100749,69005
A106163,69005
A105056,69005
A100699,69006
A102185,69006
A101649,69006
A101471,69006
A100419,69006
A100891,69006
A102621,69007
A106125,69007
A104293,69007
A106261,69008
A100781,69008
A100402,69008
A107235,70269
A104425,70269
A103913,70269
A105491,70269
A100612,70269
A100783,70270
A101283,70270
A105655,70270
A106977,70270
A103161,70271
A101705,70271
A100416,70271
A103418,70272
A101872,70272
A105831,70272
A104824,70273
A100510,70273
A105059,70273
A104739,70274
A106491,70274
A104667,70274
A102595,70274
A107117,70275
A105032,70275
A106947,70275
A104193,70275
A103593,70276
A102132,70276
A102103,70276
A105772,70277
A106231,70277
A101258,70277
A102969,70277
A102072,70278
A100211,70278
A105877,70278
A106140,70278
A102987,70279
A103705,70279
A105645,70279
A105115,70279
A105214,76461
A106877,76461
A100023,76461
A103715,76461
A101316,76461
A103012,76461
A100689,76462
A104130,76462
A104173,76462
A104501,76463
A103522,76463
A105418,76463
A106862,76463
A103872,76464
A100886,76464
A105096,76464
A105712,76464
A103743,76464
A103465,76464
A101188,76465
A106963,76465
A104258,76465
A101107,76465
A102336,76465
A102845,76466
A105301,76466
A100420,76466
A106399,76466
A100350,76466
A104171,76467
A100730,76467
A106387,76467
A104356,76467
A105150,76468
A100243,76468
A102317,76468
A102431,76469
A106266,76469
A101939,76469
A104702,76469
A100405,76470
A102608,76470
A105347,76470
A102937,76470
A103419,76470
A103704,76471
A101346,76471
A102424,76471
A106739,76472
A102121,76472
A106482,76472
A103059,83499
A101473,83499
A102860,83499
A104621,83499
A102560,83499
A100894,83500
A104366,83500
A105705,83500
A105747,83500
A103926,83500
A102506,83500
A104270,83501
A106895,83501
A102835,83501
A101382,83501
A103069,83501
A102107,83501
A106654,83502
A105188,83502
A103322,83502
A105923,83502
A101997,83503
A105928,83503
A101192,83503
A106186,83504
A100698,83504
A106976,83504
A102700,83504
A107268,83505
A101063,83505
A104233,83505
A100546,83506
A103387,83506
A103546,83506
A102983,83506
A103023,83506
A101464,14490
A102688,14490
A101808,14490
A103336,14491
A100315,14491
A104212,14491
A105991,14492
A107150,14492
A103053,14492
A106245,14492
A103261,14492
A106222,14493
A105266,14493
A105641,14493
A106894,14493
A103751,14493
A103963,14493
A101576,14494
A103674,14494
A100938,14494
A104869,14494
A101008,14494
A105262,14495
A104095,14495
A106203,14495
A105884,14496
A106118,14496
A102333,14496
A104885,14496
A103411,14496
A102938,14497
A101594,14497
A105546,14497
A101399,14498
A100944,14498
A105155,14498
A102650,14498
A106202,14498
A100666,14498
A102804,20820
A106723,20820
A106802,20820
A103010,20820
A106264,20820
A103650,20820
A103975,20821
A107255,20821
A104946,20821
A104243,20822
A105966,20822
A100217,20822
A103304,20822
A102674,20822
A104606,20822
A106590,20823
A100772,20823
A103045,20823
A106308,20823
A101330,20823
A100365,20824
A100412,20824
A103964,20824
A104765,20824
A101256,20824
A106459,20824
A100860,20825
A103372,20825
A106041,20825
A101514,20825
A101005,20826
A106297,20826
A100637,20826
A100877,20826
A104748,20826
A104000,20826
A106605,20827
A105892,20827
A102068,20827
A106523,20827
A106538,20828
A104836,20828
A105137,20828
A100469,20828
A103932,20828
A102394,20829
A102822,20829
A101428,20829
A104998,20829
A101066,20829
A104351,20829
A103854,20830
A106286,20830
A106478,20830
A104260,20830
A104898,20830
A100276,20830
A106423,26313
A105965,26313
A101089,26313
A106772,26313
A106591,26313
A100933,26313
A106978,26314
A104429,26314
A101637,26314
A104844,26314
A105976,26314
A101291,26315
A103883,26315
A103341,26315
A100019,26315
A101886,26315
A106218,26316
A106572,26316
A101666,26316
A104554,26316
A104634,26317
A100817,26317
A100807,26317
A105625,26318
A103641,26318
A104670,26318
A107187,26318
A105633,26318
A104470,26319
A105119,26319
A102422,26319
A101558,26319
A106454,26319
A104625,26319
A102657,26320
A106383,26320
A105364,26320
A100205,26320
A100646,53285
A101881,53285
A100576,53285
A106676,53285
A100129,53285
A103654,53285
A102602,53286
A107055,53286
A104712,53286
A100313,53286
A103619,53286
A105378,53286
A101432,53287
A104996,53287
A105111,53287
A101236,53287
A102890,53287
A103696,53288
A104353,53288
A100303,53288
A103347,53289
A104332,53289
A101878,53289
A106499,53289
A103229,53289
A103758,53289
A103718,53290
A105848,53290
A105192,53290
A104876,53290
A104027,53290
A104728,53291
A101799,53291
A105908,53291
A106880,53291
A105753,53292
A100033,53292
A106804,53292
A101767,53292
A106450,53292
A105047,53292
A107009,53293
A103125,53293
A103711,53293
A103067,53293
A106139,53495
A100522,53495
A104329,53495
A103539,53495
A100945,53495
A103784,53496
A106567,53496
A102758,53496
A103826,53496
A107196,53496
A106169,53497
A103219,53497
A101651,53497
A100645,53497
A103993,53497
A103765,53498
A100465,53498
A103695,53498
A102065,53498
A106695,53498
A106985,53499
A102684,53499
A102248,53499
A101133,53499
A102450,53499
A106838,53500
A105981,53500
A100703,53500
A101734,53501
A103084,53501
A106726,53501
A106217,53501
A103243,53502
A105880,53502
A103646,53502
A101955,53503
A105874,53503
A106713,53503
A104807,53503
A101611,53504
A102627,53504
A106675,53504
A100162,53504
A100887,53504
A102280,53504
A104167,57094
A102273,57094
A105195,57094
A104984,57094
A102568,57094
A100871,57094
A100153,57095
A104273,57095
A107010,57095
A105021,57095
A106899,57096
A105532,57096
A105339,57096
A103966,57096
A107107,57096
A107013,57096
A102364,57097
A106915,57097
A102775,57097
A101562,57097
A103479,57097
A100504,57097
A105431,57098
A102623,57098
A106912,57098
A101041,57098
A101556,57098
A106703,57098
A100819,57099
A104671,57099
A100328,57099
A104285,57100
A100592,57100
A101436,57100
A100726,58154
A104061,58154
A101923,58154
A102417,58154
A105541,58154
A106603,58155
A101583,58155
A103643,58155
A106956,58155
A102199,58156
A106324,58156
A105257,58156
A104742,58156
A102681,58156
A101364,58156
A102551,58157
A102515,58157
A101531,58157
A100977,58157
A102487,58158
A104505,58158
A104735,58158
A106906,58158
A107115,58158
A102087,58159
A106939,58159
A104159,58159
A102007,58159
A105838,58159
A107145,58160
A106132,58160
A106031,58160
A102217,58160
A105495,58160
A104314,58160
A105294,59084
A104331,59084
A103736,59084
A102150,59084
A101088,59084
A103289,59085
A103299,59085
A107124,59085
A101461,59085
A102031,59085
A100199,59085
A105597,59086
A106525,59086
A105776,59086
A105328,59086
A102745,59086
A103953,59087
A107207,59087
A101882,59087
A102715,59087
A103785,59087
A100983,59088
A103912,59088
A102971,59088
A103223,59088
A100492,59088
A101450,59088
A104416,59089
A105399,59089
A105109,59089
A107071,59089
A100459,59089
A102910,59090
A101598,59090
A107232,59090
A102435,59090
A101302,59090
A102603,59091
A100828,59091
A105768,59091
A105419,59091
A100115,59091
A104791,59092
A103432,59092
A101643,59092
A103941,59092
A102687,63791
A102652,63791
A105322,63791
A101375,63792
A102306,63792
A100430,63792
A100411,63792
A105893,63793
A106274,63793
A106579,63793
A105836,63793
A107136,63793
A105099,63794
A102748,63794
A101136,63794
A103918,63795
A103850,63795
A105738,63795
A104090,63795
A101904,63796
A104055,63796
A102145,63796
A104120,63796
A106456,63797
A106608,63797
A104084,63797
A102160,63797
A100688,63798
A102731,63798
A105501,63798
A106549,63798
A100556,63798
A106214,63798
A102815,64856
A100200,64856
A101914,64856
A105879,64856
A100275,64856
A104630,64857
A100014,64857
A103254,64857
A104571,64857
A102414,64857
A105609,64858
A102659,64858
A105054,64858
A107089,64859
A101785,64859
A105356,64859
A102483,64859
A100108,64860
A103771,64860
A104110,64860
A103492,64860
A101786,64860
A102298,64861
A100496,64861
A102997,64861
A101568,64861
A102693,13099
A103257,13099
A103213,13099
A104451,13099
A104326,13099
A106951,13100
A102710,13100
A102379,13100
A104263,13100
A101843,13101
A105969,13101
A106743,13101
A100602,13101
A101742,13101
A104609,13102
A102654,13102
A106869,13102
A101920,13103
A100050,13103
A105993,13103
A101605,13103
A106998,13104
A106787,13104
A100027,13104
A106531,13104
A105603,13104
A102037,14589
A106569,14589
A104041,14589
A106592,14590
A103568,14590
A103052,14590
A106846,14591
A101368,14591
A104427,14591
A106950,14591
A104959,14591
A106121,14592
A101435,14592
A101579,14592
A100176,14592
A104122,14593
A103472,14593
A102466,14593
A106848,14593
A100114,14593
A102046,14593
A102636,14594
A103485,14594
A106358,14594
A106076,22948
A102411,22948
A101999,22948
A106897,22949
A105448,22949
A101013,22949
A104533,22949
A104997,22949
A102484,22950
A104070,22950
A100343,22950
A107213,22950
A101487,22950
A106927,22950
A105740,22951
A106113,22951
A100283,22951
A102873,22951
A100125,22951
A100978,22951
A102305,22952
A102823,22952
A103924,22952
A104394,22952
A106776,22952
A102475,22952
A104481,22953
A100150,22953
A106822,22953
A101820,22953
A104646,22953
A101550,22954
A104422,22954
A100444,22954
A104529,22954
A101559,22955
A104592,22955
A105272,22955
A104709,22956
A101839,22956
A104013,22956
A101927,22956
A105423,22956
A105564,22957
A100869,22957
A106422,22957
A103582,22957
A106807,22957
A103523,22957
A103657,22958
A105332,22958
A102882,22958
A103722,28120
A100753,28120
A104704,28120
A106207,28121
A104957,28121
A105097,28121
A100043,28121
A101894,28121
A104208,28121
A104890,28122
A105277,28122
A102620,28122
A103549,28122
A101838,28122
A106775,28122
A100955,28123
A105458,28123
A101661,28123
A100489,28124
A105088,28124
A106340,28124
A102366,28125
A103302,28125
A106318,28125
A102869,28125
A101906,28126
A104662,28126
A101239,28126
A104080,28126
A103806,28127
A105416,28127
A101974,28127
A101293,28127
A107200,28127
A104139,28128
A100831,28128
A101706,28128
A105871,30268
A101015,30268
A106577,30268
A103892,30268
A105462,30269
A105466,30269
A100779,30269
A100906,30270
A105860,30270
A100204,30270
A103898,30270
A101294,30270
A100134,30270
A104204,30271
A104835,30271
A107008,30271
A102908,30271
A101322,30272
A105714,30272
A102672,30272
A106999,30272
A101247,30272
A105114,30272
A105728,30273
A100584,30273
A103571,30273
A102349,30273
A100452,30273
A103031,30273
A103466,30274
A104473,30274
A101369,30274
A106389,30274
A103508,30274
A101085,30274
A106149,30275
A106309,30275
A104509,30275
A105046,30275
A100605,30275
A105436,30276
A100930,30276
A107259,30276
A102892,30276
A100443,30276
A103914,30276
A100771,30277
A105807,30277
A102382,30277
A107168,30277
A103958,30277
A107066,30278
A105862,30278
A103101,30278
A104602,30772
A101309,30772
A102870,30772
A104241,30773
A106669,30773
A105005,30773
A102169,30773
A103442,30774
A103609,30774
A104295,30774
A100068,30774
A105600,30775
A102851,30775
A104797,30775
A103256,30775
A103233,30775
A101494,30776
A100986,30776
A103174,30776
A100829,30777
A107142,30777
A104620,30777
A103944,30777
A101569,30778
A104648,30778
A102140,30778
A103905,30778
A100340,41362
A100728,41362
A100290,41362
A106746,41362
A104404,41363
A106792,41363
A100011,41363
A103598,41364
A104121,41364
A100170,41364
A101996,41364
A102252,41365
A103906,41365
A104565,41365
A103933,43023
A101459,43023
A103077,43023
A104302,43023
A100461,43023
A101286,43023
A106431,43024
A101862,43024
A104468,43024
A107056,43024
A105359,43024
A103692,43024
A105379,43025
A104747,43025
A105834,43025
A102762,43025
A103310,43025
A100568,43025
A103597,43026
A105785,43026
A105948,43026
A101385,43026
A101358,43026
A103259,43027
A101858,43027
A101026,43027
A100596,43028
A101714,43028
A106038,43028
A103270,43028
A101391,43029
A101457,43029
A101695,43029
A100354,43029
A101645,43029
A100824,58735
A100907,58735
A104839,58735
A106715,58735
A101630,58735
A105344,58736
A107019,58736
A101740,58736
A104777,58736
A105725,58736
A100356,58736
A101019,58737
A101155,58737
A103945,58737
A103972,58738
A104354,58738
A105093,58738
A101006,58738
A106563,58739
A103554,58739
A103709,58739
A100979,58739
A107166,58739
A101157,58740
A100451,58740
A107226,58740
A100823,58740
A104300,58741
A105035,58741
A105438,58741
A102407,58741
A104012,58741
A104569,58741
A100445,58742
A103981,58742
A106406,58742
A103076,58743
A105792,58743
A100044,58743
A100314,58743
A101753,77125
A100164,77125
A100904,77125
A106666,77125
A107250,77126
A107266,77126
A103039,77126
A106090,77126
A101962,77126
A105444,77127
A106957,77127
A100025,77127
A101278,77127
A100183,77128
A100793,77128
A106049,77128
A103241,77129
A105017,77129
A101187,77129
A107017,77130
A100391,77130
A101758,77130
A106710,77130
A102524,77131
A101439,77131
A100738,77131
A103423,77131
A100077,77131
A101937,77132
A103726,77132
A104493,77132
A103698,77132
A104710,77132
A102531,21477
A104566,21477
A105002,21477
A103140,21477
A103622,21477
A101210,21477
A105821,21478
A104282,21478
A101431,21478
A104553,21479
A102165,21479
A100333,21479
A106850,21479
A105842,21479
A104174,21479
A104908,21480
A100156,21480
A104199,21480
A105291,21480
A106504,21480
A106578,21481
A105919,21481
A105523,21481
A103047,21481
A100166,21481
A104045,21481
A100006,21482
A100392,21482
A102244,21482
A105428,21482
A106810,21482
A100527,21483
A105972,21483
A103192,21483
A100195,21483
A104040,21483
A102833,21483
A106933,21484
A102750,21484
A106774,21484
A105639,21484
A103556,21484
A102909,21484
A101682,21485
A105784,21485
A101948,21485
A102050,53341
A102304,53341
A105585,53341
A100761,53342
A106922,53342
A100768,53342
A101077,53342
A106360,53342
A100358,53342
A105420,53343
A100203,53343
A101308,53343
A102241,53343
A106083,53343
A100916,53344
A104968,53344
A100414,53344
A102569,53344
A101532,53344
A105608,53345
A101393,53345
A100088,53345
A102692,53346
A106032,53346
A105937,53346
A107175,53347
A102341,53347
A106934,53347
A104478,53347
A102586,53348
A107037,53348
A105117,53348
A101022,53349
A100207,53349
A104340,53349
A106146,53349
A100408,53349
A102930,53350
A104125,53350
A106013,53350
A105401,56155
A101766,56155
A104992,56155
A102805,56155
A100359,56156
A100618,56156
A101195,56156
A100251,56156
A105762,56156
A104617,56156
A101037,56157
A103275,56157
A106093,56157
A100790,56157
A104631,56157
A106034,56157
A103830,56158
A104222,56158
A101683,56158
A101505,56158
A100149,56158
A103890,56159
A105898,56159
A105252,56159
A104154,56159
A105480,56160
A101081,56160
A102464,56160
A107030,56160
A102617,56160
A107130,56160
A101738,56161
A103321,56161
A105947,56161
A103066,56161
A103734,56161
A106369,56161
A100539,56162
A103009,56162
A100274,56162
A106201,56163
A105915,56163
A103633,56163
A100008,56163
A102772,56163
A106120,56163
A106290,64726
A105749,64726
A101885,64726
A103281,64726
A107086,64726
A103239,64727
A102728,64727
A102669,64727
A101635,64727
A102713,64727
A101840,64727
A103176,64728
A106871,64728
A106492,64728
A103277,64728
A106704,64728
A106238,64729
A102392,64729
A101342,64729
A105486,64729
A103224,64729
A105524,64730
A106621,64730
A101001,64730
A102053,64731
A106594,64731
A106641,64731
A102133,64731
A103356,64732
A103968,64732
A105778,64732
A106455,64732
A102108,64732
A100834,64733
A105247,64733
A102917,64733
A106268,64733
A105014,64733
A100218,64733
A101105,64734
A103808,64734
A106793,64734
A106708,64734
A105090,64734
A106430,64734
A106858,64735
A105870,64735
A100927,64735
A100214,64735
A103903,64735
A106534,72263
A102009,72263
A102294,72263
A103591,72263
A101090,72263
A100558,72263
A102644,72264
A102581,72264
A106275,72264
A103162,72265
A106283,72265
A104234,72265
A104001,72265
A103238,72265
A106401,72265
A102361,72266
A100569,72266
A105408,72266
A104769,72267
A106913,72267
A106904,72267
A100261,72267
A102127,72267
A103971,72268
A106712,72268
A101713,72268
A104928,72268
A101591,72268
A107172,72269
A106974,72269
A101098,72269
A104358,72269
A103683,72269
A102315,72270
A102275,72270
A104299,72270
A103108,72271
A102389,72271
A106339,72271
A104691,72271
A101551,72271
A106653,72271
A100625,72272
A106607,72272
A101143,72272
A102519,72273
A106865,72273
A100590,72273
A102677,72273
A101273,72273
A101652,72273
A101790,73671
A104972,73671
A106253,73671
A101339,73671
A103319,73671
A105432,73671
A105912,73672
A105095,73672
A102880,73672
A106079,73673
A105028,73673
A103248,73673
A104653,73673
A106029,73674
A103340,73674
A106061,73674
A101053,73674
A101253,73674
A100361,73675
A102718,73675
A106867,73675
A102156,73675
A101589,73675
A101274,73675
A106629,73676
A103961,73676
A102496,73676
A105440,73676
A104802,73676
A104069,73676
A103820,73677
A101943,73677
A104262,73677
A102838,73678
A102797,73678
A105770,73678
A102122,73678
A101340,73679
A104099,73679
A103214,73679
A102432,73679
A105336,73679
A100981,73680
A101664,73680
A105867,73680
A104311,73680
A105229,73681
A102027,73681
A103119,73681
A104500,73681
A103133,73681
A106929,53791
A103139,53791
A100795,53791
A105351,53791
A106697,53791
A104455,53791
A101055,53792
A103620,53792
A101125,53792
A104624,53792
A103818,53792
A105651,53792
A103868,53793
A100609,53793
A101139,53793
A101969,53794
A105584,53794
A101781,53794
A105306,53795
A105577,53795
A104693,53795
A100763,53795
A106479,53796
A106370,53796
A100379,53796
A103639,53796
A103846,53797
A104826,53797
A100952,53797
A105670,53797
A100032,53797
A104883,53798
A104744,53798
A104010,53798
A106791,80960
A106157,80960
A106270,80960
A103759,80960
A105510,80960
A101770,80960
A101854,80961
A103165,80961
A101688,80961
A103096,80962
A106098,80962
A100406,80962
A102128,80962
A101842,80963
A104950,80963
A103954,80963
A104604,80964
A106205,80964
A105794,80964
A102180,80964
A102292,80964
A106707,80964
A102682,80965
A104906,80965
A104729,80965
A106500,80966
A102606,80966
A103632,80966
A102225,80966
A100967,52501
A102740,52501
A105485,52501
A107131,52501
A100757,52501
A100174,52501
A106765,52502
A102047,52502
A100995,52502
A105189,52502
A106296,52502
A100889,52503
A105163,52503
A104372,52503
A103004,52503
A103724,52503
A102809,52504
A104165,52504
A103772,52504
A104391,52504
A105562,52504
A100198,52504
A105479,52505
A101662,52505
A100662,52505
A100179,52505
A100709,52505
A100838,52505
A106828,52506
A104112,52506
A100442,52506
A100380,52506
A100320,52506
A106298,52506
A100806,52507
A102260,52507
A107040,52507
A105279,52507
A104074,52508
A101509,52508
A104832,52508
A100360,52508
A100100,52508
A106911,52508
A106782,52509
A101434,52509
A104537,52509
A104993,52509
A102120,52510
A102358,52510
A106798,52510
A105942,52510
A101721,52510
A104527,52510
A105500,60675
A100280,60675
A103908,60675
A100993,60675
A105027,60676
A102523,60676
A106979,60676
A100189,60676
A101571,60677
A102277,60677
A104375,60677
A104225,60678
A106785,60678
A102388,60678
A101871,60678
A102371,60678
A104943,60679
A106673,60679
A105883,60679
A107011,60679
A103137,60679
A101315,60679
A104287,60680
A101931,60680
A105469,60680
A103789,60680
A105456,60680
A105589,60681
A101940,60681
A100325,60681
A105182,60681
A104821,60681
A106699,60682
A102939,60682
A103109,60682
A104467,60683
A102059,60683
A103708,60683
A104251,60683
A102377,60683
A105889,60684
A103291,60684
A101235,60684
A104954,60684
A103107,60684
A101458,60685
A102509,60685
A106075,60685
A106115,60685
A106738,60685
A104134,60685
A102084,60686
A103655,60686
A101698,60686
A103130,60686
A105934,60687
A104497,60687
A101981,60687
A102695,60687
A105701,60687
A106278,60687
A100833,32222
A100879,32222
A106724,32222
A102286,32222
A105226,32222
A100503,32222
A100767,32223
A103282,32223
A101782,32223
A101489,32223
A105920,32223
A104376,32224
A105362,32224
A104755,32224
A101456,32224
A104016,32224
A101186,32225
A105729,32225
A100985,32225
A102276,32225
A101377,32225
A104168,32225
A106272,32226
A101388,32226
A100228,32226
A106092,32226
A107159,32226
A102609,32226
A102033,61193
A100422,61193
A101131,61193
A105576,61193
A103783,61193
A104789,61194
A105270,61194
A101506,61194
A103346,61194
A106616,61195
A100257,61195
A106679,61195
A105437,61195
A107256,61196
A104855,61196
A106247,61196
A106148,61196
A100604,61196
A102010,61196
A107094,61197
A103177,61197
A100634,61197
A103204,61197
A104703,61198
A105464,61198
A101538,61198
A105375,61198
A105297,61198
A105591,61198
A102556,61199
A105048,61199
A103792,61199
A104697,61200
A101844,61200
A103180,61200
A100691,61200
A100122,61200
A105471,72762
A105691,72762
A100905,72762
A106986,72762
A103745,72762
A104558,72762
A100630,72763
A105413,72763
A102001,72763
A103731,72763
A104987,72763
A101727,72763
A104788,72764
A101396,72764
A105941,72764
A102776,72764
A100808,72764
A100543,72764
A106711,72765
A106330,72765
A100432,72765
A106204,72765
A103838,72766
A102947,72766
A101086,72766
A106889,72766
A105634,72766
A105910,72766
A103836,72767
A102818,72767
A105990,72767
A101271,72768
A103408,72768
A102242,72768
A106277,72768
A102456,72769
A105041,72769
A103656,72769
A106508,72769
A104979,72769
A105613,72770
A106026,72770
A106162,72770
A104491,72771
A100069,72771
A106671,72771
A104435,72771
A101924,72771
A102441,72771
A106768,72772
A101017,72772
A106981,72772
A104449,79772
A104474,79772
A103017,79772
A101181,79772
A103487,79772
A100607,79772
A104390,79773
A107191,79773
A106177,79773
A100516,79774
A104002,79774
A102900,79774
A103601,79774
A101162,79775
A106647,79775
A105940,79775
A103579,79775
A102352,79775
A106971,79775
A101112,79776
A102019,79776
A102034,79776
A105598,79776
A101851,79777
A103425,79777
A103144,79777
A103940,4013
A101228,4013
A101350,4013
A103178,4013
A101796,4013
A101829,4013
A100624,4014
A102719,4014
A106651,4014
A104239,4014
A105905,4014
A102079,4015
A105228,4015
A105062,4015
A100318,4015
A106134,4015
A102082,4016
A101362,4016
A107034,4016
A105986,4016
A107138,4016
A106692,4016
A104891,4017
A102858,4017
A105876,4017
A107119,4018
A103210,4018
A105845,4018
A101479,4018
A105961,4018
A106760,4019
A101691,4019
A103484,4019
A107087,4019
A104994,4019
A101361,4019
A103757,4020
A103960,4020
A103876,4020
A101189,4020
A104639,4020
A101667,4021
A105553,4021
A104616,4021
A102680,4021
A100557,4021
A102343,4021
A105387,4022
A104679,4022
A103019,4022
A104778,4023
A103462,4023
A105556,4023
A104172,4024
A100471,4024
A103028,4024
A102396,4024
A101153,4025
A104525,4025
A104104,4025
A105832,4025
A105680,4025
A102902,64068
A103943,64068
A100061,64068
A104768,64068
A106197,64069
A106300,64069
A100423,64069
A105989,64070
A104659,64070
A102055,64070
A106701,64070
A101072,64070
A101242,64070
A106918,64071
A101344,64071
A102541,64071
A106048,64072
A103491,64072
A104140,64072
A104157,64073
A104586,64073
A102355,64073
A100507,64073
A104985,64073
A103837,64073
A104811,64074
A106195,64074
A100168,64074
A105558,64074
A101386,64075
A104851,64075
A106968,64075
A100324,64075
A104377,64075
A106036,64076
A102154,64076
A103208,64076
A105290,64077
A103170,64077
A101715,64077
A107021,33997
A106451,33997
A102648,33997
A106402,33997
A105936,33997
A105939,33998
A104632,33998
A101406,33998
A102066,33999
A100403,33999
A103555,33999
A101454,33999
A103937,33999
A106315,34000
A103489,34000
A101124,34000
A104743,34000
A104593,34000
A100565,34001
A106020,34001
A102110,34001
A103132,34001
A104444,34001
A102779,34002
A107253,34002
A106170,34002
A104657,34002
A100642,34002
A105388,34002
A100346,34003
A103514,34003
A101534,34003
A100429,34003
A103399,34004
A105922,34004
A104514,34004
A101341,34004
A102784,34005
A102613,34005
A106574,34005
A105259,34005
A103403,34005
A101109,34005
A104814,34006
A106644,34006
A107222,34006
A102152,34006
A105573,34007
A104343,34007
A105045,34007
A105304,34007
A101831,34008
A102457,34008
A106930,34008
A103377,34008
A103098,34009
A101816,34009
A105702,34009
A104818,34010
A103748,34010
A100890,34010
A104411,34010
A102903,34010
A106969,34010
A102173,34011
A104799,34011
A101419,34011
A103935,34011
A103725,65423
A100229,65423
A105245,65423
A100972,65423
A102320,65423
A100133,65423
A102839,65424
A106840,65424
A100509,65424
A103581,65424
A102164,65425
A101232,65425
A106408,65425
A104942,65425
A103308,65426
A105796,65426
A106071,65426
A103822,65426
A106851,65426
A105231,65426
A102837,65427
A106144,65427
A105808,65427
A102866,65427
A100573,65427
A106215,65428
A103880,65428
A102720,65428
A106293,65428
A100821,65428
A107190,65428
A101196,65429
A106784,65429
A100017,65429
A105098,65429
A103773,65429
A102287,65430
A105779,65430
A105335,65430
A101463,65431
A102495,65431
A102572,65431
A107154,65431
A103548,65431
A104462,65431
A100481,65432
A100105,65432
A106581,65432
A103786,65432
A100853,65432
A106133,65433
A104187,65433
A100737,65433
A104576,65433
A105540,65434
A106258,65434
A103255,65434
A105793,65435
A106104,65435
A101446,65435
A103290,65435
A105227,65435
A102429,65435
A102632,383
A102446,383
A107088,383
A100120,383
A101002,383
A105957,384
A100013,384
A103969,384
A106015,384
A101444,384
A101636,385
A103949,385
A104980,385
A104457,385
A101007,385
A103728,385
A100676,386
A105607,386
A103369,386
A106615,386
A103929,386
A104126,387
A100896,387
A100802,387
A104937,387
A106670,387
A105122,387
A102696,388
A107068,388
A106269,388
A102486,388
A105006,388
A107129,389
A100154,389
A105040,389
A103735,389
A103413,390
A104252,390
A106183,390
A101481,390
A105571,390
A107149,390
A104291,391
A107197,391
A102559,391
A104589,391
A106262,391
A100632,391
A106287,392
A103378,392
A102921,392
A103460,393
A104423,393
A101784,393
A105394,393
A103635,394
A102565,394
A105644,394
A106992,394
A106797,394
A103980,394
A100762,6361
A104078,6361
A100818,6361
A106003,6361
A100883,6361
A102406,6362
A105690,6362
A104152,6362
A106919,6362
A104598,6362
A107174,6363
A102699,6363
A105592,6363
A102256,6363
A100341,6363
A105605,6364
A102138,6364
A106095,6364
A106562,6365
A106448,6365
A103506,6365
A100677,6365
A102012,6365
A102099,6365
A105269,6366
A102005,6366
A103700,6366
A100964,6366
A101549,6366
A100081,6367
A105276,6367
A105849,6367
A106427,6368
A104705,6368
A104963,6368
A102384,6369
A106988,6369
A102332,6369
A102691,6369
A107039,6369
A107202,6369
A103788,6370
A102877,6370
A102083,6370
A105977,6370
A100087,6370
A101607,6371
A102202,6371
A107072,6371
A102468,6371
A101679,6372
A107227,6372
A100293,6372
A106397,6372
A100334,6372
A102189,9446
A103500,9446
A106696,9446
A104837,9446
A104447,9447
A103313,9447
A105973,9447
A100541,9447
A104008,9448
A105490,9448
A104137,9448
A102739,9448
A100073,9448
A103652,9449
A106435,9449
A106229,9449
A104081,9449
A102035,9450
A101696,9450
A100839,9450
A102437,9451
A104874,9451
A102077,9451
A104405,9452
A107114,9452
A101536,9452
A101043,9452
A100899,9452
A107140,9616
A105138,9616
A103269,9616
A106421,9616
A101493,9616
A101310,9616
A100980,9617
A104822,9617
A103939,9617
A106351,9618
A104177,9618
A105676,9618
A102737,9618
A103853,9618
A104629,9619
A106771,9619
A104652,9619
A104750,9619
A100259,9620
A105743,9620
A105806,9620
A102817,9621
A107242,9621
A102796,9621
A101723,9621
A103875,9621
A106145,9622
A103040,9622
A103663,9622
A104605,9622
A105190,9622
A102061,9623
A105151,9623
A106520,9623
A106657,9623
A100177,9623
A101933,9623
A101608,9624
A101656,9624
A103844,9624
A103897,9624
A106770,9625
A102149,9625
A102449,9625
A103209,9625
A104536,9626
A102686,9626
A105057,9626
A105126,9626
A104877,10580
A103573,10580
A104007,10580
A101466,10580
A106908,10580
A100727,10581
A100437,10581
A100571,10581
A102323,10581
A104628,10581
A105811,10582
A104368,10582
A100913,10582
A102166,10582
A103887,10583
A105601,10583
A103978,10583
A101118,10583
A104476,10583
A107167,10584
A106196,10584
A104244,10584
A103228,10584
A102182,10584
A105815,10584
A102303,10585
A103827,10585
A103232,10585
A102386,10585
A106533,10585
A104549,10586
A103537,10586
A105389,10586
A104731,10586
A104231,10586
A105798,16249
A103339,16249
A101156,16249
A100375,16250
A100846,16250
A102574,16250
A106542,16250
A102109,16250
A105628,16250
A106741,16251
A103164,16251
A105183,16251
A102881,16252
A100715,16252
A102251,16252
A106323,16252
A101712,16253
A103756,16253
A101813,16253
A106008,16253
A106326,16254
A104656,16254
A100351,16254
A106332,16254
A106136,16254
A104991,16254
A102028,19514
A106866,19514
A104820,19514
A106613,19514
A103300,19514
A103046,19515
A101627,19515
A101768,19515
A107228,19516
A103068,19516
A105430,19516
A103948,19516
A106233,19516
A102290,19516
A107164,19517
A103612,19517
A101941,19517
A100221,19518
A106150,19518
A102119,19518
A101859,19518
A102579,19518
A104961,19519
A104294,19519
A102235,19519
A100045,19665
A101389,19665
A106200,19665
A103626,19665
A101977,19665
A106682,19665
A106814,19666
A102074,19666
A101062,19666
A106633,19666
A102619,19666
A102070,19667
A105689,19667
A106966,19667
A101954,19667
A106573,19667
A105083,19668
A100641,19668
A105300,19668
A102171,19668
A102124,19668
A103154,19668
A103172,19669
A103640,19669
A104245,19669
A102742,19669
A102161,19669
A105799,19670
A105930,19670
A106756,19670
A104036,19671
A103240,19671
A106529,19671
A101231,19671
A101644,19672
A103134,19672
A101378,19672
A100418,19672
A104064,19672
A102224,19672
A105904,22396
A103364,22396
A101593,22396
A104562,22397
A102403,22397
A104663,22397
A104882,22397
A104103,22397
A106395,22398
A104452,22398
A103885,22398
A102810,22398
A105574,22399
A100286,22399
A100514,22399
A103441,22400
A104164,22400
A103328,22400
A105736,22400
A106799,22400
A106382,22400
A100037,22401
A104833,22401
A101498,22401
A104528,22401
A104623,22401
A103821,27717
A105552,27717
A102525,27717
A102749,27717
A104626,27717
A100971,27717
A104724,27718
A103824,27718
A104005,27718
A101285,27719
A106242,27719
A103636,27719
A102964,27719
A106226,27720
A100848,27720
A103841,27720
A105353,27721
A106129,27721
A101296,27721
A103594,27722
A104903,27722
A104169,27722
A102980,27722
A100468,27722
A101420,27723
A101832,27723
A102503,27723
A104803,27723
A104396,27723
A107251,27723
A106072,27724
A106028,27724
A105718,27724
A106166,27725
A106379,27725
A105766,27725
A101486,33342
A106394,33342
A106022,33342
A105459,33342
A106524,33343
A106720,33343
A106489,33343
A103124,33343
A100219,33344
A106085,33344
A101836,33344
A103942,33344
A105663,33344
A106881,33344
A104668,33345
A100151,33345
A106843,33345
A102048,33345
A103149,33345
A100796,33345
A103225,33346
A106276,33346
A100020,33346
A106547,33346
A105962,33346
A105629,33347
A100611,33347
A107022,33347
A106826,33347
A105258,33347
A103380,33347
A101628,33348
A101502,33348
A102318,33348
A102521,33348
A100001,33349
A106490,33349
A102522,33349
A106443,33349
A105074,33349
A101834,33349
A105216,33350
A100614,33350
A100769,33350
A106062,34714
A100225,34714
A102976,34714
A100941,34714
A103326,34714
A104014,34714
A100106,34715
A101642,34715
A101572,34715
A106209,34715
A106643,34715
A103541,34715
A104939,34716
A105472,34716
A100192,34716
A106528,34716
A102834,34716
A106612,34717
A104684,34717
A104810,34717
A106158,34718
A102528,34718
A101709,34718
A100589,34718
A103482,34718
A102956,34719
A106995,34719
A102999,34719
A103998,34719
A103901,36784
A104033,36784
A104257,36784
A103503,36784
A105565,36784
A106526,36784
A104004,36785
A101452,36785
A106102,36785
A105851,36785
A103226,36785
A101584,36785
A103359,36786
A101708,36786
A100855,36786
A101616,36786
A106920,36787
A106137,36787
A100600,36787
A101367,36787
A107216,36787
A105511,36788
A102960,36788
A102864,36788
A106898,46284
A103365,46284
A100681,46284
A106175,46284
A104333,46284
A104530,46285
A103082,46285
A101847,46285
A106164,46285
A100155,46285
A106045,46286
A106210,46286
A105405,46286
A101925,46287
A105248,46287
A106964,46287
A100969,46287
A107258,46287
A105960,46287
A101261,46288
A100803,46288
A102879,46288
A105129,46288
A102533,46288
A104266,46289
A100921,46289
A107098,46289
A104815,46289
A104857,46290
A102785,46290
A101684,46290
A106830,46291
A107141,46291
A101657,46291
A101488,46291
A105502,46291
A107065,46291
A105513,50003
A104448,50003
A106718,50003
A100265,50004
A103252,50004
A103284,50004
A103295,50004
A100300,50005
A101360,50005
A105371,50005
A107160,50006
A106645,50006
A100090,50006
A105746,50007
A104647,50007
A106304,50007
A102141,50007
A103495,50007
A105790,50008
A103607,50008
A102142,50008
A105835,50008
A105519,50009
A106368,50009
A104400,50009
A103402,50009
A107231,50010
A101741,50010
A104905,50010
A101040,50010
A104413,50011
A107238,50011
A100984,50011
A105756,50012
A104502,50012
A101327,50012
A101140,50012
A103093,50947
A103680,50947
A100030,50947
A100102,50947
A103294,50948
A102893,50948
A103367,50948
A103153,50948
A106341,50949
A105354,50949
A100147,50949
A103760,50949
A100052,50949
A102095,50950
A104066,50950
A106096,50950
A103766,50950
A102536,50951
A103795,50951
A104551,50951
A105370,50952
A106905,50952
A104303,50952
A105614,50952
A106380,50952
A106740,50953
A103690,50953
A102374,50953
A100112,50953
A106227,50954
A105946,50954
A104560,50954
A102163,50954
A102633,52586
A101876,52586
A105213,52586
A101371,52586
A107091,52586
A105982,52587
A101756,52587
A101725,52587
A105239,52587
A102363,52588
A104879,52588
A101045,52588
A105675,52589
A101798,52589
A103580,52589
A105902,52590
A101780,52590
A102090,52590
A107249,52590
A106392,52591
A103001,52591
A100947,52591
A105315,52592
A100439,52592
A103305,52592
A104192,52592
A103900,52592
A100756,52593
A106982,52593
A104288,52593
A106910,52593
A100563,52594
A105612,52594
A104518,52594
A106896,52594
A104446,52594
A102984,52595
A104065,52595
A102470,52595
A102412,54324
A104817,54324
A106543,54324
A106419,54324
A100374,54325
A105149,54325
A106432,54325
A100233,54325
A103828,54325
A104960,54326
A101348,54326
A103693,54326
A102266,54327
A101990,54327
A105679,54327
A101857,54327
A106611,54328
A105121,54328
A105341,54328
A103922,54328
A106441,54328
A101749,54328
A101677,54329
A102221,54329
A102554,54329
A103779,54330
A105447,54330
A102505,54330
A103128,54331
A101166,54331
A102912,54331
A106681,54331
A102272,54331
A100668,54331
A103175,54332
A100124,54332
A100997,54332
A100031,54332
A101801,54332
A102157,54332
A102104,55203
A100673,55203
A102421,55203
A106198,55203
A100282,55203
A100780,55204
A101051,55204
A105489,55204
A106559,55205
A103042,55205
A100841,55205
A104897,55205
A104843,55205
A107002,55205
A107032,55206
A101762,55206
A100591,55206
A105105,55206
A105932,55207
A103871,55207
A100455,55207
A106731,55208
A100647,55208
A106012,55208
A106005,55208
A106795,55208
A102451,55209
A104056,55209
A105240,55209
A106077,55209
A106515,55209
A105133,55209
A106730,55210
A103103,55210
A103110,55210
A105542,55211
A103873,55211
A103249,55211
A105222,55212
A106539,55212
A100058,55212
A106417,55212
A103864,55212
A104184,55212
A105251,57619
A104319,57619
A104538,57619
A101887,57619
A102994,57619
A102755,57619
A102062,57620
A102044,57620
A100377,57620
A106878,57620
A100206,57620
A104534,57620
A101528,57621
A104563,57621
A104312,57621
A103816,57622
A100553,57622
A100956,57622
A102678,57622
A101659,57622
A102637,57622
A101050,57623
A101521,57623
A102420,57623
A106255,57623
A102576,57623
A105706,57623
A104046,57624
A101600,57624
A106761,57624
A104367,62433
A106099,62433
A104786,62433
A102461,62434
A107240,62434
A103416,62434
A104893,62434
A102841,62434
A106564,62435
A103699,62435
A103878,62435
A104128,62435
A102962,62436
A104969,62436
A105003,62436
A106598,62437
A105372,62437
A106623,62437
A106295,62437
A103345,62438
A101332,62438
A102545,62438
A101233,62438
A103136,62438
A104643,62439
A100349,62439
A100126,62439
A100893,62439
A104114,62439
A106463,62440
A104235,62440
A104635,62440
A104031,62440
A106462,62440
A106108,62440
A101868,62441
A101206,62441
A104349,62441
A105731,62441
A100940,62441
A100791,62442
A101217,62442
A105273,62442
A102488,62442
A101238,62442
A106936,62442
A107264,65700
A105162,65700
A101612,65700
A105234,65700
A105547,65700
A104194,65700
A103977,65701
A104409,65701
A106359,65701
A102302,65702
A100615,65702
A102270,65702
A100892,65703
A101853,65703
A106232,65703
A102218,65703
A104740,65704
A101203,65704
A106779,65704
A100054,65704
A101012,65704
A101039,65704
A105640,65705
A106216,65705
A101223,65705
A105012,65705
A101883,65705
A107218,65705
A100136,65706
A103389,65706
A103043,65706
A102229,65706
A104219,65707
A100975,65707
A101543,65707
A100718,65707
A101631,65707
A102707,65707
A101865,69958
A102948,69958
A100067,69958
A101230,69958
A102781,69958
A100463,69959
A102965,69959
A100884,69959
A101472,69959
A103707,69959
A100512,69959
A103198,69960
A102530,69960
A104280,69960
A106884,69960
A105265,69960
A105852,69960
A106043,69961
A103197,69961
A105897,69961
A101240,69961
A102786,69961
A101663,69961
A101468,69962
A105292,69962
A101212,69962
A102640,69963
A101208,69963
A100710,69963
A106470,69963
A101082,69963
A105630,69964
A102981,69964
A100515,69964
A101295,69964
A104927,69964
A106642,69964
A106727,69965
A104076,69965
A101289,69965
A103100,69965
A105557,69965
A103242,69966
A101023,69966
A100376,69966
A105817,69966
A103383,69966
A105887,69967
A104492,69967
A103276,69967
A102212,69967
A101044,69967
A104276,69968
A104888,69968
A102526,69968
A106050,69968
A100064,69969
A106925,69969
A106750,69969
A104424,69969
A101123,69969
A105018,69969
A103196,71251
A100990,71251
A100694,71251
A103179,71252
A107236,71252
A101060,71252
A103173,71253
A101103,71253
A107090,71253
A104771,71254
A102622,71254
A104249,71254
A103074,71255
A102404,71255
A103845,71255
A101011,71255
A103283,71255
A104296,71255
A101138,71256
A106316,71256
A106601,71256
A103200,71257
A100784,71257
A100367,71257
A101599,71257
A105496,71257
A107239,71258
A100701,71258
A105398,71258
A105818,71258
A103720,71259
A102356,71259
A104371,71259
A101560,71260
A102590,71260
A101467,71260
A106449,71260
A106686,71260
A103721,71261
A102941,71261
A106516,71261
A100131,71262
A101172,71262
A102498,71262
A100640,71262
A102246,71262
A101160,71262
A105642,72378
A103990,72378
A105280,72378
A104681,72378
A102853,72378
A104475,72379
A101805,72379
A107085,72379
A104867,72379
A103540,72379
A103263,72379
A102789,72380
A107254,72380
A103741,72380
A101078,72381
A103391,72381
A100284,72381
A107023,72381
A102723,72381
A104838,72382
A105169,72382
A103309,72382
A105493,72382
A102886,72382
A106631,72383
A105268,72383
A102159,72383
A105316,72383
A104619,72383
A103480,72384
A102237,72384
A101934,72384
A104520,72385
A106748,72385
A102102,72385
A100837,72385
A104092,72386
A100617,72386
A104432,72386
A100348,72386
A103334,72387
A106025,72387
A106184,72387
A100109,72387
A104561,72387
A105449,72387
A102245,79253
A103317,79253
A105217,79253
A106225,79253
A100048,79254
A103458,79254
A105643,79254
A100401,79255
A101154,79255
A100533,79255
A105461,79255
A106885,79255
A102816,79256
A105822,79256
A102943,79256
A102360,79256
A100396,79256
A104485,79257
A103314,79257
A104675,79257
A106471,79258
A103169,79258
A106596,79258
A100165,79258
A100863,79258
A104958,79259
A105390,79259
A104546,79259
A103526,79259
A104915,79260
A102792,79260
A106602,79260
A100942,79260
A101811,79260
A106511,79260
A103515,79261
A105067,79261
A101111,79261
A104757,79262
A104057,79262
A104161,79262
A104781,79262
A102925,79262
A102658,79263
A101491,79263
A105741,79263
A101602,79264
A105191,79264
A106836,79264
A105813,79264
A101884,79265
A101079,79265
A100994,79265
A100670,79265
A104440,79265
A100519,82472
A100393,82472
A103535,82472
A107158,82472
A100965,82472
A100902,82473
A101376,82473
A100764,82473
A106677,82473
A102605,82473
A103517,82474
A100601,82474
A103035,82474
A104848,82474
A103181,82474
A100487,82475
A101880,82475
A100268,82475
A107132,82476
A103395,82476
A101485,82476
A100559,82476
A100870,82477
A106329,82477
A103183,82477
A105617,82477
A104431,82478
A105324,82478
A103677,82478
A101265,82478
A103156,82478
A102857,82478
A104552,82479
A104277,82479
A106398,82479
A104063,82480
A103859,82480
A100598,82480
A103915,82480
A107123,82481
A100427,82481
A100338,82481
A106374,28354
A106240,28354
A100344,28354
A101104,28355
A101336,28355
A102891,28355
A104722,28355
A102289,28356
A101595,28356
A106656,28356
A101150,28356
A105611,28356
A101802,28356
A104841,28357
A101259,28357
A100685,28357
A105975,28357
A104916,28357
A100830,28357
A104017,28358
A100141,28358
A102995,28358
A104575,28358
A101334,28358
A105404,28358
A104894,28359
A101209,28359
A106650,28359
A106224,28359
A100093,28359
A104393,28360
A106004,28360
A103956,28360
A106973,28360
A104034,28361
A107063,28361
A104109,28361
A100667,28361
A103588,28361
A104360,28362
A106057,28362
A106033,28362
A101823,28362
A104858,28362
A100777,28363
A104715,28363
A105881,28363
A107248,28363
A102918,28363
A100296,28364
A103061,28364
A105123,28364
A103286,28365
A101553,28365
A100949,28365
A106481,28366
A106568,28366
A106156,28366
A102418,28366
A104896,28367
A100742,28367
A103152,28367
A100448,28367
A104578,39229
A103070,39229
A107148,39229
A104439,39230
A100775,39230
A103814,39230
A102898,39231
A102410,39231
A101510,39231
A100561,39231
A100255,39231
A100867,39232
A100094,39232
A104248,39232
A101581,39232
A103947,39232
A102774,39232
A104801,39233
A101370,39233
A106510,39233
A100002,39233
A102585,39233
A102570,39233
A104223,39234
A101830,39234
A100822,39234
A100010,39234
A103285,39234
A106521,39234
A104454,39235
A107005,39235
A103054,39235
A105697,39235
A101760,39235
A101815,39235
A106813,39236
A106873,39236
A102571,39236
A101004,39236
A102479,39236
A100347,39236
A100363,39237
A104612,39237
A106464,39237
A104118,39237
A103348,39237
A104515,39238
A102876,39238
A105984,39238
A105949,39238
A104706,49132
A101947,49132
A100362,49132
A102769,49133
A100948,49133
A101453,49133
A106094,49133
A100664,49133
A105383,49134
A100671,49134
A101003,49134
A104774,49134
A107061,49134
A103764,49134
A105726,49135
A103615,49135
A106055,49135
A103296,49136
A103907,49136
A101736,49136
A100480,49136
A104812,49136
A102454,49137
A100005,49137
A103499,49137
A105872,49137
A102381,49137
A105094,49137
A103437,78284
A105455,78284
A102704,78284
A101716,78284
A100368,78284
A104472,78285
A104268,78285
A105381,78285
A100520,78286
A103701,78286
A104132,78286
A106251,78286
A100263,78287
A103185,78287
A102913,78287
A107135,78287
A101529,78287
A100918,78287
A101448,78288
A102703,78288
A104873,78288
A103323,78289
A104328,78289
A107186,78289
A105463,78290
A101902,78290
A102442,78290
A101821,78290
A102172,78291
A101354,78291
A105241,78291
A104982,78291
A103221,78291
A102297,78292
A103194,78292
A104847,78292
A105763,78292
A106725,4136
A100369,4136
A101963,4136
A106101,4136
A100473,4137
A102649,4137
A106475,4137
A107079,4137
A100332,4137
A104123,4138
A106532,4138
A105070,4138
A105988,4138
A104162,4138
A105931,4139
A104966,4139
A100355,4139
A102906,4139
A102162,4139
A106335,4140
A106221,4140
A105963,4140
A101936,4141
A106502,4141
A104421,4141
A104330,4142
A104861,4142
A106372,4142
A106983,4142
A103681,4142
A102481,4142
A104442,4143
A103624,4143
A101567,4143
A104531,4143
A100719,4143
A102824,4143
A103577,4144
A106975,4144
A102717,4144
A100245,4144
A104690,4145
A104105,4145
A101071,4145
A102667,4145
A100466,4146
A104498,4146
A103608,4146
A107083,4146
A101915,4146
A105521,4146
A104044,4147
A102088,4147
A102458,4147
A104707,4147
A103566,14392
A103428,14392
A102227,14392
A102022,14392
A104020,14392
A105713,14393
A102339,14393
A100118,14393
A100880,14394
A104581,14394
A105230,14394
A106719,14394
A102397,14394
A106001,14394
A100792,14395
A106249,14395
A101620,14395
A104910,14396
A100190,14396
A105049,14396
A105698,14396
A106763,14396
A106440,14396
A100748,14397
A102288,14397
A105161,14397
A102974,14398
A105030,14398
A102927,14398
A104211,14398
A103842,14398
A106736,14398
A105144,14399
A104677,14399
A104568,14399
A103664,14400
A102492,14400
A102535,14400
A103386,14400
A101263,14400
A101702,22677
A106935,22677
A105505,22677
A103246,22677
A103529,22677
A106415,22677
A104495,22678
A102476,22678
A100085,22678
A105516,22678
A100273,22678
A105967,22678
A104753,22679
A100786,22679
A100041,22679
A103206,22679
A103490,22679
A100535,22679
A104902,22680
A101751,22680
A104622,22680
A102194,22680
A107215,22680
A104136,22681
A106024,22681
A106635,22681
A101392,22682
A105704,22682
A101678,22682
A106328,22682
A105380,22682
A106086,22682
A102874,34912
A101374,34912
A101814,34912
A103080,34913
A103114,34913
A101671,34913
A103831,34913
A101199,34913
A100128,34914
A100745,34914
A106961,34914
A100438,34914
A100256,34915
A101779,34915
A104018,34915
A104206,34915
A100476,34915
A103849,34915
A100610,34916
A106127,34916
A103014,34916
A105348,34916
A103567,34916
A102967,34917
A103397,34917
A102342,34917
A102624,34918
A102849,34918
A104611,34918
A104557,34918
A101647,34918
A106949,34918
A102367,34919
A104886,34919
A102759,34919
A105038,34920
A102106,34920
A104945,34920
A104887,34920
A101866,34921
A105907,34921
A104692,34921
A101686,34921
A102416,34921
A103618,34921
A106632,44844
A103280,44844
A104636,44844
A102887,44844
A102664,44844
A100845,44844
A101250,44845
A101383,44845
A106167,44845
A103847,44846
A105673,44846
A102542,44846
A101517,44846
A102743,44846
A107042,44846
A101893,44847
A100007,44847
A100729,44847
A107152,44847
A106193,44847
A104780,44848
A105843,44848
A101165,44848
A102020,44848
A103510,44848
A107027,44849
A104726,44849
A106705,44849
A102439,44849
A100766,44850
A103858,44850
A103420,44850
A104048,44850
A102438,44850
A101828,44851
A103749,44851
A105293,44851
A103303,44851
A100301,54026
A105225,54026
A103316,54026
A104292,54027
A105319,54027
A103558,54027
A103570,54028
A103245,54028
A100095,54028
A102716,54028
A101046,54029
A100244,54029
A100661,54029
A102972,54029
A106618,54029
A103445,54030
A104764,54030
A103064,54030
A105723,54030
A105757,54030
A100774,54031
A101351,54031
A101949,54031
A106416,54031
A103049,54032
A100657,54032
A101730,54032
A106436,54032
A104242,54033
A105506,54033
A105891,54033
A104974,54034
A105026,54034
A103742,54034
A104941,54034
A101810,54035
A100311,54035
A104687,54035
A107110,54035
A101748,54035
A106487,54036
A106292,54036
A101087,54036
A102155,54036
A101672,72880
A105052,72880
A102970,72880
A104336,72880
A104279,72881
A103511,72881
A104935,72881
A105305,72881
A101623,72882
A103688,72882
A106649,72882
A101191,72883
A106246,72883
A102647,72883
A100246,72883
A102370,72884
A106010,72884
A101288,72884
A106664,72884
A105084,72884
A103797,72884
A101822,72885
A104418,72885
A105453,72885
A105857,72885
A106082,72885
A105899,72885
A107241,83511
A106553,83511
A102516,83511
A106909,83511
A103027,83511
A106640,83511
A103163,83512
A105143,83512
A105345,83512
A100135,83512
A107003,83512
A106667,83513
A105396,83513
A104680,83513
A103448,83513
A103911,83513
A100931,83514
A105550,83514
A103044,83514
A105130,83514
A105256,83515
A104290,83515
A106411,83515
A100827,83515
A103603,83515
A101795,83515
A103807,83516
A106361,83516
A100103,83516
A105127,83517
A104484,83517
A103988,83517
A105289,83517
A102949,83517
A101047,83517
A100675,690
A105198,690
A103265,690
A103007,690
A106342,690
A104369,690
A101724,691
A104215,691
A106854,691
A105134,691
A105179,691
A101014,692
A105593,692
A101610,692
A106540,692
A101565,692
A101618,693
A102188,693
A100091,693
A103651,694
A101674,694
A100278,694
A102056,694
A101700,694
A105365,695
A101167,695
A107020,695
A106907,696
A104450,696
A106110,696
A100435,696
A103862,696
A101879,697
A101909,697
A100289,697
A106302,697
A106991,697
A104749,697
A102760,698
A101525,698
A101447,698
A105983,698
A104073,698
A101794,698
A101145,699
A107147,699
A106111,699
A104256,700
A106993,700
A103278,700
A102907,71983
A104364,71983
A101224,71983
A101061,71983
A105682,71983
A101778,71984
A101888,71984
A103559,71984
A104035,71984
A107155,71984
A101590,71985
A106381,71985
A104919,71985
A103343,71986
A103272,71986
A101719,71986
A102934,71987
A100506,71987
A100202,71987
A104862,71987
A104708,71987
A105184,71987
A103950,71988
A101639,71988
A106855,71988
A106698,71988
A101025,71988
A101000,71988
A106714,71989
A107171,71989
A106154,71989
A103809,71990
A102226,71990
A101216,71990
A105302,71990
A101201,71990
A106007,71990
A106832,71991
A103544,71991
A105825,71991
A106582,71991
A101860,71992
A103121,71992
A100321,71992
A102112,71992
A103780,71992
A100270,71993
A105011,71993
A100082,71993
A101978,71993
A101824,71993
A103631,71993
A103041,71994
A101407,71994
A102828,71994
A102094,71994
A105433,54388
A103186,54388
A101024,54388
A101775,54389
A100477,54389
A101849,54389
A105009,54389
A106338,54389
A101470,54389
A103583,54390
A101522,54390
A100499,54390
A101221,54391
A101084,54391
A102734,54391
A102517,54391
A101587,54391
A106634,54392
A100028,54392
A102867,54392
A104730,54393
A107122,54393
A104082,54393
A107244,54393
A104800,54394
A103659,54394
A100843,54394
A104113,54395
A101312,54395
A104176,54395
A104899,54395
A100735,54396
A102262,54396
A105545,54396
A106476,54396
A103237,54396
A103857,54396
A103498,83731
A101091,83731
A103617,83731
A102594,83731
A103235,83731
A102787,83731
A102203,83732
A105514,83732
A102346,83732
A106418,83732
A106327,83733
A102847,83733
A106390,83733
A105043,83733
A107049,83733
A105604,83734
A103353,83734
A103606,83734
A106747,83734
A102494,83734
A104028,83735
A103565,83735
A105665,83735
A105695,83735
A105508,83735
A101266,83736
A106344,83736
A102222,83736
A106766,83736
A102236,83736
A101921,83736
A104217,83737
A104674,83737
A107133,83737
A104085,83737
A106916,83737
A101345,83737
A101841,83738
A105992,83738
A103560,83738
A103415,83738
A104195,83738
A106688,83739
A104323,83739
A100497,83739
A104261,11940
A103992,11940
A102014,11940
A100382,11940
A103661,11940
A106732,11941
A104863,11941
A106600,11941
A105900,11942
A106064,11942
A101547,11942
A100113,11942
A100009,11942
A100888,11943
A101094,11943
A106937,11943
A105477,11944
A103297,11944
A102518,11944
A103357,11944
A100517,11944
A103763,11944
A102957,11945
A105296,11945
A104678,11945
A101761,11945
A104499,11945
A101665,11946
A102953,11946
A103525,11946
A104433,11946
A101215,11946
A100159,11947
A103374,11947
A103324,11947
A106946,11947
A103351,11948
A105034,11948
A105864,11948
A106073,11948
A106571,11948
A106958,11949
A106366,11949
A101359,11949
A101338,22959
A104510,22959
A100252,22959
A104545,22959
A105323,22960
A100708,22960
A101284,22960
A100776,22960
A102738,22960
A101413,22961
A101984,22961
A106742,22961
A101204,22961
A105181,22961
A100991,22962
A106494,22962
A105895,22962
A103840,22962
A100462,22962
A100038,22962
A106733,22963
A104059,22963
A105527,22963
A104583,22963
A102395,22964
A103955,22964
A107165,22964
A104071,22965
A105865,22965
A101513,22965
A106244,22965
A102756,22965
A105337,22966
A104477,22966
A104228,22966
A105492,22966
A106541,22966
A104009,22966
A106191,22967
A101412,22967
A102485,22967
A102975,22967
A103747,22967
A104723,22968
A100494,22968
A101975,22968
A104135,22968
A104772,22969
A100844,22969
A100669,22969
A105321,22970
A106599,22970
A103127,22970
A107178,22970
A102111,22970
A107067,22970
A102463,22971
A106159,22971
A100976,22971
A103412,22971
A106514,22971
A100989,22972
A104725,22972
A103994,22972
A100016,26341
A100597,26341
A107210,26341
A104870,26341
A104274,26341
A105530,26342
A100307,26342
A103839,26342
A107224,26342
A100530,26342
A101064,26343
A104590,26343
A104240,26343
A102798,26343
A100678,26344
A100785,26344
A103869,26344
A105824,26344
A103738,26345
A105220,26345
A102243,26345
A103099,26345
A102668,26345
A103396,26346
A101134,26346
A100395,26346
A101704,26346
A105402,26346
A101021,26346
A104544,26347
A104700,26347
A104029,26347
A105393,26347
A103320,26348
A102942,26348
A105840,26348
A103865,26348
A104381,26349
A107007,26349
A101384,26349
A103959,26349
A101747,52695
A105242,52695
A101654,52695
A107225,52695
A101226,52696
A106143,52696
A105846,52696
A102567,52697
A102008,52697
A105219,52697
A105780,52697
A107095,52697
A101423,52698
A102362,52698
A105724,52698
A100736,52699
A102308,52699
A106311,52699
A102471,52700
A104638,52700
A102216,52700
A100335,52700
A101961,52700
A100613,52701
A103318,52701
A103673,52701
A102767,52701
A105374,52702
A105212,52702
A102325,52702
A106625,52702
A105833,52702
A105595,52702
A101027,52847
A106188,52847
A104556,52847
A103810,52847
A100104,52848
A106088,52848
A100741,52848
A100434,52848
A100378,52849
A105599,52849
A105626,52849
A106764,52849
A106000,52850
A103984,52850
A104964,52850
A104213,52850
A107035,52851
A103461,52851
A101329,52851
A106206,52851
A104512,52851
A101743,52851
A105829,52852
A103352,52852
A100962,52852
A105522,52853
A102564,52853
A101918,52853
A101508,52853
A104792,52853
A107076,52853
A105710,55497
A102331,55497
A105425,55497
A106317,55497
A107223,55497
A102507,55498
A102219,55498
A101676,55498
A103660,55498
A105311,55499
A100547,55499
A106576,55499
A103398,55499
A100919,55499
A100098,55499
A100063,55500
A104100,55500
A106604,55500
A102808,55500
A103888,55500
A101068,55501
A103564,55501
A107064,55501
A105719,55501
A107194,55501
A103899,55501
A105707,55502
A100692,55502
A101132,55502
A102405,55502
A102697,55503
A106259,55503
A103504,55503
A103171,55503
A105022,55504
A102335,55504
A102089,55504
A102911,55504
A104865,55504
A101484,55505
A102497,55505
A101016,55505
A106648,55505
A102747,55505
A104721,55505
A105412,38719
A105837,38719
A102709,38719
A104672,38719
A103989,38720
A101414,38720
A103440,38720
A105660,38720
A100127,38720
A100277,38721
A103796,38721
A103881,38721
A101546,38721
A102228,38721
A104603,38721
A102063,38722
A105147,38722
A106841,38722
A102253,38722
A106236,38722
A100157,38722
A102126,38723
A105678,38723
A103373,38723
A101548,38723
A100570,38723
A100929,38724
A107092,38724
A100271,38724
A102954,38724
A105594,38724
A103329,38724
A106439,38725
A104698,38725
A106336,38725
A105866,38725
A100240,38725
A102118,38725
A101586,38726
A104796,38726
A100175,38726
A103694,38726
A105168,38727
A105563,38727
A106554,38727
A104758,38727
A100453,38728
A105391,38728
A103011,38728
A104383,38728
A101898,51676
A104344,51676
A103199,51676
A101701,51676
A103645,51676
A105953,51677
A105338,51677
A100810,51677
A105656,51678
A101029,51678
A105627,51678
A102187,51678
A103863,51678
A104809,51678
A103083,51679
A104281,51679
A101806,51679
A101227,51679
A104067,51679
A101246,51680
A101127,51680
A105271,51680
A103388,51681
A104923,51681
A100759,51681
A100706,51682
A100056,51682
A106212,51682
A106319,51682
A100234,51682
A103473,51683
A103360,51683
A105526,51683
A102901,51684
A104641,51684
A106972,51684
A102300,51684
A102578,51685
A105619,51685
A105176,51685
A102233,51685
A105543,51685
A102376,51686
A101625,51686
A100223,51686
A102186,51686
A100733,51686
A103703,51686
A104094,51687
A101896,51687
A102092,51687
A104149,51687
A106480,53481
A102021,53481
A104102,53481
A103262,53481
A106074,53481
A101437,53481
A102115,53482
A102872,53482
A106354,53482
A102208,53483
A105165,53483
A105810,53483
A102783,53483
A102799,53484
A107192,53484
A100181,53484
A106130,53484
A106131,53484
A106845,53484
A101363,53485
A104977,53485
A104230,53485
A100731,53485
A100623,53485
A103072,61094
A101624,61094
A100254,61094
A103167,61095
A102514,61095
A100835,61095
A100968,61095
A103122,61095
A104415,61095
A103392,61096
A100595,61096
A100560,61096
A103106,61097
A105759,61097
A101754,61097
A106483,61097
A102552,61097
A105789,61097
A100923,61098
A104456,61098
A106820,61098
A103599,61098
A103029,61098
A100651,7646
A102073,7646
A102206,7646
A106138,7646
A107180,7647
A100847,7647
A106737,7647
A100039,7647
A102473,7647
A104205,7647
A102935,7648
A102131,7648
A100998,7648
A100305,7649
A103273,7649
A103938,7649
A106453,7649
A104711,7649
A101381,7650
A102827,7650
A102727,7650
A103746,7650
A100865,7651
A101867,7651
A103279,7651
A106861,8848
A101067,8848
A100723,8848
A104023,8848
A101891,8848
A103218,8849
A100804,8849
A102177,8849
A106821,8850
A103928,8850
A106046,8850
A103528,8850
A104237,8850
A102240,8851
A103449,8851
A103385,8851
A102549,8851
A104250,8852
A102982,8852
A103596,8852
A102091,8852
A103368,8853
A101928,8853
A105692,8853
A102114,8854
A100266,8854
A100139,8854
A104357,8854
A101970,8854
A101190,8855
A101577,8855
A105201,8855
A104608,8855
A103247,8855
A101601,8855
A106446,8856
A105819,8856
A104487,8856
A101689,8856
A104594,8857
A104445,8857
A104060,8857
A103509,8857
A101926,8857
A106152,8857
A101352,9864
A104254,9864
A102546,9864
A101759,9864
A106786,9864
A106310,9864
A104719,9865
A100936,9865
A105080,9865
A101733,9866
A100922,9866
A102591,9866
A102916,9867
A106314,9867
A106084,9867
A106876,9868
A104508,9868
A103062,9868
A105618,9868
A101158,9868
A105672,9869
A106294,9869
A102662,9869
A104297,9869
A101164,9870
A101527,9870
A104037,9870
A104733,9870
A100042,26140
A105998,26140
A104913,26140
A102744,26140
A103834,26140
A101993,26140
A101401,26141
A105333,26141
A105104,26141
A101578,26142
A104522,26142
A104310,26142
A105681,26142
A104437,26142
A106505,26143
A102337,26143
A106860,26143
A104021,26143
A104378,26144
A102765,26144
A103327,26144
A106165,26144
A100250,26144
A101765,26145
A107106,26145
A101771,26145
A101495,26146
A102045,26146
A101621,26146
A103447,36548
A104582,36548
A100397,36548
A106729,36548
A102247,36549
A100538,36549
A104058,36549
A104751,36549
A100216,36549
A100072,36549
A107057,36550
A102607,36550
A105580,36550
A106080,36550
A100885,36550
A106407,36550
A100239,36551
A100485,36551
A103778,36551
A106362,36552
A101787,36552
A107267,36552
A106273,36553
A101121,36553
A105863,36553
A102011,36553
A104952,36553
A105623,36553
A103253,36554
A103251,36554
A104892,36554
A103298,36555
A102301,36555
A104976,36555
A104864,36555
A102829,36556
A100111,36556
A100186,36556
A103781,36556
A103268,49053
A103477,49053
A100495,49053
A101685,49053
A106320,49053
A103105,49054
A105013,49054
A104696,49054
A106223,49054
A101539,49054
A100253,49054
A103600,49055
A106185,49055
A105652,49055
A106312,49056
A102584,49056
A100449,49056
A106301,49056
A106097,49056
A105503,55482
A105343,55482
A100760,55482
A100629,55482
A105964,55483
A104127,55483
A105263,55483
A104075,55483
A105424,55483
A101604,55483
A100213,55484
A106655,55484
A100963,55484
A101711,55484
A106114,55485
A106192,55485
A103091,55485
A100616,55486
A101852,55486
A101245,55486
A103762,55486
A105349,55486
A106566,55487
A102933,55487
A101257,55487
A105761,55488
A106153,55488
A107073,55488
A103717,58805
A104062,58805
A107116,58805
A100475,58805
A102825,58805
A103201,58805
A106307,58806
A103889,58806
A104253,58806
A102097,58806
A100627,58806
A104039,58806
A100227,58807
A103521,58807
A106700,58807
A104853,58808
A102158,58808
A102231,58808
A102039,58808
A106254,58808
A100187,58808
A101301,58809
A106546,58809
A101687,58809
A105916,58809
A106517,58809
A100917,58810
A107139,58810
A102630,58810
A100292,58810
A102380,58810
A103925,58811
A106248,58811
A104146,58811
A100943,58812
A105065,58812
A106498,58812
A106690,58812
A104488,58812
A105658,58813
A101783,58813
A105367,58813
A100092,61546
A100696,61546
A103967,61546
A106853,61546
A105699,61546
A105828,61547
A106684,61547
A100441,61547
A104006,61547
A103266,61548
A105128,61548
A103531,61548
A106228,61549
A101912,61549
A101241,61549
A103623,61549
A100770,61549
A101694,61550
A105703,61550
A105956,61550
A104600,61550
A103215,61551
A102629,61551
A101574,61551
A101777,71177
A105494,71177
A100574,71177
A107014,71177
A104203,71177
A100295,71178
A104834,71178
A104716,71178
A105538,71178
A100882,71178
A104688,71179
A106744,71179
A101542,71179
A101292,71179
A102952,71180
A102474,71180
A103376,71180
A106794,71180
A103111,71180
A104738,71180
A100575,71181
A105827,71181
A104327,71181
A105281,71181
A104464,71181
A104555,71181
A100415,71182
A104934,71182
A104306,71182
A105063,71182
A101333,71183
A100281,71183
A104591,71183
A102501,71183
A104850,71184
A102375,71184
A100755,71184
A100323,71185
A106759,71185
A100684,71185
A104116,71185
A101669,71185
A105797,71185
A105700,71186
A106550,71186
A105072,71186
A101355,79086
A106334,79086
A100212,79086
A101234,79086
A100954,79086
A106291,79087
A100950,79087
A101052,79087
A106875,79087
A106801,79088
A104043,79088
A101520,79088
A100714,79089
A107201,79089
A104479,79089
A103502,79089
A103782,79090
A101440,79090
A107203,79090
A103542,79103
A105106,79103
A105616,79103
A106917,79103
A104921,79103
A101755,79104
A101655,79104
A100562,79104
A103874,79104
A103005,79104
A106689,79105
A104115,79105
A107245,79105
A101910,79105
A105979,79105
A106070,79105
A102478,79106
A101670,79106
A100932,79106
A106403,79106
A100712,79106
A104868,79106
A104535,79107
A100707,79107
A100066,79107
A106948,79107
A102477,79107
A102661,79108
A101260,79108
A101938,79108
A105369,18077
A106557,18077
A101116,18077
A107157,18077
A102071,18078
A104978,18078
A103919,18078
A102312,18078
A100220,18078
A105795,18079
A100500,18079
A104654,18079
A104775,18079
A102596,18079
A104683,18080
A103917,18080
A102896,18080
A101349,18081
A106716,18081
A106777,18081
A102963,18081
A100317,18081
A104519,18082
A100725,18082
A105869,18082
A106530,18082
A101442,18082
A100739,18083
A102052,18083
A106773,18083
A100180,18084
A106438,18084
A106506,18084
A105275,18084
A102372,18084
A101913,32700
A106987,32700
A106331,32700
A101640,32700
A106796,32700
A101416,32700
A105752,32701
A106035,32701
A100078,32701
A102340,32701
A102330,32701
A106044,32701
A101380,32702
A106437,32702
A100750,32702
A105926,32702
A101411,32702
A101982,32702
A105596,32703
A102968,32703
A105970,32703
A101544,32703
A100464,32703
A102459,32703
A101159,32704
A104480,32704
A106345,32704
A105985,32704
A104201,32704
A100210,32705
A101658,32705
A103794,32705
A102146,32705
A105103,32706
A106267,32706
A103159,32706
A105166,32706
A103879,32706
A101110,32706
A105446,32707
A106609,32707
A106467,32707
A100330,32707
A101675,32707
A106584,32707
A100491,32708
A101220,32708
A102618,32708
A106709,32708
A105820,32708
A102419,32709
A104025,32709
A103065,32709
A102452,32709
A100758,32709
A101515,32710
A105814,32710
A106693,32710
A104999,45693
A100549,45693
A100788,45693
A102566,45693
A105325,45693
A103230,45693
A106680,45694
A106220,45694
A106347,45694
A101343,45695
A104101,45695
A105285,45695
A104338,45695
A106337,45695
A105478,45695
A103712,45696
A100505,45696
A106627,45696
A101174,45696
A103006,45697
A107044,45697
A106054,45697
A101073,45697
A102563,45697
A105649,45698
A101314,45698
A102826,45698
A105113,45698
A101837,45698
A104580,45699
A100608,45699
A102344,45699
A102986,72780
A104210,72780
A102460,72780
A100939,72781
A103629,72781
A100679,72781
A105173,72781
A105816,72781
A104613,72782
A101097,72782
A103168,72782
A105154,72782
A105638,72782
A107151,72783
A105312,72783
A102655,72783
A102806,72783
A100208,72783
A103013,72784
A103038,72784
A104669,72784
A105010,72784
A102811,72784
A104655,72784
A102790,72785
A104052,72785
A102895,72785
A102423,72785
A105470,72785
A104762,72785
A105708,72786
A106967,72786
A103015,72786
A105087,72786
A105407,72787
A103534,72787
A104981,72787
A102996,72787
A103120,72787
A102611,72787
A100580,72788
A103774,72788
A106282,72788
A104190,72788
A101357,72788
A104022,72789
A106864,72789
A105373,72789
A105209,72789
A101059,72789
A100173,72789
A103755,72790
A103307,72790
A107062,72790
A101619,7062
A106620,7062
A102295,7062
A103744,7062
A101693,7062
A101789,7063
A106706,7063
A102998,7063
A100958,7063
A100138,7063
A105518,7063
A104430,7064
A100312,7064
A100620,7064
A106349,7064
A104490,7064
A102625,7065
A100436,7065
A105116,7065
A104503,7066
A103475,7066
A102915,7066
A102029,7067
A101833,7067
A104458,7067
A101177,7067
A103079,7067
A106219,7067
A107053,7068
A104086,7068
A104133,7068
A105909,7068
A107126,7068
A100961,66867
A105683,66867
A106806,66867
A104191,66867
A104717,66868
A102006,66868
A101846,66868
A100386,66869
A105885,66869
A101054,66869
A100697,66869
A100484,66870
A101690,66870
A102646,66870
A104871,66870
A104547,66870
A105211,66870
A100196,66871
A103379,66871
A107084,66871
A100260,66872
A102249,66872
A103454,66872
A101307,66872
A102285,66873
A106800,66873
A104856,66873
A104773,10079
A102562,10079
A102144,10079
A105037,10079
A105549,10080
A101959,10080
A101324,10080
A103467,10080
A105400,10080
A100086,10081
A100237,10081
A106952,10081
A105648,10081
A103811,10081
A104379,10082
A102885,10082
A102705,10082
A104933,10082
A104459,10082
A102321,10082
A101335,10083
A105650,10083
A100577,10083
A105108,10084
A101460,10084
A105830,10084
A101535,10084
A101697,49057
A101869,49057
A106829,49057
A104091,49057
A103532,49057
A105497,49057
A106112,49058
A102167,49058
A105498,49058
A104218,49058
A102281,49058
A102433,49059
A100083,49059
A104986,49059
A103113,49059
A102812,49059
A106445,49060
A103202,49060
A104322,49060
A101907,49060
A107001,49060
A105283,49060
A103274,49061
A102338,49061
A106425,49061
A105223,49062
A103451,49062
A104782,49062
A106461,49062
A102946,42594
A100566,42594
A104402,42594
A104570,42594
A103904,42594
A103404,42595
A100851,42595
A100854,42595
A107220,42595
A100316,42595
A105318,42595
A103753,42596
A103685,42596
A106518,42596
A104741,42596
A101826,42596
A105602,42597
A105737,42597
A106469,42597
A105951,42597
A104944,42597
A104269,42598
A103363,42598
A102378,42598
A102766,42598
A102803,42599
A102712,42599
A101248,42599
A105954,42600
A106252,42600
A100342,42600
A102085,42601
A106460,42601
A101337,42601
A105809,42601
A102557,83568
A100185,83568
A103671,83568
A106636,83568
A106683,83568
A102821,83568
A104511,83569
A101394,83569
A101036,83569
A106757,83569
A105482,83569
A105210,83569
A106106,83570
A101807,83570
A103787,83570
A106356,83571
A101030,83571
A100498,83571
A101788,83571
A103848,83571
A107038,83572
A105781,83572
A102920,83572
A104347,83572
A102782,83572
A101744,83573
A107221,83573
A102086,83573
A100458,83573
A100299,83573
A106284,83573
A105847,4560
A105278,4560
A104093,4560
A103710,4560
A106874,4561
A106588,4561
A101057,4561
A105327,4561
A101580,4561
A101421,4562
A103483,4562
A102802,4562
A101988,4562
A103934,4562
A103016,4562
A105769,4563
A105215,4563
A106199,4563
A106179,4563
A106662,4564
A102842,4564
A105187,4564
A105224,4565
A102178,4565
A101817,4565
A106749,4565
A101864,4566
A107112,4566
A105454,4566
A107195,4567
A103331,4567
A100059,4567
A106089,4567
A100655,4567
A103585,4567
A102200,16381
A106808,16381
A101855,16381
A104596,16381
A103676,16382
A103957,16382
A104143,16382
A100051,16382
A101225,16382
A101992,16382
A105917,16383
A100238,16383
A107134,16383
A106052,16384
A103790,16384
A104335,16384
A101179,16384
A103860,16384
A101524,16385
A102768,16385
A106371,16385
A105434,16385
A105754,16385
A104436,16386
A103501,16386
A107206,16386
A103188,16387
A104465,16387
A103936,16387
A106135,16387
A103625,16387
A107173,16388
A101038,16388
A102400,16388
A103575,16388
A104284,16388
A103126,31903
A103543,31903
A101703,31903
A100137,31903
A101305,31904
A106109,31904
A107093,31904
A107006,31904
A106181,31905
A106009,31905
A106493,31905
A100746,31905
A103770,31905
A104550,31906
A107041,31906
A105053,31906
A106672,31906
A101372,31907
A105525,31907
A106879,31907
A101804,31908
A105487,31908
A100649,31908
A101986,31908
A100364,31909
A101262,31909
A107198,31909
A100294,31909
A103678,31910
A102347,31910
A104363,31910
A106887,31910
A105674,38911
A101280,38911
A104108,38911
A104397,38911
A101438,38911
A102540,38911
A106235,38912
A104308,38912
A104962,38912
A105855,38913
A104827,38913
A103195,38913
A102232,38913
A105025,38913
A106833,38914
A107137,38914
A100339,38914
A104784,38914
A103545,38914
A103123,38915
A104426,38915
A105774,38915
A104286,38915
A105429,38915
A101403,38915
A100622,47236
A101142,47236
A102773,47236
A101441,47236
A104278,47237
A105575,47237
A104513,47237
A107000,47238
A105148,47238
A101353,47238
A100235,47239
A104283,47239
A100654,47239
A102428,47239
A106827,47239
A105805,47240
A102671,47240
A103547,47240
A102897,47240
A101897,47240
A103085,47240
A103287,47241
A104207,47241
A102714,47241
A104183,47241
A107059,47241
A105100,47241
A102840,47242
A102447,47242
A105709,47242
A102612,47242
A100635,47242
A103409,47242
A103236,47243
A100389,47243
A106536,47243
A106211,47243
A104420,47243
A103999,47243
A104567,47244
A101523,47244
A106942,47244
A104460,3483
A104026,3483
A100117,3483
A105722,3483
A104453,3484
A101717,3484
A100626,3484
A105124,3484
A101065,3484
A100861,3485
A106606,3485
A106551,3485
A100513,3486
A107058,3486
A101540,3486
A103427,3486
A102884,3486
A103740,3486
A102443,3487
A102328,3487
A101326,3487
A105314,3487
A107128,3487
A103390,3487
A104398,3488
A100552,3488
A104030,3488
A106147,3488
A105861,3488
A105329,3489
A106622,3489
A101443,3489
A105531,3489
A103604,3490
A106856,3490
A101746,3490
A100433,3490
A102032,3491
A101976,3491
A102453,3491
A105207,3491
A103682,24168
A101069,24168
A105788,24168
A101075,24168
A100287,24168
A103102,24168
A100836,24169
A101901,24169
A102589,24169
A107097,24170
A100247,24170
A107230,24170
A102067,24171
A105024,24171
A102746,24171
A103431,24171
A105384,24172
A100231,24172
A103812,24172
A106646,24172
A100508,24172
A107109,24173
A101966,24173
A105744,24173
A101083,24173
A105777,24174
A101114,24174
A103293,24174
A106580,24174
A104541,24175
A103355,24175
A102950,24175
A100572,24175
A100973,24175
A103335,24176
A102862,24176
A105481,24176
A106457,24176
A105888,24177
A103456,24177
A101985,24177
A104948,24177
A103920,24177
A102413,41272
A106452,41272
A102345,41272
A104325,41272
A106893,41272
A107219,41273
A106883,41273
A101254,41273
A100908,41274
A100222,41274
A104938,41274
A104226,41274
A102041,41274
A103087,41275
A102057,41275
A101710,41275
A104763,41275
A105720,41276
A100524,41276
A105435,41276
A102726,41276
A103716,41276
A105696,41277
A101490,41277
A103563,41277
A104932,41277
A102689,41278
A105662,41278
A100026,41278
A103407,41278
A101745,41278
A105668,41279
A104761,41279
A105914,41279
A101115,41280
A105000,41280
A100946,41280
A100034,41280
A102274,66300
A101930,66300
A100567,66300
A102415,66300
A106213,66301
A103702,66301
A102113,66301
A104200,66301
A102698,66302
A102283,66302
A102401,66302
A102708,66302
A103855,66302
A103776,66303
A104298,66303
A104438,66303
A104830,66304
A103727,66304
A105068,66304
A105317,66305
A104247,66305
A104124,66305
A105076,66306
A103505,66306
A106872,66306
A107080,71348
A103653,71348
A103471,71348
A101482,71348
A106817,71348
A105091,71349
A101180,71349
A106558,71349
A102819,71349
A102223,71350
A106624,71350
A100388,71350
A104385,71350
A102752,71350
A104088,71350
A101500,71351
A103752,71351
A100643,71351
A103520,71352
A102148,71352
A100660,71352
A101476,71352
A107205,71352
A106507,71352
A103886,71353
A105588,71353
A102064,71353
A104486,71353
A105906,71353
A103946,71354
A100849,71354
A103732,71354
A102030,71354
A104783,71354
